step,amount,oldbalanceOrg,newbalanceOrig,oldbalanceDest,newbalanceDest,type,recipient_txn_count_before,sender_recipient_count_before,isFraud
595,20098.37,12827.0,0.0,0.0,0.0,PAYMENT,0,0,0
688,319631.0,0.0,0.0,1312600.17,1632231.17,CASH_OUT,1,0,0
595,197651.28,5325396.07,5523047.35,3387741.59,3190090.3,CASH_IN,22,0,0
596,2300.36,21133.0,18832.64,0.0,0.0,PAYMENT,0,0,0
687,56084.36,0.0,0.0,2510372.58,2566456.94,CASH_OUT,22,0,0
714,684291.78,9544.0,0.0,2245270.98,2929562.76,TRANSFER,16,0,0
687,43764.51,0.0,0.0,375941.49,419706.01,CASH_OUT,6,0,0
656,141823.25,0.0,0.0,587983.72,729806.97,CASH_OUT,2,0,0
640,177.38,20948.0,20770.62,0.0,0.0,PAYMENT,0,0,0
598,5411.31,0.0,0.0,0.0,0.0,PAYMENT,0,0,0
667,296472.16,10936681.83,11233153.99,1150939.38,854467.22,CASH_IN,11,0,0
684,418778.16,109609.0,528387.16,159127.85,0.0,CASH_IN,2,0,0
644,11466.67,2771.0,0.0,0.0,0.0,PAYMENT,0,0,0
690,17839.32,0.0,0.0,0.0,0.0,PAYMENT,0,0,0
596,2177.75,124.0,0.0,13586576.86,13588754.61,DEBIT,37,0,0
595,304719.19,0.0,0.0,398548.84,703268.02,CASH_OUT,1,0,0
683,28016.07,41453.06,13436.99,0.0,0.0,PAYMENT,0,0,0
686,223881.14,69593.0,0.0,0.0,223881.14,CASH_OUT,1,0,0
612,7875.64,26769.0,18893.36,0.0,0.0,PAYMENT,0,0,0
596,8948.78,20128.0,11179.22,0.0,0.0,PAYMENT,0,0,0
596,101592.24,51762.0,153354.24,414381.45,312789.21,CASH_IN,7,0,0
661,448080.12,39724.0,0.0,0.0,448080.12,CASH_OUT,0,0,0
670,11292.9,925.0,0.0,0.0,0.0,PAYMENT,0,0,0
687,215995.28,94568.0,0.0,0.0,215995.28,CASH_OUT,2,0,0
710,209932.54,50426.0,260358.54,5479651.17,5269718.62,CASH_IN,23,0,0
694,70065.08,0.0,0.0,1512866.06,1582931.15,TRANSFER,5,0,0
715,133166.46,50015.0,0.0,0.0,133166.46,CASH_OUT,1,0,0
686,8781.29,252772.0,243990.71,0.0,0.0,PAYMENT,0,0,0
687,11472.0,607060.0,595588.0,0.0,0.0,PAYMENT,0,0,0
688,16029.62,0.0,0.0,0.0,0.0,PAYMENT,0,0,0
637,362482.92,273.0,0.0,93912.44,456395.36,CASH_OUT,2,0,0
595,179392.97,0.0,0.0,540865.48,720258.45,CASH_OUT,8,0,0
684,38570.53,3000431.93,3039002.45,523823.04,485252.51,CASH_IN,5,0,0
617,57893.59,6748566.33,6806459.93,92502.99,34609.4,CASH_IN,0,0,0
717,107068.88,5074.0,0.0,0.0,107068.88,CASH_OUT,1,0,0
694,8815.59,0.0,0.0,0.0,0.0,PAYMENT,0,0,0
614,35315.51,0.0,0.0,558141.8,593457.31,CASH_OUT,6,0,0
705,6555.54,160.0,0.0,0.0,0.0,PAYMENT,0,0,0
690,184863.23,0.0,0.0,1461784.03,1646647.25,TRANSFER,12,0,0
690,58227.05,2933804.12,2992031.16,120367.54,62140.49,CASH_IN,2,0,0
710,550950.91,10930.0,0.0,0.0,550950.91,TRANSFER,0,0,0
692,4844.45,0.0,0.0,0.0,0.0,PAYMENT,0,0,0
637,289667.47,0.0,0.0,3911530.02,4201197.49,TRANSFER,26,0,0
596,1673.94,523.0,0.0,0.0,0.0,PAYMENT,0,0,0
598,87439.19,5364296.8,5451736.0,372210.35,284771.16,CASH_IN,1,0,0
684,166859.07,0.0,0.0,2395455.31,2562314.38,CASH_OUT,25,0,0
688,130230.74,0.0,0.0,2318752.05,2448982.79,CASH_OUT,4,0,0
656,3289.3,12228.0,8938.7,0.0,0.0,PAYMENT,0,0,0
687,202872.01,22531.0,0.0,0.0,202872.01,CASH_OUT,0,0,0
688,63426.71,114360.0,50933.29,6701715.92,6765142.63,CASH_OUT,10,0,0
688,156230.78,0.0,0.0,575542.8,731773.58,CASH_OUT,5,0,0
683,132938.41,40439.0,0.0,0.0,132938.41,CASH_OUT,0,0,0
596,17308.19,0.0,0.0,0.0,0.0,PAYMENT,0,0,0
595,35746.37,497229.0,532975.37,186154.57,150408.19,CASH_IN,2,0,0
599,126064.35,0.0,0.0,405755.3,531819.65,CASH_OUT,2,0,0
596,104834.96,11066.0,0.0,10093655.46,10198490.42,CASH_OUT,13,0,0
670,30661.29,195183.0,225844.29,53463.52,22802.23,CASH_IN,1,0,0
597,38293.29,6698017.81,6736311.09,1672872.76,1634579.48,CASH_IN,15,0,0
688,244453.39,0.0,0.0,1885218.42,2129671.81,TRANSFER,23,0,0
637,14973.87,11249.0,0.0,0.0,0.0,PAYMENT,0,0,0
691,16167.93,64172.0,48004.07,0.0,0.0,PAYMENT,0,0,0
695,162379.56,7174483.29,7336862.85,193069.82,30690.25,CASH_IN,2,0,0
598,8518.49,72468.0,63949.51,0.0,0.0,PAYMENT,0,0,0
688,35263.19,8408.0,0.0,0.0,0.0,PAYMENT,0,0,0
619,37192.36,44711.0,7518.64,0.0,37192.36,CASH_OUT,0,0,0
595,18941.35,9024.0,27965.35,477450.32,458508.98,CASH_IN,2,0,0
687,15646.31,302.0,0.0,0.0,15646.31,CASH_OUT,0,0,0
709,9113.5,1024.0,0.0,0.0,0.0,PAYMENT,0,0,0
661,12369.95,10746.0,0.0,0.0,0.0,PAYMENT,0,0,0
690,44878.52,6608382.94,6653261.46,2090515.97,2045637.46,CASH_IN,20,0,0
690,15554.89,0.0,0.0,0.0,0.0,PAYMENT,0,0,0
686,261841.97,209248.0,0.0,442497.72,704339.7,CASH_OUT,12,0,0
715,99997.95,784.0,0.0,0.0,99997.95,CASH_OUT,0,0,0
597,9923.39,52037.0,42113.61,0.0,0.0,PAYMENT,0,0,0
681,641471.77,0.0,0.0,1808022.25,2449494.01,TRANSFER,15,0,0
656,231300.45,140401.0,0.0,0.0,231300.45,TRANSFER,0,0,0
596,117732.25,0.0,0.0,3244096.69,3361828.94,CASH_OUT,7,0,0
709,7963.18,284233.62,276270.44,0.0,0.0,PAYMENT,0,0,0
692,25326.85,697938.0,672611.15,0.0,0.0,PAYMENT,0,0,0
619,5929.63,63587.0,57657.37,103244.2,109173.84,CASH_OUT,4,0,0
595,93321.0,31914.0,0.0,1612324.69,1705645.69,CASH_OUT,5,0,0
688,55884.93,0.0,0.0,512120.97,568005.89,CASH_OUT,7,0,0
673,118553.45,8495728.02,8614281.47,2182412.91,2063859.45,CASH_IN,4,0,0
691,93340.06,13903.0,107243.06,0.0,0.0,CASH_IN,1,0,0
688,129065.74,0.0,0.0,4774235.73,4903301.47,CASH_OUT,21,0,0
612,178561.42,6477929.47,6656490.89,275917.03,97355.6,CASH_IN,2,0,0
601,2650.8,107426.0,104775.2,61669.01,64319.81,DEBIT,11,0,0
667,1285238.44,0.0,0.0,3639959.55,4925198.0,TRANSFER,12,0,0
732,417129.11,417129.11,0.0,683101.34,1100230.45,CASH_OUT,1,0,1
686,13534.29,3592.0,0.0,0.0,0.0,PAYMENT,0,0,0
661,430214.52,133742.0,0.0,13777.74,443992.26,CASH_OUT,0,0,0
686,83930.36,0.0,0.0,364996.57,448926.93,CASH_OUT,2,0,0
684,186522.95,91966.84,0.0,192055.29,378578.24,CASH_OUT,5,0,0
686,9124.64,279.0,0.0,0.0,0.0,PAYMENT,0,0,0
621,1782.14,11185.64,9403.5,0.0,0.0,PAYMENT,0,0,0
608,10661.08,10572.0,0.0,0.0,0.0,PAYMENT,0,0,0
664,2895.9,68414.0,65518.1,0.0,0.0,PAYMENT,0,0,0
621,81629.51,1.0,0.0,308353.14,389982.65,CASH_OUT,2,0,0
659,155445.09,6864294.8,7019739.89,15330550.0,15175104.91,CASH_IN,39,0,0
595,285517.1,157550.0,0.0,0.0,285517.1,CASH_OUT,1,0,0
686,228634.86,4319859.48,4548494.34,988206.47,759571.61,CASH_IN,20,0,0
656,153532.13,6661769.94,6815302.06,540369.73,386837.6,CASH_IN,8,0,0
670,86682.76,1302720.97,1389403.73,1298035.06,1211352.31,CASH_IN,9,0,0
596,94072.42,23.0,0.0,0.0,94072.42,CASH_OUT,0,0,0
595,16703.28,0.0,0.0,5443893.49,5460596.76,CASH_OUT,15,0,0
687,320740.03,15426.0,0.0,353965.29,674705.31,CASH_OUT,4,0,0
715,28036.46,60349.0,32312.54,45205.27,73241.73,CASH_OUT,1,0,0
691,6727.31,1317.0,0.0,0.0,0.0,PAYMENT,0,0,0
684,12887.12,0.0,0.0,0.0,0.0,PAYMENT,0,0,0
661,724.18,147405.0,146680.82,0.0,0.0,PAYMENT,0,0,0
644,99868.07,4752728.65,4852596.72,2290800.78,2190932.71,CASH_IN,11,0,0
681,16858.83,5038.0,0.0,210142.9,227001.73,DEBIT,2,0,0
684,200447.78,10724540.45,10924988.23,1641010.71,1440562.93,CASH_IN,10,0,0
659,155541.58,20345.0,0.0,2087380.09,2242921.68,CASH_OUT,13,0,0
688,6342.23,0.0,0.0,0.0,0.0,PAYMENT,0,0,0
684,146928.28,0.0,0.0,164196.1,311124.38,CASH_OUT,7,0,0
597,17809.18,0.0,0.0,0.0,0.0,PAYMENT,0,0,0
621,13139.84,21524.0,8384.16,0.0,13139.84,CASH_OUT,0,0,0
637,75504.33,8612.0,0.0,0.0,75504.33,CASH_OUT,0,0,0
705,589834.67,63730.33,0.0,1165381.59,1755216.27,TRANSFER,9,0,0
691,4030.19,493.0,0.0,19921.36,23951.54,DEBIT,1,0,0
610,138365.18,50857.0,189222.18,3094.11,0.0,CASH_IN,0,0,0
684,126092.87,107812.0,233904.87,537590.49,411497.62,CASH_IN,10,0,0
595,996190.58,6346.0,0.0,8165750.68,9161941.26,TRANSFER,31,0,0
688,12665.49,32206.0,19540.51,0.0,0.0,PAYMENT,0,0,0
637,53399.63,0.0,0.0,625600.62,679000.24,CASH_OUT,5,0,0
688,7076.98,0.0,0.0,0.0,0.0,PAYMENT,0,0,0
661,491818.85,0.0,0.0,1031466.79,1523285.64,TRANSFER,9,0,0
715,217920.38,11668.0,0.0,0.0,217920.38,CASH_OUT,0,0,0
681,7203.98,249348.77,242144.79,0.0,0.0,PAYMENT,0,0,0
692,204828.17,9331075.37,9535903.53,1145518.58,940690.41,CASH_IN,10,0,0
687,130506.17,13520.0,0.0,93230.27,223736.44,CASH_OUT,1,0,0
596,178257.94,0.0,0.0,939450.65,1117708.59,CASH_OUT,13,0,0
705,230096.56,0.0,0.0,1261049.86,1491146.43,CASH_OUT,6,0,0
619,231038.78,2837.0,233875.78,1529.37,0.0,CASH_IN,0,0,0
659,24004.6,1371876.06,1395880.66,390306.32,366301.72,CASH_IN,4,0,0
644,8134.41,0.0,0.0,0.0,0.0,PAYMENT,0,0,0
731,31887.18,31887.18,0.0,0.0,0.0,TRANSFER,0,0,1
596,13618.62,0.0,0.0,0.0,0.0,PAYMENT,0,0,0
694,1804.11,32486.0,30681.89,0.0,0.0,PAYMENT,0,0,0
681,10636.96,0.0,0.0,0.0,0.0,PAYMENT,0,0,0
692,278111.1,10739.0,288850.1,283716.97,5605.87,CASH_IN,1,0,0
681,10368.08,0.0,0.0,0.0,0.0,PAYMENT,0,0,0
687,435755.88,252849.51,688605.39,1326504.64,890748.76,CASH_IN,11,0,0
673,6748.77,37467.0,30718.23,0.0,0.0,PAYMENT,0,0,0
694,969106.89,0.0,0.0,3492375.99,4461482.88,TRANSFER,11,0,0
659,90439.89,21376.0,0.0,0.0,90439.89,CASH_OUT,0,0,0
596,315612.63,0.0,0.0,599918.09,915530.72,TRANSFER,6,0,0
691,387769.73,41727.0,0.0,0.0,387769.73,CASH_OUT,0,0,0
673,4273.85,123.0,0.0,0.0,0.0,PAYMENT,0,0,0
695,5010.29,31625.0,26614.71,0.0,0.0,PAYMENT,0,0,0
619,133501.34,3041.0,0.0,5809627.9,5943129.24,CASH_OUT,4,0,0
709,299261.03,16418.0,0.0,1722656.63,2021917.66,CASH_OUT,8,0,0
698,107945.23,13511.43,0.0,400272.81,508218.04,CASH_OUT,3,0,0
617,385628.69,36994.0,0.0,0.0,385628.69,TRANSFER,5,0,0
692,169570.17,25802.0,195372.17,6736.61,0.0,CASH_IN,2,0,0
596,315619.59,12750171.23,13065790.82,1293005.89,977386.3,CASH_IN,13,0,0
695,9668.18,194477.0,184808.82,0.0,0.0,PAYMENT,0,0,0
595,190061.92,68265.0,258326.92,877803.86,687741.95,CASH_IN,15,0,0
597,935.35,5004.0,4068.65,0.0,0.0,PAYMENT,0,0,0
656,64469.83,1791676.58,1856146.41,86613.05,22143.22,CASH_IN,3,0,0
710,479648.87,64436.0,544084.87,213877.69,0.0,CASH_IN,1,0,0
596,27059.3,7621432.02,7648491.32,9429017.13,9401957.84,CASH_IN,38,0,0
707,120278.52,5451.0,0.0,0.0,120278.52,CASH_OUT,1,0,0
614,1725.54,690.0,0.0,0.0,0.0,PAYMENT,0,0,0
690,12087.34,0.0,0.0,13481.64,25568.98,CASH_OUT,3,0,0
669,85112.48,6679215.57,6764328.05,31233814.66,31148702.18,CASH_IN,32,0,0
661,175501.34,198563.0,374064.34,0.0,0.0,CASH_IN,0,0,0
691,315333.94,1681250.38,1996584.31,689131.61,373797.67,CASH_IN,13,0,0
661,107472.16,1564.0,0.0,0.0,107472.16,TRANSFER,0,0,0
656,24685.56,42064.0,17378.44,134965.84,159651.4,CASH_OUT,1,0,0
595,4670.73,104013.0,99342.27,32580.42,37251.15,DEBIT,8,0,0
670,12018.98,0.0,0.0,0.0,0.0,PAYMENT,0,0,0
595,8177.81,130.0,0.0,0.0,0.0,PAYMENT,0,0,0
686,10597.71,310345.0,299747.29,4366.39,14964.1,CASH_OUT,3,0,0
598,98650.27,2052.0,0.0,0.0,98650.27,CASH_OUT,1,0,0
710,109581.29,7066.0,0.0,5163189.86,5272771.15,CASH_OUT,21,0,0
684,64959.92,58172.0,0.0,651229.41,716189.33,CASH_OUT,2,0,0
705,88538.57,9370.0,97908.57,0.0,0.0,CASH_IN,0,0,0
695,635.07,31501.0,30865.93,0.0,0.0,PAYMENT,0,0,0
709,25441.66,266.0,0.0,56747.09,82188.75,CASH_OUT,1,0,0
617,267946.91,106998.0,0.0,0.0,267946.91,CASH_OUT,0,0,0
644,62796.03,224380.0,161583.97,15550.5,78346.54,TRANSFER,1,0,0
612,427779.69,3528.0,0.0,327034.48,754814.16,TRANSFER,0,0,0
692,102831.1,682859.19,785690.29,5914728.73,5811897.62,CASH_IN,8,0,0
694,5021.66,0.0,0.0,0.0,0.0,PAYMENT,0,0,0
688,95457.45,76090.0,0.0,674841.19,770298.64,CASH_OUT,6,0,0
687,539083.47,0.0,0.0,6552222.27,7091305.74,TRANSFER,0,0,0
612,9277.02,581.0,0.0,0.0,0.0,PAYMENT,0,0,0
687,180543.35,0.0,0.0,1190344.6,1370887.96,CASH_OUT,19,0,0
684,125906.91,0.0,0.0,905855.52,1031762.44,CASH_OUT,19,0,0
688,6128.31,0.0,0.0,0.0,0.0,PAYMENT,0,0,0
684,269279.94,61563.0,0.0,6703927.75,6973207.69,CASH_OUT,36,0,0
687,10082.78,281424.26,271341.49,0.0,0.0,PAYMENT,0,0,0
691,87535.74,11451.0,0.0,0.0,87535.74,TRANSFER,4,0,0
595,12326.04,1281.0,0.0,0.0,0.0,PAYMENT,0,0,0
597,4334.08,29828.0,25493.92,0.0,0.0,PAYMENT,0,0,0
687,10858.98,0.0,0.0,0.0,0.0,PAYMENT,0,0,0
684,103585.98,58187.0,0.0,18037.78,121623.77,CASH_OUT,2,0,0
608,371990.63,0.0,0.0,464360.97,836351.6,TRANSFER,4,0,0
614,40820.93,3568893.76,3609714.69,124700.68,83879.75,CASH_IN,7,0,0
595,120810.18,4434103.73,4554913.91,226713.14,105902.96,CASH_IN,6,0,0
599,12841.7,0.0,0.0,0.0,0.0,PAYMENT,0,0,0
687,310822.72,19300.0,0.0,0.0,310822.72,CASH_OUT,0,0,0
596,228410.9,0.0,0.0,654980.33,883391.23,TRANSFER,1,0,0
710,93600.9,19818.0,0.0,0.0,93600.9,CASH_OUT,0,0,0
705,5968.22,9808.08,3839.87,0.0,0.0,PAYMENT,0,0,0
684,7794458.96,39983.0,0.0,5512581.68,13307040.63,TRANSFER,29,0,0
692,73760.96,12551.0,0.0,2163351.04,2237112.0,CASH_OUT,13,0,0
690,66643.99,66643.99,0.0,0.0,0.0,TRANSFER,0,0,1
619,13562.08,0.0,0.0,5173546.86,5187108.94,CASH_OUT,21,0,0
656,1322.01,557009.0,555686.99,0.0,0.0,PAYMENT,0,0,0
690,2081.5,466506.61,464425.11,0.0,0.0,PAYMENT,0,0,0
687,198459.18,10838.0,209297.18,0.0,0.0,CASH_IN,4,0,0
617,12729.76,63020.0,50290.24,196635.46,209365.23,TRANSFER,2,0,0
661,324637.15,16447.0,341084.15,110906.07,0.0,CASH_IN,0,0,0
670,3746.5,9022.0,5275.5,0.0,0.0,PAYMENT,0,0,0
695,4952.97,3381.0,0.0,0.0,0.0,PAYMENT,0,0,0
688,298300.05,65153.0,363453.05,0.0,0.0,CASH_IN,1,0,0
670,104066.78,51191.13,0.0,702966.93,807033.7,TRANSFER,5,0,0
642,311748.24,4279.0,316027.24,27843.39,0.0,CASH_IN,5,0,0
694,10179.07,20340.0,10160.93,0.0,0.0,PAYMENT,0,0,0
640,44527.84,446.0,44973.84,2250576.13,2206048.29,CASH_IN,22,0,0
612,170959.8,4091209.65,4262169.45,3606576.29,3435616.5,CASH_IN,25,0,0
595,9041.27,0.0,0.0,0.0,0.0,PAYMENT,0,0,0
683,117266.76,0.0,0.0,1164318.57,1281585.32,CASH_OUT,5,0,0
686,17346.16,7492.45,0.0,0.0,0.0,PAYMENT,0,0,0
667,9844.82,0.0,0.0,0.0,0.0,PAYMENT,0,0,0
596,1510.8,150142.0,148631.2,0.0,0.0,PAYMENT,0,0,0
595,57014.48,470414.92,413400.44,107246.16,164260.64,TRANSFER,6,0,0
619,37187.63,6998867.58,7036055.21,464260.75,427073.12,CASH_IN,2,0,0
705,8734.56,0.0,0.0,0.0,0.0,PAYMENT,0,0,0
686,299779.7,10311.0,310090.7,2205304.98,1905525.28,CASH_IN,14,0,0
692,153128.62,323883.0,477011.62,0.0,0.0,CASH_IN,0,0,0
612,27322.54,9959.0,0.0,5112837.36,5140159.9,CASH_OUT,40,0,0
642,222979.45,10644.0,0.0,0.0,222979.45,CASH_OUT,0,0,0
690,166396.06,100700.0,0.0,19131.49,185527.55,CASH_OUT,2,0,0
695,107334.73,9450308.14,9557642.87,259613.78,152279.05,CASH_IN,2,0,0
691,120.84,0.0,0.0,0.0,0.0,PAYMENT,0,0,0
684,453909.47,12537.0,0.0,34942.54,488852.01,CASH_OUT,0,0,0
705,7655.09,6789.0,0.0,0.0,0.0,PAYMENT,0,0,0
644,23026.69,124603.64,101576.95,0.0,0.0,PAYMENT,0,0,0
690,231196.61,35684.0,0.0,2036362.67,2267559.28,CASH_OUT,16,0,0
690,14357.64,11424.0,0.0,0.0,0.0,PAYMENT,0,0,0
688,157048.58,863.0,0.0,0.0,129984.67,CASH_OUT,9,0,0
705,254269.5,17265.0,0.0,584408.54,838678.03,CASH_OUT,3,0,0
683,139589.44,51942.0,0.0,1338106.09,1477695.52,CASH_OUT,9,0,0
670,30657.06,34838.0,4180.94,1339127.93,1369784.99,CASH_OUT,26,0,0
688,8181.1,0.0,0.0,0.0,0.0,PAYMENT,0,0,0
617,123601.47,2348064.99,2471666.46,649642.31,526040.84,CASH_IN,9,0,0
637,260611.56,0.0,0.0,345153.81,605765.37,TRANSFER,2,0,0
692,12142.79,10469.0,0.0,0.0,0.0,PAYMENT,0,0,0
669,322103.41,7100128.62,7422232.03,1765951.02,1443847.61,CASH_IN,12,0,0
596,6522.16,66811.5,60289.34,0.0,0.0,PAYMENT,0,0,0
684,10000000.0,33061.0,0.0,0.0,10345203.74,TRANSFER,0,0,0
695,14092.77,1919.0,16011.77,0.0,0.0,CASH_IN,0,0,0
690,333903.6,44596.0,0.0,9304.56,343208.16,TRANSFER,3,0,0
595,4840.65,47695.3,42854.65,0.0,0.0,PAYMENT,0,0,0
614,11676.3,8921.43,0.0,0.0,0.0,PAYMENT,0,0,0
681,219480.69,10510.0,229990.69,14180.27,0.0,CASH_IN,0,0,0
659,124276.33,11212471.31,11336747.64,287674.95,163398.61,CASH_IN,1,0,0
612,252385.32,100350.0,0.0,0.0,252385.32,CASH_OUT,7,0,0
695,7718.53,292288.49,284569.96,0.0,0.0,PAYMENT,0,0,0
661,878105.4,0.0,0.0,2844603.06,3722708.46,TRANSFER,7,0,0
687,68344.72,50041.0,118385.72,338163.05,269818.33,CASH_IN,0,0,0
661,174923.67,244174.0,419097.67,1796961.39,1622037.72,CASH_IN,6,0,0
614,145552.54,46882.0,0.0,0.0,145552.54,CASH_OUT,0,0,0
688,13699.93,20849.0,7149.07,0.0,0.0,PAYMENT,0,0,0
610,45783.19,945689.58,991472.76,1628344.62,1582561.44,CASH_IN,8,0,0
688,90097.39,0.0,0.0,2576921.42,2667018.81,CASH_OUT,19,0,0
670,142033.3,0.0,0.0,1238117.52,1380150.81,CASH_OUT,11,0,0
695,1568.61,6706.36,5137.75,0.0,0.0,PAYMENT,0,0,0
610,1597.42,10113.0,8515.58,449652.96,451250.38,CASH_OUT,6,0,0
612,9785.22,2423.61,0.0,0.0,0.0,PAYMENT,0,0,0
659,136273.48,1468466.74,1604740.23,10203885.14,10067611.66,CASH_IN,25,0,0
596,471788.38,77895.0,0.0,0.0,471788.38,TRANSFER,1,0,0
687,836.92,163896.0,163059.08,0.0,0.0,PAYMENT,0,0,0
687,295300.0,52587.0,347887.0,0.0,0.0,CASH_IN,0,0,0
659,237435.86,0.0,0.0,2929416.44,3166852.3,CASH_OUT,1,0,0
637,6998.77,59411.54,52412.76,0.0,0.0,PAYMENT,0,0,0
630,2654.76,10290.0,7635.24,0.0,0.0,PAYMENT,0,0,0
695,265668.75,793435.83,1059104.58,1173034.26,907365.51,CASH_IN,7,0,0
687,271773.39,0.0,0.0,5589566.46,5861339.85,CASH_OUT,8,0,0
595,1103.84,10174.0,9070.16,0.0,0.0,PAYMENT,0,0,0
691,15928.69,40895.0,24966.31,2088327.73,2104256.42,CASH_OUT,7,0,0
695,6074.38,12558.0,6483.62,0.0,0.0,PAYMENT,0,0,0
688,178117.56,0.0,0.0,2082551.74,2260669.31,CASH_OUT,17,0,0
686,13182.8,0.0,0.0,0.0,0.0,PAYMENT,0,0,0
688,246180.16,21447.0,0.0,297240.74,543420.9,CASH_OUT,6,0,0
692,25004.07,50544.0,25539.93,0.0,0.0,PAYMENT,0,0,0
691,129636.14,53490.0,0.0,473297.61,602933.75,CASH_OUT,2,0,0
596,70211.84,0.0,0.0,1019466.82,1089678.66,CASH_OUT,6,0,0
617,16946.03,50523.0,33576.97,0.0,0.0,PAYMENT,0,0,0
667,23132.57,11439.0,0.0,0.0,23132.57,CASH_OUT,0,0,0
599,9625.02,283.0,0.0,0.0,0.0,PAYMENT,0,0,0
642,198859.8,0.0,0.0,339110.57,537970.37,TRANSFER,12,0,0
679,5119.91,1053.0,0.0,0.0,0.0,PAYMENT,0,0,0
688,157964.52,5111.0,0.0,0.0,157964.52,CASH_OUT,0,0,0
683,1117842.24,0.0,0.0,2949384.12,4067226.36,TRANSFER,4,0,0
596,33096.3,20753.0,0.0,15953889.88,15986986.18,CASH_OUT,4,0,0
612,12607.67,0.0,0.0,0.0,0.0,PAYMENT,0,0,0
688,104064.72,176115.55,72050.83,1151007.08,1255071.8,CASH_OUT,3,0,0
659,223512.27,1577.0,225089.27,222734.17,0.0,CASH_IN,7,0,0
597,151590.22,3422153.07,3573743.29,1490158.36,1338568.14,CASH_IN,4,0,0
692,19120.78,12371.0,0.0,0.0,0.0,PAYMENT,0,0,0
692,279328.36,1164567.33,1443895.68,285295.46,5967.1,CASH_IN,11,0,0
597,153850.01,10956.0,164806.01,599917.96,446067.95,CASH_IN,4,0,0
597,114787.57,6077583.73,6192371.3,182873.47,68085.9,CASH_IN,4,0,0
681,7240.02,9046.0,1805.98,0.0,0.0,PAYMENT,0,0,0
595,15170.22,3474.0,0.0,0.0,0.0,PAYMENT,0,0,0
596,51.43,0.0,0.0,0.0,0.0,PAYMENT,0,0,0
692,111670.65,365883.0,477553.65,6600860.58,6489189.92,CASH_IN,14,0,0
661,260193.87,31264.0,0.0,0.0,260193.87,CASH_OUT,0,0,0
705,82405.49,101274.0,18868.51,0.0,82405.49,CASH_OUT,1,0,0
692,64135.24,3157273.93,3221409.16,160473.8,96338.56,CASH_IN,4,0,0
656,246566.21,48435.0,0.0,40092.36,286658.57,CASH_OUT,0,0,0
710,495271.31,69318.0,0.0,3720425.13,4215696.44,CASH_OUT,25,0,0
691,1151.64,25547.0,24395.36,0.0,0.0,PAYMENT,0,0,0
596,186965.9,4792.0,0.0,194706.29,381672.19,TRANSFER,3,0,0
705,3491.02,10207.0,6715.98,0.0,0.0,PAYMENT,0,0,0
688,3684.96,7868485.19,7872170.14,787464.71,783779.75,CASH_IN,0,0,0
644,2601.14,226520.13,223918.99,0.0,0.0,PAYMENT,0,0,0
686,401311.84,2159201.83,2560513.66,678706.21,277394.37,CASH_IN,8,0,0
691,78693.0,14364.0,93057.0,1041759.81,963066.82,CASH_IN,1,0,0
692,194229.41,918.0,0.0,670004.69,864234.1,CASH_OUT,23,0,0
692,1157.07,61968.0,60810.93,0.0,0.0,PAYMENT,0,0,0
596,178522.33,100709.0,279231.33,0.0,0.0,CASH_IN,5,0,0
612,10362.03,10322.42,0.0,0.0,0.0,PAYMENT,0,0,0
688,48406.4,31003.0,0.0,13727.3,62133.7,CASH_OUT,3,0,0
661,2519.65,5577.0,3057.35,0.0,0.0,PAYMENT,0,0,0
617,21854.97,30102.0,8247.03,0.0,0.0,PAYMENT,0,0,0
681,936.47,53718.0,52781.53,0.0,0.0,PAYMENT,0,0,0
687,4364.08,0.0,0.0,0.0,0.0,PAYMENT,0,0,0
597,14284.92,0.0,0.0,0.0,0.0,PAYMENT,0,0,0
608,106041.82,8173314.44,8279356.26,11614560.47,11508518.65,CASH_IN,0,0,0
694,17556.71,0.0,0.0,978895.85,996452.56,CASH_OUT,13,0,0
619,106166.4,160193.96,266360.36,217471.03,111304.63,CASH_IN,8,0,0
691,119993.97,7094495.5,7214489.47,1159967.72,1039973.75,CASH_IN,4,0,0
669,184117.95,205116.0,20998.05,0.0,184117.95,CASH_OUT,0,0,0
686,180106.92,33305.0,0.0,191113.52,371220.44,CASH_OUT,2,0,0
694,264.07,49583.0,49318.93,0.0,0.0,PAYMENT,0,0,0
692,420423.21,0.0,0.0,1824805.05,2245228.26,TRANSFER,16,0,0
691,155336.26,1444815.5,1600151.76,1740733.89,1585397.62,CASH_IN,19,0,0
619,170015.72,56486.0,226501.72,0.0,0.0,CASH_IN,0,0,0
695,6177.39,1243.0,0.0,0.0,0.0,PAYMENT,0,0,0
670,4916.04,13192.0,8275.96,0.0,0.0,PAYMENT,0,0,0
681,1146292.75,99992.0,0.0,0.0,1146292.75,TRANSFER,3,0,0
694,22381.98,4584.0,0.0,0.0,0.0,PAYMENT,0,0,0
681,171778.96,0.0,0.0,218090.35,389869.31,CASH_OUT,3,0,0
595,160536.99,4613850.24,4774387.23,265456.04,104919.05,CASH_IN,3,0,0
670,9179.93,5664.0,0.0,0.0,0.0,PAYMENT,0,0,0
688,14675.5,23194.28,8518.77,0.0,0.0,PAYMENT,0,0,0
661,22681.23,11352.0,0.0,4641764.89,4664446.13,CASH_OUT,16,0,0
596,140363.19,31356.0,0.0,43420.39,183783.58,CASH_OUT,1,0,0
686,243085.12,19903.0,262988.12,6851250.16,6608165.04,CASH_IN,3,0,0
715,214980.66,64636.0,279616.66,212022.4,0.0,CASH_IN,0,0,0
617,11288.75,0.0,0.0,0.0,0.0,PAYMENT,0,0,0
684,423071.85,131705.0,0.0,0.0,423071.85,CASH_OUT,4,0,0
692,9235.37,0.0,0.0,0.0,0.0,PAYMENT,0,0,0
614,9807.73,53266.0,43458.27,2382922.99,2392730.73,CASH_OUT,9,0,0
688,10862.74,118569.2,107706.47,0.0,0.0,PAYMENT,0,0,0
596,2352.01,97984.9,95632.89,0.0,0.0,PAYMENT,0,0,0
709,157496.8,736768.0,894264.8,69862.12,0.0,CASH_IN,1,0,0
681,20811.11,9560.0,0.0,0.0,0.0,PAYMENT,0,0,0
687,2472.06,206.0,0.0,0.0,0.0,PAYMENT,0,0,0
683,214182.94,8823371.25,9037554.19,3414436.67,3200253.73,CASH_IN,13,0,0
690,32084.09,92351.0,60266.91,279344.13,311428.23,CASH_OUT,7,0,0
694,1060538.62,0.0,0.0,1777486.47,2838025.1,TRANSFER,13,0,0
686,337372.02,20273.0,357645.02,171912.93,0.0,CASH_IN,7,0,0
688,173488.53,249289.13,75800.6,320625.83,494114.36,CASH_OUT,3,0,0
661,122290.4,6530903.32,6653193.72,975238.05,852947.65,CASH_IN,4,0,0
684,10176.3,0.0,0.0,0.0,0.0,PAYMENT,0,0,0
718,113826.86,99349.0,0.0,0.0,113826.86,TRANSFER,0,0,0
597,474234.97,0.0,0.0,11165453.77,11639688.73,CASH_OUT,44,0,0
691,75510.66,400762.0,476272.66,138418.07,62907.4,CASH_IN,15,0,0
619,64567.26,9150841.32,9215408.58,844919.26,780352.0,CASH_IN,5,0,0
617,357050.84,0.0,0.0,1517370.06,1874420.91,CASH_OUT,3,0,0
659,88278.89,1961195.77,2049474.65,3005930.21,2917651.32,CASH_IN,9,0,0
717,25400.92,481.0,0.0,0.0,0.0,PAYMENT,0,0,0
695,3616.68,50077.0,46460.32,0.0,0.0,PAYMENT,0,0,0
692,200139.78,699243.0,499103.22,1116639.69,1316779.46,CASH_OUT,18,0,0
661,140873.24,3538.0,144411.24,386750.44,245877.2,CASH_IN,6,0,0
692,171245.2,0.0,0.0,741701.61,912946.81,CASH_OUT,7,0,0
686,273136.74,5498343.97,5771480.71,792983.78,519847.04,CASH_IN,8,0,0
619,6639.61,0.0,0.0,0.0,0.0,PAYMENT,0,0,0
597,381073.57,486581.45,867655.01,488716.28,107642.72,CASH_IN,2,0,0
642,3600.11,0.0,0.0,0.0,0.0,PAYMENT,0,0,0
596,239276.2,0.0,0.0,944191.72,1183467.93,CASH_OUT,12,0,0
687,279573.86,2614122.76,2893696.61,396742.31,117168.46,CASH_IN,1,0,0
710,192519.81,33318.0,0.0,12501.27,205021.08,CASH_OUT,0,0,0
686,39574.04,11275.0,0.0,0.0,39574.04,CASH_OUT,4,0,0
686,429787.73,0.0,0.0,2860924.46,3290712.19,TRANSFER,2,0,0
692,8208.59,19885.0,28093.59,50894.0,0.0,CASH_IN,0,0,0
686,10630.72,181187.81,170557.09,0.0,0.0,PAYMENT,0,0,0
617,13670.27,48444.62,34774.35,0.0,0.0,PAYMENT,0,0,0
595,123619.68,6346.0,129965.68,2410600.96,2286981.28,CASH_IN,2,0,0
688,4063.81,4189.0,125.19,0.0,0.0,PAYMENT,0,0,0
596,37255.59,4212.0,41467.59,0.0,0.0,CASH_IN,0,0,0
598,375613.07,5484832.94,5860446.01,397124.97,21511.9,CASH_IN,3,0,0
705,42905.2,51681.0,8775.8,0.0,0.0,PAYMENT,0,0,0
690,773938.91,0.0,0.0,1828077.16,2602016.07,TRANSFER,20,0,0
690,77195.68,50175.0,127370.68,401174.07,323978.39,CASH_IN,1,0,0
596,381247.3,381247.3,0.0,392496.79,773744.09,CASH_OUT,6,0,1
617,22943.34,163126.0,140182.66,0.0,0.0,PAYMENT,0,0,0
596,63107.15,69526.0,6418.85,0.0,63107.15,CASH_OUT,0,0,0
688,7383.69,2301003.91,2308387.61,141025.39,133641.7,CASH_IN,1,0,0
617,19375.36,246944.0,227568.64,1494720.18,1514095.54,TRANSFER,12,0,0
595,94848.43,24564.0,0.0,740295.2,835143.64,CASH_OUT,11,0,0
610,15701.28,7570766.16,7586467.43,48991.67,33290.39,CASH_IN,0,0,0
595,36424.22,561221.0,524796.78,123829.6,160253.82,CASH_OUT,2,0,0
688,20497.72,0.0,0.0,0.0,0.0,PAYMENT,0,0,0
684,41376.86,2077.0,0.0,0.0,0.0,PAYMENT,0,0,0
599,3707.75,2049.0,0.0,0.0,0.0,PAYMENT,0,0,0
705,232838.33,22073.0,0.0,103785.06,336623.39,CASH_OUT,0,0,0
692,1192744.37,0.0,0.0,2901331.34,4094075.71,TRANSFER,20,0,0
687,313510.85,0.0,0.0,787859.8,1101370.65,CASH_OUT,8,0,0
690,14735.97,0.0,0.0,7311447.51,7326183.48,CASH_OUT,30,0,0
595,148888.57,1254104.44,1402993.0,272663.11,123774.54,CASH_IN,1,0,0
617,357184.05,18928.0,0.0,0.0,357184.05,CASH_OUT,0,0,0
715,296076.87,151828.0,0.0,729036.55,1025113.42,CASH_OUT,16,0,0
691,4003.72,110306.24,106302.52,0.0,0.0,PAYMENT,0,0,0
686,24598.11,117732.41,93134.3,0.0,0.0,PAYMENT,0,0,0
661,1847.81,0.0,0.0,0.0,0.0,PAYMENT,0,0,0
695,14929.44,0.0,0.0,0.0,0.0,PAYMENT,0,0,0
687,232865.71,0.0,0.0,298770.1,531635.81,CASH_OUT,10,0,0
598,190463.2,82996.0,0.0,0.0,190463.2,TRANSFER,0,0,0
683,197944.87,20229.0,218173.87,0.0,0.0,CASH_IN,0,0,0
596,30940.08,18556.0,0.0,0.0,30940.08,CASH_OUT,10,0,0
715,6748.25,1215.0,0.0,0.0,0.0,PAYMENT,0,0,0
595,91481.48,14549.0,106030.48,0.0,0.0,CASH_IN,0,0,0
681,20555.06,39835.68,19280.62,0.0,0.0,PAYMENT,0,0,0
687,279802.78,0.0,0.0,596387.41,876190.19,CASH_OUT,2,0,0
683,5116.72,91005.14,85888.42,0.0,0.0,PAYMENT,0,0,0
661,400469.58,0.0,0.0,2970341.49,3370811.08,TRANSFER,8,0,0
681,35526.26,0.0,0.0,2050680.47,2086206.73,CASH_OUT,9,0,0
596,69824.46,28126.0,0.0,48159.47,117983.93,CASH_OUT,5,0,0
694,23377.47,11094.0,0.0,0.0,0.0,PAYMENT,0,0,0
596,207698.51,682791.26,890489.77,1911765.14,1704066.63,CASH_IN,12,0,0
688,32838.51,47239.0,14400.49,0.0,0.0,PAYMENT,0,0,0
640,4830.74,20285.0,15454.26,0.0,0.0,PAYMENT,0,0,0
608,16818.7,0.0,0.0,0.0,0.0,PAYMENT,0,0,0
690,39181.0,0.0,0.0,544898.26,584079.25,CASH_OUT,12,0,0
619,91738.23,21372.0,0.0,9749.83,101488.06,CASH_OUT,1,0,0
670,15993.49,70256.0,54262.51,0.0,0.0,PAYMENT,0,0,0
686,9052.47,0.0,0.0,0.0,0.0,PAYMENT,0,0,0
637,109407.52,3947790.55,4057198.08,306954.45,197546.92,CASH_IN,3,0,0
710,234597.45,20557.0,0.0,122166.89,356764.34,CASH_OUT,2,0,0
688,271909.3,5352.0,0.0,2553861.31,2825770.61,CASH_OUT,4,0,0
688,160231.62,39626.0,0.0,2958371.82,3118603.44,CASH_OUT,27,0,0
612,205599.89,59448.0,0.0,7692.48,213292.36,CASH_OUT,0,0,0
596,190578.61,0.0,0.0,335622.81,526201.43,CASH_OUT,4,0,0
625,3020974.53,3020974.53,0.0,0.0,0.0,TRANSFER,0,0,1
681,6240.12,0.0,0.0,0.0,0.0,PAYMENT,0,0,0
673,385663.42,11505182.31,11890845.73,469911.81,84248.39,CASH_IN,3,0,0
621,159366.33,19679.0,0.0,2195915.79,2355282.11,CASH_OUT,15,0,0
617,3219.24,0.0,0.0,0.0,0.0,PAYMENT,0,0,0
692,245526.62,0.0,0.0,1844349.84,2089876.47,CASH_OUT,4,0,0
684,717.74,0.0,0.0,0.0,0.0,PAYMENT,0,0,0
687,265443.25,5808.0,271251.25,1072931.56,807488.32,CASH_IN,9,0,0
687,1375097.82,9034.0,0.0,26546.35,1401644.17,TRANSFER,3,0,0
681,20086.96,25555.0,5468.04,71147.82,91234.79,CASH_OUT,1,0,0
694,43525.55,1334913.7,1378439.25,55745.44,12219.89,CASH_IN,5,0,0
687,38459.92,14634.0,53093.92,0.0,0.0,CASH_IN,0,0,0
692,10538.92,9957.0,0.0,0.0,0.0,PAYMENT,0,0,0
608,15908.33,1958.0,0.0,0.0,0.0,PAYMENT,0,0,0
661,47590.9,6500.0,0.0,0.0,47590.9,CASH_OUT,0,0,0
690,1390.73,51704.0,50313.27,0.0,0.0,PAYMENT,0,0,0
684,81778.95,7989404.69,8071183.63,915906.94,834127.99,CASH_IN,3,0,0
686,83493.04,19746.0,0.0,2489801.23,2573294.27,CASH_OUT,2,0,0
661,9497.87,0.0,0.0,0.0,0.0,PAYMENT,0,0,0
686,24938.71,0.0,0.0,3966423.68,3991362.39,CASH_OUT,0,0,0
694,15019.46,5054.0,0.0,0.0,0.0,PAYMENT,0,0,0
659,149241.15,17.0,0.0,4658302.02,4807543.17,CASH_OUT,17,0,0
619,10813.23,0.0,0.0,0.0,0.0,PAYMENT,0,0,0
667,7061.86,118935.72,111873.86,0.0,0.0,PAYMENT,0,0,0
644,8940.54,10188.0,1247.46,0.0,0.0,PAYMENT,0,0,0
691,126895.27,145022.29,18127.02,1741657.83,1868553.1,TRANSFER,36,0,0
661,8703.97,0.0,0.0,0.0,0.0,PAYMENT,0,0,0
688,6969.39,0.0,0.0,0.0,0.0,PAYMENT,0,0,0
688,448658.15,169.0,0.0,213990.24,662648.39,CASH_OUT,15,0,0
656,12117.83,23237.54,11119.71,0.0,0.0,PAYMENT,0,0,0
686,396103.9,0.0,0.0,11237202.3,11633306.2,CASH_OUT,8,0,0
688,27198.95,11897.0,0.0,0.0,27198.95,CASH_OUT,0,0,0
710,258815.82,19983.0,278798.82,179662.49,0.0,CASH_IN,1,0,0
688,134150.82,41416.0,0.0,0.0,134150.82,TRANSFER,0,0,0
595,135368.34,104714.0,0.0,369150.25,504518.59,CASH_OUT,4,0,0
687,78735.39,0.0,0.0,123566.56,202301.96,CASH_OUT,7,0,0
709,5814.85,69349.68,63534.83,0.0,0.0,PAYMENT,0,0,0
608,105038.3,49774.0,0.0,2621788.18,2726826.49,CASH_OUT,20,0,0
661,32450.85,99920.0,67469.15,0.0,0.0,PAYMENT,0,0,0
709,69.3,21540.0,21470.7,0.0,0.0,PAYMENT,0,0,0
637,15605.73,468229.5,452623.77,0.0,0.0,PAYMENT,0,0,0
690,20744.03,62238.0,41493.97,0.0,0.0,PAYMENT,0,0,0
640,233209.53,3722045.43,3955254.96,4478045.51,4244835.98,CASH_IN,26,0,0
684,324694.52,4708518.32,5033212.85,373392.25,48697.73,CASH_IN,1,0,0
595,96377.44,0.0,0.0,188386.78,284764.22,TRANSFER,6,0,0
690,180603.91,0.0,0.0,394942.38,575546.29,CASH_OUT,4,0,0
688,326720.33,11004.0,337724.33,0.0,0.0,CASH_IN,2,0,0
688,3193.73,74072.07,70878.34,0.0,0.0,PAYMENT,0,0,0
683,12937.46,0.0,0.0,0.0,0.0,PAYMENT,0,0,0
637,26229.73,10082.0,0.0,8116121.77,8142351.49,CASH_OUT,47,0,0
617,92616.12,12792.0,0.0,3318983.49,3411599.6,CASH_OUT,13,0,0
601,1448.35,20010.0,18561.65,0.0,0.0,PAYMENT,0,0,0
661,153448.46,2668113.24,2821561.71,4320575.66,4167127.2,CASH_IN,24,0,0
597,315521.79,0.0,0.0,517054.41,832576.2,CASH_OUT,0,0,0
596,30326.8,5010971.71,5041298.51,753505.34,723178.54,CASH_IN,13,0,0
687,20081.03,0.0,0.0,0.0,0.0,PAYMENT,0,0,0
596,179179.15,0.0,0.0,1854880.33,2034059.48,CASH_OUT,15,0,0
690,277297.44,5633.0,0.0,0.0,277297.44,CASH_OUT,17,0,0
596,5739.01,581.0,0.0,352649.39,358388.4,CASH_OUT,1,0,0
596,6057.14,0.0,0.0,0.0,0.0,PAYMENT,0,0,0
659,75617.78,11136853.53,11212471.31,6083599.88,6007982.11,CASH_IN,5,0,0
596,4311.74,0.0,0.0,0.0,0.0,PAYMENT,0,0,0
691,427618.39,30893.0,0.0,1863432.86,2291051.25,TRANSFER,16,0,0
705,130180.95,22739.0,0.0,1709809.78,1839990.73,CASH_OUT,7,0,0
637,88238.02,4674826.64,4763064.65,1801204.01,1712965.99,CASH_IN,8,0,0
617,7750.83,0.0,0.0,0.0,0.0,PAYMENT,0,0,0
690,14390.12,160395.58,174785.7,572834.44,558444.31,CASH_IN,6,0,0
596,155500.61,8088060.65,8243561.26,261545.6,106044.99,CASH_IN,6,0,0
694,16869.57,8690.32,0.0,0.0,0.0,PAYMENT,0,0,0
688,1269325.1,0.0,0.0,1574298.89,2843623.99,TRANSFER,13,0,0
617,2343.27,5126.62,2783.35,0.0,0.0,PAYMENT,0,0,0
661,13958.38,0.0,0.0,0.0,0.0,PAYMENT,0,0,0
687,77439.94,7521694.74,7599134.68,1468264.79,1390824.85,CASH_IN,3,0,0
684,71388.59,51297.0,0.0,490362.62,561751.2,CASH_OUT,8,0,0
596,614129.09,0.0,0.0,7567578.42,8181707.51,TRANSFER,7,0,0
705,98610.92,1749196.85,1847807.77,4021004.32,3922393.4,CASH_IN,30,0,0
692,76969.32,20341.0,0.0,92024.59,168993.92,CASH_OUT,4,0,0
692,15821.56,596.0,0.0,0.0,0.0,PAYMENT,0,0,0
659,4148.49,0.0,0.0,0.0,0.0,PAYMENT,0,0,0
687,216884.38,0.0,0.0,1032762.57,1249646.95,CASH_OUT,8,0,0
596,1004.45,0.0,0.0,0.0,0.0,PAYMENT,0,0,0
596,326314.85,0.0,0.0,580957.06,907271.91,CASH_OUT,8,0,0
688,122944.88,412072.0,289127.12,0.0,122944.88,CASH_OUT,1,0,0
688,14567.11,505.0,0.0,0.0,0.0,PAYMENT,0,0,0
596,6813.68,77839.04,71025.36,0.0,0.0,PAYMENT,0,0,0
612,6962.49,0.0,0.0,0.0,0.0,PAYMENT,0,0,0
686,576122.57,0.0,0.0,739452.47,1315575.04,TRANSFER,1,0,0
637,10234.33,79322.16,69087.83,0.0,0.0,PAYMENT,0,0,0
705,7543.76,0.0,0.0,206627.08,214170.84,CASH_OUT,1,0,0
690,61777.42,4168315.08,4230092.5,778534.34,716756.92,CASH_IN,6,0,0
595,160734.68,219279.83,380014.51,3612082.26,3451347.58,CASH_IN,17,0,0
681,221411.95,68762.0,290173.95,113189.79,0.0,CASH_IN,1,0,0
679,78107.84,230417.0,152309.16,0.0,78107.84,CASH_OUT,0,0,0
684,4488.97,0.0,0.0,0.0,0.0,PAYMENT,0,0,0
619,119865.63,60371.0,0.0,64346.58,184212.21,CASH_OUT,1,0,0
691,207977.21,0.0,0.0,1668909.69,1876886.9,TRANSFER,4,0,0
688,80301.22,0.0,0.0,117191.88,197493.1,CASH_OUT,1,0,0
687,125176.88,13164.0,138340.88,4468252.95,4343076.07,CASH_IN,22,0,0
637,11281.14,37574.21,26293.07,0.0,0.0,PAYMENT,0,0,0
647,64202.85,64202.85,0.0,42467.49,106670.33,CASH_OUT,3,0,1
597,7338.9,0.0,0.0,1852457.18,1859796.08,CASH_OUT,8,0,0
687,9116.45,23184.0,14067.55,0.0,0.0,PAYMENT,0,0,0
714,152220.49,174548.0,22327.51,3297114.09,3449334.57,CASH_OUT,15,0,0
595,10510.88,19900.0,9389.12,0.0,0.0,PAYMENT,0,0,0
656,33487.02,2587962.14,2621449.17,2715111.74,2681624.72,CASH_IN,15,0,0
690,30698.31,0.0,0.0,0.0,0.0,PAYMENT,0,0,0
597,58794.73,766821.44,825616.17,21544735.47,21485940.74,CASH_IN,11,0,0
688,62090.92,19304825.49,19366916.41,85600.94,23510.02,CASH_IN,2,0,0
714,247394.66,209.0,0.0,225904.79,473299.45,CASH_OUT,3,0,0
687,10473.36,10583.0,109.64,0.0,0.0,PAYMENT,0,0,0
694,186567.41,186567.41,0.0,0.0,186567.41,CASH_OUT,0,0,1
709,285514.77,201824.0,487338.77,810699.9,525185.13,CASH_IN,7,0,0
599,252464.56,1386683.68,1639148.23,440867.36,188402.81,CASH_IN,7,0,0
598,453699.35,453699.35,0.0,1321758.82,1775458.17,CASH_OUT,10,0,1
596,167821.39,42115.0,0.0,1073469.98,1241291.36,CASH_OUT,10,0,0
637,29378.2,3060.0,0.0,0.0,0.0,PAYMENT,0,0,0
617,3566.41,0.0,0.0,0.0,0.0,PAYMENT,0,0,0
642,461.28,98015.0,97553.72,0.0,0.0,PAYMENT,0,0,0
687,21849.45,0.0,0.0,0.0,0.0,PAYMENT,0,0,0
691,123872.13,3178.0,0.0,233180.69,357052.83,CASH_OUT,3,0,0
637,258524.31,52082.0,0.0,48362.16,306886.47,TRANSFER,2,0,0
637,229728.32,0.0,0.0,1837911.29,2067639.61,TRANSFER,10,0,0
596,5680.03,153195.0,147514.97,0.0,0.0,PAYMENT,0,0,0
705,120535.59,511.0,121046.59,927431.34,806895.75,CASH_IN,2,0,0
690,68274.13,40626.0,0.0,4102.12,72376.24,CASH_OUT,1,0,0
688,226164.67,49826.0,0.0,0.0,226164.67,CASH_OUT,0,0,0
709,22089.73,22864.0,774.27,0.0,0.0,PAYMENT,0,0,0
617,206510.7,129943.0,0.0,0.0,206510.7,TRANSFER,4,0,0
640,179280.84,2114719.2,2294000.05,10921708.16,10742427.32,CASH_IN,18,0,0
617,12391.13,50852.0,38460.87,0.0,0.0,PAYMENT,0,0,0
599,2317.08,0.0,0.0,0.0,0.0,PAYMENT,0,0,0
692,123930.47,46771.0,0.0,0.0,123930.47,CASH_OUT,1,0,0
670,3036.42,50401.0,47364.58,0.0,0.0,PAYMENT,0,0,0
637,116808.33,31017.0,0.0,371594.68,488403.01,CASH_OUT,5,0,0
669,196512.91,5927681.26,6124194.17,469701.77,273188.85,CASH_IN,1,0,0
617,167388.55,19944.0,0.0,44321.77,211710.32,CASH_OUT,0,0,0
709,86674.96,26995.0,0.0,1915857.06,2002532.02,CASH_OUT,23,0,0
690,436655.16,32893.0,0.0,0.0,436655.16,CASH_OUT,1,0,0
692,91788.59,703694.16,795482.75,1304716.14,1212927.55,CASH_IN,4,0,0
695,90832.95,1081686.19,1172519.13,875365.02,784532.07,CASH_IN,22,0,0
690,23918.77,153448.0,177366.77,0.0,0.0,CASH_IN,6,0,0
705,281568.43,624503.84,906072.27,1022471.87,740903.44,CASH_IN,10,0,0
596,13185.56,0.0,0.0,0.0,0.0,PAYMENT,0,0,0
595,5136.32,0.0,0.0,0.0,0.0,PAYMENT,0,0,0
644,9196.95,28307.0,19110.05,0.0,0.0,PAYMENT,0,0,0
694,10390.68,35235.0,24844.32,0.0,0.0,PAYMENT,0,0,0
687,117644.81,16006.0,133650.81,2670466.02,2552821.21,CASH_IN,9,0,0
714,968420.35,274.0,0.0,151724.37,1120144.71,TRANSFER,16,0,0
610,7947.57,10824.0,2876.43,0.0,0.0,PAYMENT,0,0,0
664,277991.72,28285.0,0.0,0.0,277991.72,CASH_OUT,0,0,0
596,1945.7,103762.0,101816.3,0.0,0.0,PAYMENT,0,0,0
649,3185.69,11512.0,8326.31,0.0,0.0,PAYMENT,0,0,0
610,370584.24,14822.0,0.0,1274187.08,1644771.32,CASH_OUT,10,0,0
661,40118.18,0.0,0.0,184732.33,224850.51,CASH_OUT,3,0,0
688,777063.08,0.0,0.0,1114851.29,1891914.37,TRANSFER,13,0,0
640,228173.97,10904.0,0.0,530009.95,758183.92,CASH_OUT,4,0,0
687,600844.67,0.0,0.0,12193353.36,12794198.04,CASH_OUT,0,0,0
687,2141.62,33128.0,30986.38,0.0,0.0,PAYMENT,0,0,0
692,83624.18,0.0,0.0,1676053.24,1759677.42,CASH_OUT,17,0,0
683,400129.07,11900.0,0.0,0.0,400129.07,CASH_OUT,1,0,0
687,293048.58,0.0,0.0,598665.73,891714.31,CASH_OUT,3,0,0
692,45376.18,0.0,0.0,0.0,0.0,PAYMENT,0,0,0
661,8254.8,1579.0,0.0,0.0,0.0,PAYMENT,0,0,0
686,148734.88,10727.0,159461.88,468695.54,319960.66,CASH_IN,8,0,0
690,108.89,50758.0,50649.11,0.0,0.0,PAYMENT,0,0,0
694,3166.22,191.0,0.0,0.0,0.0,PAYMENT,0,0,0
596,320598.27,0.0,0.0,411302.82,731901.09,CASH_OUT,6,0,0
687,5220.2,483.0,5703.2,3205224.69,3200004.5,CASH_IN,12,0,0
681,98724.39,134.0,98858.39,786938.33,688213.94,CASH_IN,3,0,0
681,95472.74,6115674.46,6211147.2,3955668.86,3860196.12,CASH_IN,5,0,0
691,342214.09,5147037.84,5489251.93,1227488.69,885274.6,CASH_IN,3,0,0
595,16336.92,5590.0,0.0,0.0,0.0,PAYMENT,0,0,0
688,58483.94,144689.0,86205.06,0.0,58483.94,CASH_OUT,0,0,0
637,39431.17,77661.0,38229.83,2916976.68,2956407.85,CASH_OUT,24,0,0
688,196221.34,0.0,0.0,817971.94,1014193.27,CASH_OUT,8,0,0
705,23232.17,11357.0,0.0,0.0,0.0,PAYMENT,0,0,0
683,14356.88,0.0,0.0,0.0,0.0,PAYMENT,0,0,0
656,8100.56,0.0,0.0,0.0,0.0,PAYMENT,0,0,0
661,271511.94,2829735.33,3101247.27,1722707.61,1451195.67,CASH_IN,11,0,0
619,1480180.82,0.0,0.0,2693904.34,4174085.16,TRANSFER,6,0,0
676,327773.15,327773.15,0.0,696949.46,1024722.61,CASH_OUT,1,0,1
705,7346.98,22.0,0.0,0.0,0.0,PAYMENT,0,0,0
596,4072.8,0.0,0.0,0.0,0.0,PAYMENT,0,0,0
596,4345.8,21490.0,17144.2,0.0,0.0,PAYMENT,0,0,0
691,7263.24,190944.0,183680.76,0.0,0.0,PAYMENT,0,0,0
714,225712.04,128577.0,354289.04,1204605.15,978893.1,CASH_IN,4,0,0
596,7236.19,191529.0,184292.81,0.0,0.0,PAYMENT,0,0,0
644,5843.51,12448.0,6604.49,0.0,0.0,PAYMENT,0,0,0
598,115967.59,127964.0,11996.41,0.0,115967.59,TRANSFER,0,0,0
686,197304.71,238698.19,436002.9,4256947.49,4059642.78,CASH_IN,19,0,0
690,36708.89,34014.0,0.0,244196.13,280905.03,CASH_OUT,1,0,0
688,122172.03,220.0,0.0,108521.33,230693.36,CASH_OUT,8,0,0
672,63389.71,3556348.84,3619738.55,941341.77,877952.06,CASH_IN,21,0,0
621,97699.89,0.0,0.0,719500.83,817200.73,CASH_OUT,14,0,0
692,43713.59,2269.0,0.0,193127.25,236840.84,TRANSFER,5,0,0
686,71352.06,31389.0,102741.06,0.0,0.0,CASH_IN,1,0,0
710,27809.57,60123.0,32313.43,1553240.99,1581050.56,CASH_OUT,32,0,0
686,54032.13,31675.0,0.0,0.0,54032.13,CASH_OUT,0,0,0
617,146339.96,0.0,0.0,1260577.9,1406917.86,CASH_OUT,25,0,0
687,402207.83,9109.0,0.0,1610249.16,2012456.99,CASH_OUT,3,0,0
692,257209.59,0.0,0.0,1203557.75,1460767.34,CASH_OUT,10,0,0
601,2980.12,18678.53,15698.41,0.0,0.0,PAYMENT,0,0,0
690,329891.85,0.0,0.0,447105.25,776997.1,CASH_OUT,11,0,0
684,9969.33,0.0,0.0,0.0,0.0,PAYMENT,0,0,0
686,7620.03,882439.0,874818.97,0.0,0.0,PAYMENT,0,0,0
687,384904.51,0.0,0.0,2189622.46,2574526.97,TRANSFER,25,0,0
664,2859.62,0.0,0.0,0.0,0.0,PAYMENT,0,0,0
694,603984.06,0.0,0.0,645028.46,1249012.52,TRANSFER,8,0,0
687,19504.44,0.0,0.0,0.0,0.0,PAYMENT,0,0,0
686,171575.43,50118.0,221693.43,0.0,0.0,CASH_IN,0,0,0
596,47187.75,3320337.07,3367524.82,1542111.6,1494923.85,CASH_IN,21,0,0
596,192261.01,7201476.36,7393737.37,211201.46,18940.45,CASH_IN,4,0,0
596,6914.54,0.0,0.0,3821549.18,3828463.72,DEBIT,10,0,0
691,46802.42,3611574.09,3658376.5,3287042.41,3240239.99,CASH_IN,42,0,0
718,2094.64,20264.0,18169.36,0.0,0.0,PAYMENT,0,0,0
687,9663.93,0.0,0.0,0.0,0.0,PAYMENT,0,0,0
695,22867.67,63701.99,40834.32,0.0,0.0,PAYMENT,0,0,0
683,36029.31,0.0,0.0,0.0,0.0,PAYMENT,0,0,0
684,20847.03,60228.0,81075.03,0.0,0.0,CASH_IN,0,0,0
596,68719.41,2082568.28,2151287.69,739994.59,671275.18,CASH_IN,7,0,0
661,207485.63,29787.0,237272.63,100050.01,0.0,CASH_IN,1,0,0
597,214.51,9960.0,9745.49,0.0,0.0,PAYMENT,0,0,0
612,1171698.86,330666.91,0.0,2055733.81,3227432.66,TRANSFER,9,0,0
690,11313.67,435164.88,446478.56,148435.05,137121.37,CASH_IN,3,0,0
614,10698.35,13950.0,3251.65,0.0,0.0,PAYMENT,0,0,0
688,151515.7,25420.0,0.0,0.0,151515.7,TRANSFER,0,0,0
691,77081.25,0.0,0.0,5948591.92,6025673.17,CASH_OUT,36,0,0
692,246533.61,11236.0,0.0,0.0,246533.61,CASH_OUT,7,0,0
619,699.31,4003.0,3303.69,0.0,0.0,PAYMENT,0,0,0
644,7223.84,177106.16,169882.32,0.0,0.0,PAYMENT,0,0,0
595,19772.84,103900.0,84127.16,0.0,0.0,PAYMENT,0,0,0
637,4330.92,0.0,0.0,0.0,0.0,PAYMENT,0,0,0
690,122938.1,0.0,0.0,902586.56,1025524.66,TRANSFER,5,0,0
667,73583.15,0.0,0.0,316149.66,389732.81,CASH_OUT,9,0,0
596,8895.44,203129.0,194233.56,0.0,0.0,PAYMENT,0,0,0
619,137808.79,31338.0,0.0,11816048.29,11953857.08,CASH_OUT,29,0,0
681,47751.4,47861.0,95612.4,190717.54,142966.15,CASH_IN,3,0,0
673,68.84,0.0,0.0,0.0,0.0,PAYMENT,0,0,0
670,340803.69,117369.0,0.0,0.0,340803.69,TRANSFER,0,0,0
681,4815.12,50492.0,45676.88,0.0,0.0,PAYMENT,0,0,0
691,412163.48,618460.1,1030623.57,2512604.44,2100440.96,CASH_IN,18,0,0
718,5327.69,1646.0,0.0,0.0,0.0,PAYMENT,0,0,0
688,314076.3,20787937.96,21102014.26,552562.61,238486.31,CASH_IN,8,0,0
670,892.0,52772.41,51880.41,0.0,0.0,PAYMENT,0,0,0
596,181390.42,3555.0,0.0,0.0,181390.42,CASH_OUT,0,0,0
659,303056.15,10422.0,0.0,501538.44,804594.59,CASH_OUT,4,0,0
718,7724.81,64094.0,56369.19,0.0,0.0,PAYMENT,0,0,0
608,27529.44,0.0,0.0,1040020.3,1067549.74,TRANSFER,5,0,0
718,17789.75,59852.0,42062.25,1789654.27,1807444.02,TRANSFER,19,0,0
617,63724.2,14859.0,0.0,0.0,63724.2,CASH_OUT,0,0,0
661,8797.0,0.0,0.0,0.0,0.0,PAYMENT,0,0,0
661,144415.85,11295688.6,11440104.45,393875.92,249460.07,CASH_IN,4,0,0
619,126702.31,55887.0,182589.31,5606855.03,5480152.73,CASH_IN,16,0,0
694,3876.61,0.0,0.0,0.0,0.0,PAYMENT,0,0,0
695,112564.78,53319.0,165883.78,0.0,0.0,CASH_IN,0,0,0
642,449862.22,86457.0,0.0,0.0,449862.22,TRANSFER,0,0,0
692,20602.6,280.0,0.0,0.0,0.0,PAYMENT,0,0,0
672,503420.16,0.0,0.0,1229051.06,1732471.22,TRANSFER,7,0,0
681,9550.25,0.0,0.0,0.0,0.0,PAYMENT,0,0,0
690,25918.76,401331.0,375412.24,272308.28,298227.05,TRANSFER,9,0,0
692,28376.55,585.0,0.0,1553643.41,1582019.97,CASH_OUT,15,0,0
684,45369.28,14852.0,0.0,111367.49,156736.77,CASH_OUT,4,0,0
661,1856.26,10663.0,8806.74,0.0,0.0,PAYMENT,0,0,0
637,182319.65,190925.17,8605.52,460210.26,642529.92,CASH_OUT,3,0,0
596,8186.38,877.0,0.0,0.0,0.0,PAYMENT,0,0,0
681,110144.09,0.0,0.0,1981687.27,2091831.36,CASH_OUT,7,0,0
617,394855.94,0.0,0.0,692546.28,1087402.22,TRANSFER,4,0,0
644,27079.2,30760.0,57839.2,671342.05,644262.85,CASH_IN,3,0,0
687,12370.31,0.0,0.0,0.0,0.0,PAYMENT,0,0,0
694,6143.47,1271.0,0.0,425668.19,431811.67,DEBIT,1,0,0
688,82513.55,0.0,0.0,195557.91,278071.46,CASH_OUT,1,0,0
683,5255.71,0.0,0.0,0.0,0.0,PAYMENT,0,0,0
670,6481.35,0.0,0.0,0.0,0.0,PAYMENT,0,0,0
595,53124.84,10839.0,0.0,0.0,53124.84,TRANSFER,0,0,0
597,273492.54,0.0,0.0,2057157.9,2330650.44,TRANSFER,6,0,0
601,2523.75,148817.0,146293.25,0.0,0.0,PAYMENT,0,0,0
681,33559.71,213207.67,179647.96,0.0,0.0,PAYMENT,0,0,0
671,61505.06,61505.06,0.0,0.0,0.0,TRANSFER,0,0,1
659,167641.99,149385.0,317026.99,472048.27,304406.28,CASH_IN,6,0,0
619,418971.0,418971.0,0.0,0.0,0.0,TRANSFER,0,0,1
688,70730.88,0.0,0.0,277182.01,347912.89,CASH_OUT,2,0,0
688,373283.43,6022.0,379305.43,395042.63,21759.2,CASH_IN,20,0,0
661,204300.18,4596.0,0.0,85833.52,290133.7,CASH_OUT,8,0,0
596,48561.63,52969.0,101530.63,0.0,0.0,CASH_IN,0,0,0
709,338753.08,19636.0,0.0,1583042.41,1921795.5,CASH_OUT,10,0,0
686,245963.27,595.0,0.0,74356.94,320320.21,CASH_OUT,4,0,0
597,2808.59,190474.0,187665.41,0.0,0.0,PAYMENT,0,0,0
617,253689.17,0.0,0.0,1432286.01,1685975.18,CASH_OUT,6,0,0
687,165982.58,51415.0,0.0,0.0,165982.58,CASH_OUT,0,0,0
691,18127.04,75234.0,57106.96,0.0,0.0,PAYMENT,0,0,0
681,5298.28,0.0,0.0,0.0,0.0,PAYMENT,0,0,0
686,414012.14,10585.0,0.0,976835.58,1390847.72,CASH_OUT,9,0,0
695,10373.27,137696.58,127323.31,0.0,0.0,PAYMENT,0,0,0
608,16987.21,11072.0,0.0,0.0,0.0,PAYMENT,0,0,0
596,11445.56,11611.0,165.44,0.0,0.0,PAYMENT,0,0,0
691,121689.58,10761.0,0.0,0.0,121689.58,CASH_OUT,0,0,0
718,282.93,20527.0,20244.07,0.0,0.0,PAYMENT,0,0,0
644,11206.28,0.0,0.0,0.0,0.0,PAYMENT,0,0,0
612,206380.32,9476.0,0.0,43733.02,250113.34,TRANSFER,0,0,0
684,9627.65,10973.0,1345.35,215885.5,225513.15,CASH_OUT,3,0,0
681,69859.75,212.0,0.0,0.0,69859.75,CASH_OUT,1,0,0
710,24875.98,259794.0,234918.02,0.0,0.0,PAYMENT,0,0,0
686,13836.95,0.0,0.0,0.0,0.0,PAYMENT,0,0,0
688,155042.51,2650270.39,2805312.91,1297754.09,1142711.58,CASH_IN,15,0,0
596,3829.88,0.0,0.0,0.0,0.0,PAYMENT,0,0,0
598,226617.39,9370661.95,9597279.33,560047.56,333430.17,CASH_IN,8,0,0
705,325131.49,0.0,0.0,3774675.7,4099807.19,CASH_OUT,4,0,0
709,318787.81,0.0,0.0,1172469.64,1491257.45,TRANSFER,8,0,0
690,58526.37,527644.0,586170.37,9530.5,0.0,CASH_IN,0,0,0
688,344127.05,0.0,0.0,6288430.07,6632557.12,CASH_OUT,27,0,0
595,3798.36,0.0,0.0,0.0,0.0,PAYMENT,0,0,0
688,237995.71,0.0,0.0,1781130.08,2019125.79,TRANSFER,7,0,0
601,237.75,5038.0,4800.25,0.0,0.0,PAYMENT,0,0,0
692,109729.82,106759.0,0.0,0.0,109729.82,CASH_OUT,0,0,0
595,7031.84,0.0,0.0,0.0,0.0,PAYMENT,0,0,0
597,784.53,6500.0,5715.47,0.0,0.0,PAYMENT,0,0,0
659,24684.38,0.0,0.0,0.0,0.0,PAYMENT,0,0,0
614,10961.76,0.0,0.0,0.0,0.0,PAYMENT,0,0,0
687,263477.21,5398.0,268875.21,86963.64,0.0,CASH_IN,3,0,0
640,131328.42,391057.44,522385.86,7069074.25,6937745.82,CASH_IN,34,0,0
692,239945.8,55021.0,0.0,3470844.41,3710790.21,CASH_OUT,2,0,0
688,184660.56,0.0,0.0,3969587.78,4154248.33,TRANSFER,21,0,0
686,1773.37,0.0,0.0,0.0,0.0,PAYMENT,0,0,0
596,17413.46,0.0,0.0,0.0,0.0,PAYMENT,0,0,0
681,289426.21,12808.0,302234.21,0.0,0.0,CASH_IN,0,0,0
691,35286.24,0.0,0.0,0.0,0.0,PAYMENT,0,0,0
667,23873.96,0.0,0.0,0.0,0.0,PAYMENT,0,0,0
688,55970.49,365454.0,421424.49,1053628.5,997658.0,CASH_IN,9,0,0
681,1943651.68,0.0,0.0,4594952.89,6538604.57,TRANSFER,6,0,0
596,71638.18,21888.15,93526.32,318521.18,246883.0,CASH_IN,1,0,0
617,161525.48,1818480.43,1980005.92,519399.57,357874.09,CASH_IN,2,0,0
614,2739248.3,2739248.3,0.0,15505667.41,18244915.71,CASH_OUT,61,0,1
681,150292.03,4298785.23,4449077.27,620612.38,470320.35,CASH_IN,9,0,0
718,14197.15,16947.0,2749.85,0.0,0.0,PAYMENT,0,0,0
596,17034.67,1038091.6,1021056.93,0.0,0.0,PAYMENT,0,0,0
686,495079.49,0.0,0.0,1212256.72,1707336.21,CASH_OUT,9,0,0
684,3627.89,69710.79,66082.9,0.0,0.0,PAYMENT,0,0,0
690,187330.26,249362.79,62032.53,526793.25,714123.5,CASH_OUT,4,0,0
596,90758.36,492.0,0.0,118361.59,209119.96,CASH_OUT,0,0,0
695,10063.03,4042.0,0.0,0.0,0.0,PAYMENT,0,0,0
596,13926.88,163900.38,149973.5,0.0,0.0,PAYMENT,0,0,0
688,84341.79,20004366.56,20088708.36,581397.66,497055.87,CASH_IN,3,0,0
710,321303.71,505804.0,827107.71,0.0,0.0,CASH_IN,0,0,0
687,670.76,114321.0,114991.76,0.0,0.0,CASH_IN,0,0,0
667,14099.47,0.0,0.0,0.0,0.0,PAYMENT,0,0,0
681,2723.4,0.0,0.0,0.0,0.0,PAYMENT,0,0,0
667,6675.65,0.0,0.0,0.0,0.0,PAYMENT,0,0,0
619,12618.39,0.0,0.0,0.0,0.0,PAYMENT,0,0,0
695,172079.91,0.0,0.0,263392.6,435472.51,CASH_OUT,1,0,0
691,30701.33,81373.0,50671.67,0.0,30701.33,CASH_OUT,0,0,0
595,12074.27,71657.79,59583.51,0.0,0.0,PAYMENT,0,0,0
656,229086.83,48600.0,0.0,0.0,229086.83,CASH_OUT,0,0,0
705,5416.91,168245.52,162828.61,0.0,0.0,PAYMENT,0,0,0
670,82090.12,2699105.93,2781196.05,616088.25,533998.13,CASH_IN,9,0,0
597,19301.61,169329.0,188630.61,150477.29,131175.68,CASH_IN,1,0,0
612,8881.94,302575.0,293693.06,0.0,0.0,PAYMENT,0,0,0
595,20934.67,0.0,0.0,0.0,0.0,PAYMENT,0,0,0
617,89944.41,4795417.28,4885361.69,583279.94,493335.53,CASH_IN,8,0,0
659,421.29,22979.0,22557.71,0.0,0.0,PAYMENT,0,0,0
595,262370.09,0.0,0.0,272131.46,534501.55,TRANSFER,1,0,0
640,506261.97,2825877.37,3332139.34,1124150.63,617888.66,CASH_IN,6,0,0
596,2472214.03,0.0,0.0,19369081.48,21841295.51,TRANSFER,4,0,0
596,119454.85,41589.0,0.0,1557747.03,1677201.89,CASH_OUT,12,0,0
714,67253.29,47827.0,115080.29,160353.39,93100.1,CASH_IN,0,0,0
691,215632.02,18632.0,0.0,173547.76,389179.79,CASH_OUT,0,0,0
607,243348.28,243348.28,0.0,0.0,243348.28,CASH_OUT,0,0,1
619,664185.2,58162.0,0.0,340834.42,1005019.62,TRANSFER,12,0,0
688,137139.02,0.0,0.0,1925427.24,2062566.25,CASH_OUT,2,0,0
659,268501.25,3551.0,0.0,1702977.18,1971478.44,CASH_OUT,15,0,0
661,2019.86,0.0,0.0,0.0,0.0,PAYMENT,0,0,0
695,51.78,66084.0,66032.22,2430260.46,2430312.24,DEBIT,20,0,0
597,813.82,6072.0,5258.18,0.0,0.0,PAYMENT,0,0,0
690,249207.66,954.0,250161.66,0.0,0.0,CASH_IN,0,0,0
656,323006.39,23043.0,346049.39,0.0,0.0,CASH_IN,0,0,0
596,35195.07,53633.0,18437.93,5352230.24,5387425.32,CASH_OUT,23,0,0
692,146913.6,10336.0,0.0,217195.35,364108.94,CASH_OUT,1,0,0
710,9220.89,16892.0,26112.89,117906.07,108685.19,CASH_IN,1,0,0
705,112807.1,334199.58,447006.68,700357.83,587550.73,CASH_IN,8,0,0
617,113513.63,203892.0,90378.37,143620.76,257134.4,CASH_OUT,18,0,0
597,6680.42,660.0,0.0,0.0,0.0,PAYMENT,0,0,0
683,173322.51,61149.0,234471.51,548568.59,375246.08,CASH_IN,1,0,0
690,30627.3,199706.0,169078.7,0.0,0.0,PAYMENT,0,0,0
665,454483.23,454483.23,0.0,0.0,0.0,TRANSFER,0,0,1
595,69168.2,0.0,0.0,626881.67,696049.87,TRANSFER,6,0,0
683,17672.2,19968.0,2295.8,0.0,17672.2,CASH_OUT,1,0,0
718,1516.03,5826.0,4309.97,0.0,0.0,PAYMENT,0,0,0
596,32697.34,0.0,0.0,0.0,0.0,PAYMENT,0,0,0
686,52744.3,32940.0,0.0,16287996.6,16340740.9,CASH_OUT,12,0,0
617,6193.84,0.0,0.0,0.0,0.0,PAYMENT,0,0,0
597,11681.19,9230.87,0.0,0.0,0.0,PAYMENT,0,0,0
694,10212.41,0.0,0.0,0.0,0.0,PAYMENT,0,0,0
691,116706.59,423.0,0.0,366989.7,483696.29,CASH_OUT,2,0,0
667,954.93,414118.0,413163.07,2489996.94,2490951.87,DEBIT,23,0,0
684,304201.9,58463.0,362664.9,1446716.79,1142514.89,CASH_IN,8,0,0
694,6374.9,15411.64,9036.74,0.0,0.0,PAYMENT,0,0,0
690,16641.57,0.0,0.0,0.0,0.0,PAYMENT,0,0,0
694,129984.01,7170479.17,7300463.18,542978.78,412994.77,CASH_IN,6,0,0
691,208367.31,7035.0,0.0,0.0,208367.31,CASH_OUT,1,0,0
667,2755.15,154865.0,152109.85,0.0,0.0,PAYMENT,0,0,0
656,153240.42,0.0,0.0,275463.31,428703.73,TRANSFER,13,0,0
691,54099.62,824.0,0.0,438731.34,492830.97,CASH_OUT,13,0,0
684,210726.57,77382.37,0.0,888712.89,1099439.46,CASH_OUT,7,0,0
661,9293.48,319.0,0.0,559998.94,569292.43,DEBIT,6,0,0
596,203688.29,27931.0,231619.29,0.0,0.0,CASH_IN,1,0,0
695,6659.77,149.0,0.0,149849.62,156509.39,CASH_OUT,1,0,0
709,17003.1,0.0,0.0,0.0,0.0,PAYMENT,0,0,0
691,68048.0,30492.0,98540.0,1112070.32,1044022.32,CASH_IN,12,0,0
709,111211.67,72566.0,0.0,0.0,111211.67,CASH_OUT,0,0,0
601,4820.45,206718.0,201897.55,6584546.94,6589367.39,DEBIT,27,0,0
661,449447.37,49605.0,0.0,0.0,449447.37,CASH_OUT,0,0,0
595,168088.47,4928558.36,5096646.83,5738281.36,5570192.89,CASH_IN,37,0,0
608,84252.32,865.0,0.0,99201.9,183454.23,CASH_OUT,0,0,0
692,10792.5,20591.0,9798.5,0.0,0.0,PAYMENT,0,0,0
692,153676.5,20380.0,174056.5,3360133.13,3206456.63,CASH_IN,11,0,0
688,6602.43,45841.0,39238.57,0.0,0.0,PAYMENT,0,0,0
596,3151.0,105558.0,102407.0,0.0,0.0,PAYMENT,0,0,0
614,1726.26,0.0,0.0,0.0,0.0,PAYMENT,0,0,0
659,155439.6,48232.0,0.0,21747358.74,21902798.35,CASH_OUT,39,0,0
617,227174.11,45011.0,272185.11,395109.8,167935.7,CASH_IN,1,0,0
690,7848.2,0.0,0.0,0.0,0.0,PAYMENT,0,0,0
679,3150438.28,3150438.28,0.0,0.0,0.0,TRANSFER,0,0,1
691,14777.99,485.0,15262.99,0.0,0.0,CASH_IN,0,0,0
688,3657.8,0.0,0.0,0.0,0.0,PAYMENT,0,0,0
669,1416449.19,0.0,0.0,2189828.78,3606277.97,TRANSFER,1,0,0
683,55169.4,32101.0,0.0,3702386.04,3757555.44,CASH_OUT,10,0,0
681,2018.11,9320677.57,9322695.68,637055.89,635037.77,CASH_IN,8,0,0
714,34066.5,406.0,34472.5,87908.02,53841.52,CASH_IN,0,0,0
688,39463.15,0.0,0.0,0.0,0.0,PAYMENT,0,0,0
686,133953.25,0.0,0.0,541615.54,675568.78,TRANSFER,2,0,0
690,19330.25,0.0,0.0,0.0,0.0,PAYMENT,0,0,0
595,76929.94,5863.0,0.0,0.0,76929.94,CASH_OUT,0,0,0
690,175509.75,41048.0,0.0,368065.99,543575.73,CASH_OUT,3,0,0
595,220309.48,0.0,220309.48,832050.29,611740.8,CASH_IN,9,0,0
684,396219.2,204774.0,0.0,770317.84,1166537.05,CASH_OUT,10,0,0
621,109268.38,1943.0,0.0,0.0,109268.38,CASH_OUT,0,0,0
688,8958.37,0.0,0.0,0.0,0.0,PAYMENT,0,0,0
595,168839.73,20539.0,0.0,6589850.9,6758690.63,CASH_OUT,14,0,0
598,151431.36,4916070.2,5067501.57,647249.54,495818.17,CASH_IN,2,0,0
595,105841.4,30952.0,0.0,399193.98,505035.37,CASH_OUT,0,0,0
644,11595.67,192635.54,181039.87,0.0,0.0,PAYMENT,0,0,0
612,333896.86,905.0,334801.86,0.0,0.0,CASH_IN,0,0,0
619,102377.06,11054.0,113431.06,0.0,0.0,CASH_IN,0,0,0
692,11331.84,22492.0,33823.84,0.0,0.0,CASH_IN,0,0,0
688,14916.54,20055.0,5138.46,0.0,0.0,PAYMENT,0,0,0
686,205959.45,3809468.78,4015428.22,374371.99,168412.54,CASH_IN,3,0,0
681,15335.86,9284167.62,9299503.48,2803551.26,2788215.39,CASH_IN,5,0,0
688,360178.83,0.0,0.0,642564.39,1002743.22,CASH_OUT,2,0,0
637,20472.01,58046.22,37574.21,0.0,0.0,PAYMENT,0,0,0
661,901440.66,19174.0,0.0,14766.75,916207.4,TRANSFER,0,0,0
695,79221.38,8599.38,0.0,397098.95,476320.32,CASH_OUT,0,0,0
717,133696.19,25274.0,158970.19,0.0,0.0,CASH_IN,0,0,0
601,578.65,125503.0,124924.35,0.0,0.0,PAYMENT,0,0,0
692,2672.92,456572.46,453899.54,0.0,0.0,PAYMENT,0,0,0
667,134862.67,58984.0,0.0,0.0,134862.67,CASH_OUT,0,0,0
599,3592.42,74527.0,70934.58,0.0,0.0,PAYMENT,0,0,0
595,548941.83,0.0,0.0,9875068.33,10424010.17,CASH_OUT,2,0,0
621,8083.34,29110.0,21026.66,0.0,0.0,PAYMENT,0,0,0
642,327416.6,16756.0,344172.6,420299.08,92882.48,CASH_IN,3,0,0
599,3124.26,0.0,0.0,0.0,0.0,PAYMENT,0,0,0
686,117800.22,526290.19,644090.4,243920.0,126119.78,CASH_IN,7,0,0
661,234098.19,327.0,234425.19,0.0,0.0,CASH_IN,0,0,0
637,107282.66,16158.0,123440.66,1469443.05,1362160.39,CASH_IN,14,0,0
612,17174.41,348879.0,331704.59,0.0,0.0,PAYMENT,0,0,0
599,5982.3,31198.0,25215.7,0.0,0.0,PAYMENT,0,0,0
664,26873.69,1249.0,0.0,0.0,26873.69,CASH_OUT,1,0,0
599,8211.38,0.0,0.0,0.0,0.0,PAYMENT,0,0,0
687,121215.02,5396.0,0.0,262281.35,383496.37,CASH_OUT,1,0,0
656,153842.1,1722849.84,1876691.94,1211228.88,1057386.78,CASH_IN,21,0,0
637,260606.25,11249.0,271855.25,0.0,0.0,CASH_IN,1,0,0
692,89403.78,4871115.77,4960519.54,6671269.55,6581865.78,CASH_IN,12,0,0
715,111959.77,106783.0,0.0,1879994.5,1991954.27,CASH_OUT,10,0,0
596,40791.72,0.0,0.0,0.0,0.0,PAYMENT,0,0,0
681,4633.86,0.0,0.0,0.0,0.0,PAYMENT,0,0,0
692,332273.43,15777.0,348050.43,33528218.99,33195945.56,CASH_IN,9,0,0
687,8247.73,41336.0,33088.27,0.0,0.0,PAYMENT,0,0,0
656,381083.34,13985.0,0.0,103694.45,484777.8,CASH_OUT,1,0,0
664,362056.49,0.0,0.0,1639553.52,2001610.02,CASH_OUT,19,0,0
595,6612.63,32112.0,25499.37,0.0,0.0,PAYMENT,0,0,0
614,109966.03,0.0,0.0,966693.54,1076659.56,CASH_OUT,10,0,0
691,20165.64,108949.0,88783.36,34106.36,54272.01,CASH_OUT,1,0,0
640,118480.12,1119.0,119599.12,23590.66,0.0,CASH_IN,2,0,0
667,345958.15,0.0,0.0,2264434.92,2610393.07,CASH_OUT,10,0,0
694,9283.48,175921.23,166637.75,0.0,0.0,PAYMENT,0,0,0
694,456894.2,0.0,0.0,5749213.2,6206107.4,TRANSFER,19,0,0
691,133074.27,17096.0,0.0,50683.25,183757.52,CASH_OUT,1,0,0
601,31304.75,331992.0,300687.25,52185.27,83490.02,TRANSFER,1,0,0
695,3744.96,78805.66,75060.7,0.0,0.0,PAYMENT,0,0,0
667,278270.76,14457.0,0.0,0.0,278270.76,CASH_OUT,0,0,0
661,192.3,0.0,0.0,0.0,0.0,PAYMENT,0,0,0
637,101801.77,143.0,0.0,0.0,101801.77,CASH_OUT,0,0,0
637,3658.77,76847.56,73188.8,0.0,0.0,PAYMENT,0,0,0
709,251416.97,50891.0,0.0,142994.2,394411.17,CASH_OUT,1,0,0
710,286755.6,164415.0,0.0,134310.02,421065.62,CASH_OUT,5,0,0
596,187989.68,309062.0,121072.32,0.0,187989.68,CASH_OUT,0,0,0
710,296125.53,26176.0,0.0,904132.97,1200258.5,CASH_OUT,4,0,0
599,3828.01,74889.0,71060.99,0.0,0.0,PAYMENT,0,0,0
617,193739.81,5043.0,0.0,3500371.15,3694110.96,CASH_OUT,25,0,0
659,6231.52,131752.98,125521.47,0.0,0.0,PAYMENT,0,0,0
670,4311.16,16409.0,12097.84,0.0,0.0,PAYMENT,0,0,0
690,160107.63,10883.0,170990.63,44112.51,0.0,CASH_IN,1,0,0
595,203211.45,93359.0,0.0,402788.53,605999.97,CASH_OUT,5,0,0
661,101509.29,0.0,0.0,2075168.88,2176678.17,CASH_OUT,6,0,0
595,188775.81,13847.0,0.0,22138407.42,22327183.23,CASH_OUT,15,0,0
705,183877.71,8276.0,0.0,1033102.53,1216980.24,CASH_OUT,3,0,0
598,1081.39,33106.0,32024.61,0.0,0.0,PAYMENT,0,0,0
688,238711.68,5314843.42,5553555.1,838646.02,599934.34,CASH_IN,24,0,0
692,177208.99,88.0,0.0,240740.45,417949.44,CASH_OUT,3,0,0
619,20350.86,211827.08,191476.21,0.0,0.0,PAYMENT,0,0,0
691,73636.63,5034.0,78670.63,2872008.17,2798371.54,CASH_IN,24,0,0
714,205355.41,49586.0,254941.41,35719.65,0.0,CASH_IN,0,0,0
612,24689.54,289186.45,264496.91,0.0,0.0,PAYMENT,0,0,0
686,22502.19,555331.49,577833.68,333988.38,311486.19,CASH_IN,15,0,0
617,2122.8,693252.0,691129.2,87206.65,89329.45,DEBIT,4,0,0
597,948794.56,0.0,0.0,1187503.76,2136298.32,TRANSFER,14,0,0
664,58151.7,11165.0,69316.7,355473.63,297321.92,CASH_IN,7,0,0
610,53114.32,3549.0,56663.32,76148.13,23033.81,CASH_IN,0,0,0
686,346669.95,107234.0,0.0,280707.34,627377.29,CASH_OUT,1,0,0
597,157933.32,1011.0,0.0,1578252.1,1736185.42,CASH_OUT,13,0,0
683,312624.9,19876.0,0.0,14938.32,327563.22,CASH_OUT,20,0,0
667,58850.43,3474265.61,3533116.04,1210535.69,1151685.27,CASH_IN,8,0,0
687,168758.77,9516195.41,9684954.18,659722.65,490963.88,CASH_IN,5,0,0
709,1074.46,267.0,0.0,0.0,0.0,PAYMENT,0,0,0
597,25566.83,0.0,0.0,0.0,0.0,PAYMENT,0,0,0
717,11360.77,21683.0,10322.23,0.0,0.0,PAYMENT,0,0,0
614,28128.24,2096723.48,2124851.73,306199.95,278071.71,CASH_IN,6,0,0
599,485.38,19822.0,19336.62,0.0,0.0,PAYMENT,0,0,0
621,76835.22,3552977.34,3629812.56,1458729.63,1381894.41,CASH_IN,9,0,0
695,4117.5,50282.0,46164.5,0.0,0.0,PAYMENT,0,0,0
690,336827.51,245462.0,0.0,2184855.88,2521683.39,CASH_OUT,6,0,0
681,69710.24,27812.0,0.0,31085.5,100795.74,CASH_OUT,0,0,0
691,43450.08,203358.0,159907.92,0.0,0.0,PAYMENT,0,0,0
684,7045.75,3874.68,0.0,0.0,0.0,PAYMENT,0,0,0
687,267943.81,7072.0,0.0,0.0,267943.81,CASH_OUT,1,0,0
715,13131.54,21468.0,8336.46,0.0,0.0,PAYMENT,0,0,0
637,38211.56,59596.0,21384.44,0.0,0.0,PAYMENT,0,0,0
688,1262.82,0.0,0.0,0.0,0.0,PAYMENT,0,0,0
718,13193.53,2735.0,0.0,0.0,0.0,PAYMENT,0,0,0
681,95413.82,178926.0,274339.82,50303.55,0.0,CASH_IN,2,0,0
670,4387.88,51880.41,47492.53,0.0,0.0,PAYMENT,0,0,0
687,27151.88,2842615.43,2869767.31,203817.89,176666.01,CASH_IN,9,0,0
692,123470.69,9752.0,0.0,479235.96,602706.65,CASH_OUT,23,0,0
596,4926.83,0.0,0.0,293508.62,298435.45,CASH_OUT,0,0,0
661,12841.47,104571.0,91729.53,0.0,0.0,PAYMENT,0,0,0
692,5045.78,19982.0,14936.22,6458158.67,6463204.45,CASH_OUT,4,0,0
598,2573.24,4039.0,1465.76,0.0,0.0,PAYMENT,0,0,0
688,164931.91,114417.0,0.0,264915.25,429847.16,CASH_OUT,2,0,0
694,131008.22,26398.0,157406.22,291736.66,160728.44,CASH_IN,6,0,0
695,2629.0,2383029.9,2385658.9,121708.36,119079.36,CASH_IN,2,0,0
608,7475.16,395.0,0.0,0.0,0.0,PAYMENT,0,0,0
718,8615.25,21137.0,12521.75,0.0,0.0,PAYMENT,0,0,0
656,5232.84,3442.0,0.0,0.0,0.0,PAYMENT,0,0,0
683,362627.19,2117722.06,2480349.25,742945.87,380318.68,CASH_IN,23,0,0
683,152549.07,0.0,0.0,3306723.54,3459272.61,CASH_OUT,19,0,0
686,152926.38,0.0,0.0,392546.25,545472.63,CASH_OUT,2,0,0
694,82059.29,551126.29,633185.57,13093768.93,13011709.64,CASH_IN,6,0,0
595,265283.31,132.0,0.0,2165112.74,2430396.06,CASH_OUT,17,0,0
694,56695.25,0.0,0.0,963191.02,1019886.27,CASH_OUT,17,0,0
599,129802.64,29662.7,0.0,650672.44,780475.08,CASH_OUT,3,0,0
614,255709.18,2366093.98,2621803.16,337130.62,81421.44,CASH_IN,4,0,0
617,7382.73,0.0,0.0,0.0,0.0,PAYMENT,0,0,0
608,10928.23,0.0,0.0,0.0,0.0,PAYMENT,0,0,0
710,23326.52,20507.0,0.0,0.0,0.0,PAYMENT,0,0,0
691,104688.83,0.0,0.0,269476.02,374164.85,CASH_OUT,1,0,0
601,798.16,423.0,0.0,1052.61,1850.77,DEBIT,3,0,0
619,7094.42,0.0,0.0,0.0,0.0,PAYMENT,0,0,0
661,7733.37,0.0,0.0,0.0,0.0,PAYMENT,0,0,0
692,147315.32,103661.0,0.0,0.0,147315.32,CASH_OUT,11,0,0
705,27947.1,0.0,0.0,3487979.34,3515926.44,CASH_OUT,7,0,0
686,8219.33,405502.4,397283.07,0.0,0.0,PAYMENT,0,0,0
692,2789.99,0.0,0.0,0.0,0.0,PAYMENT,0,0,0
694,420271.59,74864.0,0.0,0.0,420271.59,TRANSFER,1,0,0
619,18792.6,118428.0,99635.4,17275.04,36067.64,CASH_OUT,0,0,0
659,615148.68,4235336.36,4850485.05,2012309.28,1397160.59,CASH_IN,15,0,0
599,6156.44,0.0,0.0,0.0,0.0,PAYMENT,0,0,0
688,340908.28,1378604.45,1719512.73,13813976.55,13473068.27,CASH_IN,9,0,0
688,3765.61,0.0,0.0,0.0,0.0,PAYMENT,0,0,0
661,14340.31,6429.21,0.0,0.0,0.0,PAYMENT,0,0,0
656,1501.69,118843.0,117341.31,0.0,0.0,PAYMENT,0,0,0
596,122289.98,613.0,0.0,0.0,122289.98,CASH_OUT,27,0,0
595,3911.97,21227.0,17315.03,0.0,3911.97,CASH_OUT,0,0,0
694,60367.5,0.0,0.0,0.0,0.0,PAYMENT,0,0,0
718,14461.47,10980.0,0.0,0.0,0.0,PAYMENT,0,0,0
686,260542.85,2750.0,0.0,2837230.1,3097772.95,CASH_OUT,34,0,0
599,84487.61,5698549.81,5783037.42,2637391.02,2552903.41,CASH_IN,9,0,0
687,339736.9,0.0,0.0,1532081.19,1871818.09,CASH_OUT,4,0,0
596,158396.53,947.0,159343.53,828025.18,669628.65,CASH_IN,16,0,0
681,152252.1,694366.27,846618.37,265805.94,113553.85,CASH_IN,1,0,0
686,310941.12,10976.0,0.0,1486909.1,1797850.22,CASH_OUT,7,0,0
681,627785.18,198021.0,0.0,0.0,627785.18,CASH_OUT,2,0,0
687,86797.99,0.0,0.0,6591054.37,6677852.35,CASH_OUT,7,0,0
619,16998.14,79707.93,62709.78,0.0,0.0,PAYMENT,0,0,0
595,445946.56,104811.0,550757.56,79894.9,0.0,CASH_IN,2,0,0
659,72975.83,2186.0,75161.83,288761.75,215785.92,CASH_IN,0,0,0
661,182623.27,0.0,0.0,188107.03,370730.31,CASH_OUT,8,0,0
597,226721.56,0.0,0.0,2029846.09,2256567.65,CASH_OUT,15,0,0
692,2290.12,45775.0,43484.88,0.0,0.0,PAYMENT,0,0,0
688,47469.7,22574.0,0.0,0.0,47469.7,CASH_OUT,0,0,0
595,1232298.1,93941.0,0.0,57984.62,1290282.73,TRANSFER,2,0,0
691,63460.85,0.0,0.0,0.0,0.0,PAYMENT,0,0,0
692,209370.58,0.0,0.0,527081.39,736451.97,CASH_OUT,2,0,0
691,59683.03,27254.0,86937.03,0.0,0.0,CASH_IN,1,0,0
664,16807.05,12321.0,0.0,0.0,0.0,PAYMENT,0,0,0
687,38396.61,0.0,0.0,0.0,0.0,PAYMENT,0,0,0
687,10789.84,201090.0,190300.16,0.0,0.0,PAYMENT,0,0,0
690,23162.05,0.0,0.0,0.0,0.0,PAYMENT,0,0,0
596,7247.46,6096.94,0.0,0.0,0.0,PAYMENT,0,0,0
621,6840.6,795037.15,788196.55,0.0,0.0,PAYMENT,0,0,0
656,128632.94,9570926.97,9699559.91,763721.67,635088.73,CASH_IN,5,0,0
695,7166.77,101881.0,94714.23,0.0,0.0,PAYMENT,0,0,0
597,65313.74,134505.0,69191.26,2287549.97,2352863.71,CASH_OUT,7,0,0
684,225874.09,636.0,0.0,150306.37,376180.46,CASH_OUT,1,0,0
686,270957.53,0.0,0.0,3757387.42,4028344.95,CASH_OUT,2,0,0
595,232804.26,174.0,232978.26,0.0,0.0,CASH_IN,0,0,0
718,15264.61,59316.0,44051.39,0.0,0.0,PAYMENT,0,0,0
596,379192.57,833195.97,1212388.54,4114713.36,3735520.79,CASH_IN,2,0,0
687,284068.87,0.0,0.0,626939.98,911008.85,TRANSFER,19,0,0
688,84442.97,0.0,0.0,1218587.14,1303030.12,CASH_OUT,4,0,0
715,51855.05,76845.0,128700.05,0.0,0.0,CASH_IN,0,0,0
637,14048.0,78772.55,64724.54,0.0,0.0,PAYMENT,0,0,0
642,154587.79,0.0,0.0,17782275.78,17936863.57,CASH_OUT,12,0,0
690,10522.44,258641.0,248118.56,0.0,0.0,PAYMENT,0,0,0
687,12652.6,32134.0,19481.4,0.0,0.0,PAYMENT,0,0,0
599,3138.0,19650.0,16512.0,0.0,0.0,PAYMENT,0,0,0
688,20438.63,40136.0,19697.37,0.0,0.0,PAYMENT,0,0,0
681,51199.75,0.0,0.0,151403.45,202603.19,CASH_OUT,1,0,0
681,820871.51,0.0,0.0,2123270.95,2944142.46,TRANSFER,26,0,0
637,129056.39,281445.0,152388.61,630276.77,759333.16,CASH_OUT,16,0,0
687,21059.69,495079.0,474019.31,0.0,21059.69,CASH_OUT,0,0,0
684,34126.86,691214.71,725341.57,1208813.95,1174687.09,CASH_IN,8,0,0
637,151412.34,0.0,0.0,218836.09,370248.43,CASH_OUT,1,0,0
695,2936.44,20759.0,17822.56,0.0,0.0,PAYMENT,0,0,0
595,154312.09,10307.0,164619.09,89534.83,0.0,CASH_IN,1,0,0
596,144235.05,106978.0,0.0,2598501.44,2742736.49,CASH_OUT,17,0,0
596,248596.15,60592.0,309188.15,321337.27,72741.12,CASH_IN,2,0,0
694,10537.46,40069.0,29531.54,0.0,0.0,PAYMENT,0,0,0
617,7586.44,197081.42,189494.98,0.0,0.0,PAYMENT,0,0,0
692,348397.5,0.0,0.0,494048.19,842445.69,CASH_OUT,4,0,0
684,14800.45,94805.96,80005.51,0.0,0.0,PAYMENT,0,0,0
637,108101.87,7084988.69,7193090.56,1038879.28,930777.41,CASH_IN,8,0,0
690,11384.44,10833.0,0.0,0.0,0.0,PAYMENT,0,0,0
690,9527.57,0.0,0.0,0.0,0.0,PAYMENT,0,0,0
691,342667.22,16100.01,0.0,822199.67,1164866.89,CASH_OUT,5,0,0
599,8427.17,76049.0,67621.83,0.0,0.0,PAYMENT,0,0,0
595,3983.04,158.87,0.0,0.0,0.0,PAYMENT,0,0,0
596,60917.23,6964429.95,7025347.18,7588724.82,7527807.58,CASH_IN,37,0,0
687,310813.93,6122.0,316935.93,0.0,0.0,CASH_IN,2,0,0
608,2318.57,19924.0,17605.43,0.0,0.0,PAYMENT,0,0,0
688,1149.61,53482.01,52332.4,0.0,0.0,PAYMENT,0,0,0
688,503855.06,21737.0,525592.06,368147.8,0.0,CASH_IN,7,0,0
683,6172.4,97177.54,91005.14,0.0,0.0,PAYMENT,0,0,0
718,10000000.0,10000000.0,0.0,2517892.18,12517892.18,CASH_OUT,7,0,1
684,473901.37,10238991.12,10712892.49,8718281.16,8244379.79,CASH_IN,31,0,0
684,263287.48,15387.0,278674.48,0.0,0.0,CASH_IN,2,0,0
709,419911.49,227085.0,0.0,2935093.62,3355005.11,CASH_OUT,7,0,0
688,154755.7,21347.0,0.0,0.0,154755.7,CASH_OUT,0,0,0
617,104157.73,37.0,0.0,948189.81,1052347.54,CASH_OUT,28,0,0
610,16871.84,1017674.05,1034545.89,286150.91,269279.07,CASH_IN,3,0,0
686,13437.69,10779.0,0.0,0.0,0.0,PAYMENT,0,0,0
686,74698.82,27528.0,0.0,0.0,74698.82,CASH_OUT,0,0,0
681,1624.53,0.0,0.0,0.0,0.0,PAYMENT,0,0,0
637,11244.1,341.0,0.0,0.0,11244.1,TRANSFER,0,0,0
687,3142.0,0.0,0.0,0.0,0.0,PAYMENT,0,0,0
596,47704.31,100094.0,52389.69,1439186.41,1486890.72,CASH_OUT,7,0,0
705,331846.24,1069190.83,1401037.07,1512876.28,1181030.04,CASH_IN,18,0,0
597,95801.66,710.0,96511.66,243994.81,148193.15,CASH_IN,6,0,0
690,251249.55,20361.0,271610.55,0.0,0.0,CASH_IN,0,0,0
687,119466.14,15753828.74,15873294.89,1123005.16,1003539.02,CASH_IN,8,0,0
690,1903.93,9961.0,8057.07,3964006.72,3965910.65,DEBIT,8,0,0
644,11818.58,0.0,0.0,0.0,0.0,PAYMENT,0,0,0
715,622144.81,1196.0,0.0,44089.63,666234.44,TRANSFER,3,0,0
599,4760.24,2093.0,0.0,0.0,0.0,PAYMENT,0,0,0
695,5581.82,11681.0,6099.18,0.0,0.0,PAYMENT,0,0,0
691,20038.27,0.0,0.0,0.0,0.0,PAYMENT,0,0,0
599,787974.6,0.0,0.0,1445349.11,2233323.71,TRANSFER,25,0,0
687,199766.23,28797.0,0.0,190739.31,390505.54,CASH_OUT,4,0,0
686,163359.46,41741.0,205100.46,100049.65,0.0,CASH_IN,1,0,0
597,17456.6,27232.84,9776.24,0.0,0.0,PAYMENT,0,0,0
705,8896.13,0.0,0.0,0.0,0.0,PAYMENT,0,0,0
642,11162.98,0.0,0.0,0.0,0.0,PAYMENT,0,0,0
644,13126.9,20761.0,7634.1,0.0,0.0,PAYMENT,0,0,0
644,130155.5,0.0,0.0,452166.31,582321.81,CASH_OUT,9,0,0
596,2270.26,124856.0,122585.74,0.0,0.0,PAYMENT,0,0,0
686,527017.11,126.0,0.0,6464453.58,6991470.69,CASH_OUT,35,0,0
656,207958.03,0.0,0.0,1093734.15,1301692.18,CASH_OUT,14,0,0
687,264341.03,0.0,0.0,38450712.75,38715053.78,CASH_OUT,17,0,0
684,757003.25,0.0,0.0,1841055.61,2598058.86,TRANSFER,12,0,0
681,375950.08,11889.0,387839.08,1179988.53,804038.46,CASH_IN,7,0,0
644,297720.62,217452.5,0.0,1047684.18,1345404.79,CASH_OUT,13,0,0
692,235590.2,209938.0,0.0,0.0,235590.2,CASH_OUT,0,0,0
596,87479.25,23513.0,0.0,920444.94,1007924.19,CASH_OUT,10,0,0
601,475638.83,72356.0,547994.83,0.0,0.0,CASH_IN,0,0,0
598,127981.51,0.0,0.0,940992.07,1068973.58,CASH_OUT,2,0,0
692,61552.36,0.0,0.0,664340.62,725892.98,CASH_OUT,8,0,0
596,117659.3,10018874.09,10136533.39,378685.21,307403.58,CASH_IN,4,0,0
690,82790.08,15377.0,0.0,571440.74,654230.82,CASH_OUT,2,0,0
691,19397.2,9549264.77,9568661.96,406203.6,386806.4,CASH_IN,3,0,0
688,61937.48,2232853.77,2294791.25,116535.39,54597.91,CASH_IN,0,0,0
692,218063.5,72164.0,290227.5,0.0,0.0,CASH_IN,0,0,0
688,5336.52,275449.0,270112.48,0.0,0.0,PAYMENT,0,0,0
686,23149.26,90842.83,67693.58,0.0,0.0,PAYMENT,0,0,0
640,4177.29,0.0,0.0,0.0,0.0,PAYMENT,0,0,0
687,95567.19,2061313.4,2156880.6,1161123.99,1065556.79,CASH_IN,9,0,0
619,56188.26,9656969.26,9713157.52,104826.82,48638.56,CASH_IN,1,0,0
691,122281.76,69973.0,0.0,104573.67,226855.43,CASH_OUT,0,0,0
642,141647.51,20836.0,0.0,156326.39,297973.9,TRANSFER,3,0,0
692,340881.15,0.0,0.0,2570072.02,2910953.18,TRANSFER,9,0,0
709,51644.64,1308.0,0.0,0.0,0.0,PAYMENT,0,0,0
644,4411.61,56250.83,51839.22,0.0,0.0,PAYMENT,0,0,0
688,1560.43,305967.0,304406.57,0.0,0.0,PAYMENT,0,0,0
596,113339.18,2738697.75,2852036.93,1548162.44,1434823.26,CASH_IN,11,0,0
690,15263.96,311371.83,296107.87,0.0,0.0,PAYMENT,0,0,0
684,99394.93,148395.0,247789.93,0.0,0.0,CASH_IN,0,0,0
608,147197.13,149339.0,2141.87,0.0,147197.13,CASH_OUT,0,0,0
694,16620.12,278746.0,262125.88,0.0,0.0,PAYMENT,0,0,0
684,26125.39,19917.0,0.0,0.0,0.0,PAYMENT,0,0,0
617,177340.96,244.0,0.0,2033277.8,2210618.76,CASH_OUT,19,0,0
656,185554.6,0.0,0.0,2030949.95,2216504.55,CASH_OUT,13,0,0
710,284209.36,36156.0,0.0,0.0,284209.36,CASH_OUT,0,0,0
683,312318.49,0.0,0.0,1933969.05,2246287.54,TRANSFER,11,0,0
637,293721.15,289613.71,0.0,3069281.57,3363002.71,CASH_OUT,12,0,0
596,20635.87,0.0,0.0,0.0,0.0,PAYMENT,0,0,0
644,220214.79,936.0,221150.79,0.0,0.0,CASH_IN,0,0,0
610,257522.23,0.0,0.0,2776891.27,3034413.5,TRANSFER,24,0,0
661,42064.18,0.0,0.0,48183.64,90247.82,CASH_OUT,1,0,0
687,4306.98,0.0,0.0,0.0,0.0,PAYMENT,0,0,0
686,1895.12,32352.34,30457.22,0.0,0.0,PAYMENT,0,0,0
684,124343.84,15630.0,139973.84,43433.66,0.0,CASH_IN,3,0,0
637,10519.33,0.0,0.0,0.0,0.0,PAYMENT,0,0,0
688,8506.45,0.0,0.0,501748.95,510255.4,CASH_OUT,2,0,0
688,44827.7,0.0,0.0,0.0,0.0,PAYMENT,0,0,0
690,25081.09,0.0,0.0,0.0,0.0,PAYMENT,0,0,0
687,53689.85,8913707.0,8967396.85,357860.42,304170.57,CASH_IN,0,0,0
661,140063.74,0.0,0.0,1036388.83,1176452.57,CASH_OUT,9,0,0
688,273348.45,0.0,0.0,404845.43,678193.88,TRANSFER,10,0,0
619,111088.04,5116679.73,5227767.77,793962.25,682874.21,CASH_IN,6,0,0
688,163545.67,9292041.86,9455587.53,164899.37,1353.71,CASH_IN,1,0,0
681,372948.21,54946.0,427894.21,19885.38,0.0,CASH_IN,5,0,0
684,159191.1,0.0,0.0,334076.23,493267.32,CASH_OUT,2,0,0
690,146772.21,55305.0,202077.21,0.0,0.0,CASH_IN,0,0,0
684,435.04,417717.5,417282.46,161050.12,161485.16,TRANSFER,5,0,0
610,175641.68,51908.0,0.0,3194470.71,3370112.39,CASH_OUT,18,0,0
649,341.56,32128.0,31786.44,0.0,0.0,PAYMENT,0,0,0
691,122236.26,14602.0,0.0,0.0,122236.26,CASH_OUT,2,0,0
688,16746.94,216846.0,200099.06,0.0,0.0,PAYMENT,0,0,0
596,56560.37,0.0,0.0,2206814.41,2263374.77,CASH_OUT,14,0,0
687,52421.8,0.0,0.0,659269.01,711690.82,TRANSFER,7,0,0
687,262442.29,136245.0,0.0,0.0,262442.29,CASH_OUT,1,0,0
595,32837.7,0.0,0.0,3639310.13,3672147.84,TRANSFER,8,0,0
661,2113.64,95205.0,93091.36,0.0,0.0,PAYMENT,0,0,0
670,28156.87,0.0,0.0,0.0,0.0,PAYMENT,0,0,0
681,22023.56,51003.0,28979.44,0.0,0.0,PAYMENT,0,0,0
683,822.85,595.0,0.0,0.0,0.0,PAYMENT,0,0,0
640,198509.92,14931.0,213440.92,0.0,0.0,CASH_IN,0,0,0
692,25303.3,0.0,0.0,0.0,0.0,PAYMENT,0,0,0
596,4061.01,145.0,0.0,0.0,0.0,PAYMENT,0,0,0
670,48760.65,10154.0,0.0,172843.76,221604.41,CASH_OUT,2,0,0
614,68043.55,31663.0,0.0,0.0,68043.55,CASH_OUT,1,0,0
715,56212.23,18347.0,0.0,3331358.74,3387570.97,CASH_OUT,5,0,0
688,104437.94,1274166.51,1378604.45,513221.4,408783.46,CASH_IN,4,0,0
692,43012.59,121245.42,78232.83,0.0,0.0,PAYMENT,0,0,0
692,252910.22,12232.0,0.0,1686201.96,1939112.18,CASH_OUT,14,0,0
687,7607.67,87417.51,79809.84,0.0,0.0,PAYMENT,0,0,0
597,12218.14,0.0,0.0,729790.04,742008.18,CASH_OUT,2,0,0
692,47218.23,373443.59,326225.36,0.0,0.0,PAYMENT,0,0,0
686,61821.74,0.0,0.0,67025.62,128847.36,TRANSFER,1,0,0
621,18517.97,0.0,0.0,0.0,0.0,PAYMENT,0,0,0
597,175670.81,1227825.52,1403496.33,730738.99,555068.18,CASH_IN,5,0,0
688,177260.58,41769.0,0.0,61055.32,238315.89,CASH_OUT,17,0,0
687,199440.64,5557.0,0.0,202326.9,401767.54,CASH_OUT,0,0,0
681,88997.52,6677.0,95674.52,532607.77,443610.25,CASH_IN,5,0,0
599,395670.95,0.0,0.0,1424489.45,1820160.39,CASH_OUT,15,0,0
688,105682.65,0.0,0.0,186756.22,292438.87,CASH_OUT,10,0,0
710,372422.36,11561.0,383983.36,677449.33,305026.97,CASH_IN,5,0,0
619,195554.81,5040.0,0.0,307086.17,502640.98,CASH_OUT,22,0,0
695,220060.91,1525491.19,1745552.09,19404563.83,19184502.92,CASH_IN,16,0,0
670,1579.89,51973.0,50393.11,0.0,0.0,PAYMENT,0,0,0
617,165235.98,9891555.79,10056791.77,102483780.2,102318544.23,CASH_IN,7,0,0
595,6556.51,49101.0,42544.49,110196.72,116753.23,CASH_OUT,1,0,0
612,6362.71,0.0,0.0,0.0,0.0,PAYMENT,0,0,0
640,197753.15,21482.0,219235.15,0.0,0.0,CASH_IN,3,0,0
596,568836.68,0.0,0.0,7192898.34,7761735.01,CASH_OUT,23,0,0
687,65871.36,74364.0,140235.36,0.0,0.0,CASH_IN,1,0,0
617,140010.85,1100848.87,1240859.71,2389097.89,2249087.04,CASH_IN,27,0,0
598,136855.81,12013.0,148868.81,0.0,0.0,CASH_IN,1,0,0
612,230408.49,0.0,0.0,4487525.65,4717934.14,CASH_OUT,4,0,0
614,8152.12,0.0,0.0,0.0,0.0,PAYMENT,0,0,0
661,6805.69,43098.0,36292.31,0.0,0.0,PAYMENT,0,0,0
595,127996.07,25657.48,0.0,1033409.83,1161405.9,CASH_OUT,21,0,0
596,1104.43,70446.0,69341.57,0.0,0.0,PAYMENT,0,0,0
695,113721.52,4678002.68,4791724.2,218851.06,105129.54,CASH_IN,3,0,0
694,111659.11,6172928.82,6284587.93,184407.27,72748.17,CASH_IN,1,0,0
695,464.25,10375.0,9910.75,0.0,0.0,PAYMENT,0,0,0
599,14837.79,29776.5,14938.71,33205.02,48042.81,CASH_OUT,2,0,0
681,15825.85,0.0,0.0,0.0,0.0,PAYMENT,0,0,0
690,13014.78,60245.0,47230.22,0.0,0.0,PAYMENT,0,0,0
612,1746.24,46790.0,45043.76,161303.66,163049.9,DEBIT,3,0,0
688,234527.06,0.0,0.0,403675.37,638202.43,CASH_OUT,4,0,0
718,74391.36,21320.0,0.0,692195.73,766587.09,CASH_OUT,19,0,0
596,130998.06,5261.0,136259.06,1667067.04,1536068.98,CASH_IN,0,0,0
741,0.0,0.0,0.0,267522.87,267522.87,CASH_OUT,2,0,1
687,121533.8,0.0,0.0,1242510.32,1364044.12,CASH_OUT,13,0,0
687,261908.84,1047.0,0.0,0.0,261908.84,CASH_OUT,0,0,0
692,5546.48,138556.0,133009.52,0.0,0.0,PAYMENT,0,0,0
688,118403.17,6992847.37,7111250.54,147480.02,29076.85,CASH_IN,3,0,0
619,413404.21,6924856.58,7338260.79,1906021.07,1492616.86,CASH_IN,8,0,0
596,96310.11,57660.0,0.0,155221.16,251531.27,CASH_OUT,1,0,0
683,251166.7,448201.72,197035.03,5268619.11,5519785.81,CASH_OUT,4,0,0
681,238760.71,15638.0,254398.71,301804.27,63043.55,CASH_IN,7,0,0
743,850002.52,850002.52,0.0,6510099.11,7360101.63,CASH_OUT,27,0,1
640,361675.67,392.0,0.0,0.0,361675.67,TRANSFER,3,0,0
670,41.68,53294.0,53252.32,0.0,0.0,PAYMENT,0,0,0
709,347768.56,21777.0,369545.56,58311.07,0.0,CASH_IN,1,0,0
684,5815.15,0.0,0.0,0.0,0.0,PAYMENT,0,0,0
688,36312.85,1325726.92,1362039.77,5138286.6,5101973.75,CASH_IN,36,0,0
717,104662.87,20999.0,0.0,954519.57,1059182.44,TRANSFER,28,0,0
642,139916.73,14495.0,154411.73,0.0,0.0,CASH_IN,0,0,0
695,2010.95,29271.0,27260.05,0.0,0.0,PAYMENT,0,0,0
690,377764.72,0.0,0.0,1520077.99,1897842.71,CASH_OUT,12,0,0
688,94069.45,1843534.42,1937603.86,3811729.72,3717660.27,CASH_IN,11,0,0
695,32224.79,0.0,0.0,132547.14,164771.93,CASH_OUT,0,0,0
596,4426.62,100524.0,96097.38,0.0,0.0,PAYMENT,0,0,0
596,2152.76,0.0,0.0,0.0,0.0,PAYMENT,0,0,0
669,149015.85,9120.0,158135.85,0.0,0.0,CASH_IN,0,0,0
715,212028.15,212028.15,0.0,0.0,0.0,TRANSFER,0,0,1
690,266539.31,6793429.07,7059968.37,813825.13,547285.82,CASH_IN,2,0,0
683,5633.55,15421.0,9787.45,0.0,0.0,PAYMENT,0,0,0
619,574245.32,126.0,0.0,126446.47,700691.78,TRANSFER,0,0,0
715,15361.99,1292.0,0.0,0.0,0.0,PAYMENT,0,0,0
687,159182.66,21214.0,0.0,1638437.01,1797619.67,CASH_OUT,1,0,0
637,1111.77,43463.59,42351.82,0.0,0.0,PAYMENT,0,0,0
612,157643.65,5960524.23,6118167.89,431237.06,273593.4,CASH_IN,4,0,0
659,7716.38,1650623.51,1658339.89,12894.25,5177.87,CASH_IN,2,0,0
684,75846.88,70039.0,145885.88,436263.27,360416.39,CASH_IN,20,0,0
596,387934.78,0.0,0.0,2793335.11,3181269.88,TRANSFER,15,0,0
709,37788.85,20639.0,0.0,0.0,0.0,PAYMENT,0,0,0
681,283632.78,0.0,0.0,2659817.64,2943450.43,CASH_OUT,14,0,0
601,114664.26,0.0,0.0,9322221.83,9436886.09,CASH_OUT,19,0,0
661,597461.05,0.0,0.0,1202673.66,1800134.71,TRANSFER,11,0,0
684,150655.7,263405.0,112749.3,0.0,150655.7,CASH_OUT,1,0,0
637,181673.3,544.0,182217.3,1362315.23,1180641.93,CASH_IN,5,0,0
705,181980.38,22038.0,0.0,140683.32,322663.7,CASH_OUT,0,0,0
673,4957.82,90532.0,85574.18,0.0,0.0,PAYMENT,0,0,0
687,24427.84,164224.0,139796.16,36757.29,61185.13,CASH_OUT,0,0,0
595,208761.7,72139.0,0.0,961736.71,1170498.41,CASH_OUT,24,0,0
687,305673.86,11132.0,0.0,6259164.73,6564838.59,CASH_OUT,5,0,0
597,156013.78,3092.0,0.0,0.0,156013.78,CASH_OUT,4,0,0
684,411624.18,93131.0,0.0,0.0,411624.18,CASH_OUT,0,0,0
664,16405.59,0.0,0.0,0.0,0.0,PAYMENT,0,0,0
661,138305.71,10670.14,0.0,5987346.35,6125652.07,CASH_OUT,17,0,0
596,504.03,32059.0,31554.97,236126.07,236630.1,DEBIT,0,0,0
684,28863.76,207640.44,178776.67,157381.32,186245.09,TRANSFER,4,0,0
595,77243.22,3211.97,0.0,102626.96,179870.18,CASH_OUT,6,0,0
595,176483.78,36804.0,213287.78,5066.68,0.0,CASH_IN,0,0,0
614,202413.85,73135.0,275548.85,1521014.33,1318600.48,CASH_IN,9,0,0
619,362203.13,15508.0,0.0,0.0,362203.13,TRANSFER,0,0,0
686,29829.98,0.0,0.0,428683.19,458513.17,CASH_OUT,7,0,0
617,586211.31,0.0,0.0,1293239.56,1879450.87,CASH_OUT,12,0,0
695,31105.35,12477.0,0.0,816507.22,847612.57,TRANSFER,4,0,0
610,146015.9,0.0,0.0,240099.96,386115.85,CASH_OUT,8,0,0
596,136697.86,0.0,0.0,4632455.5,4769153.36,CASH_OUT,21,0,0
612,141891.04,5098.0,0.0,19788479.55,19930370.59,CASH_OUT,9,0,0
684,173767.44,3765726.82,3939494.26,183836.44,10069.0,CASH_IN,4,0,0
686,1359587.6,30481.0,0.0,378402.1,1737989.7,TRANSFER,1,0,0
687,14563.78,0.0,0.0,25388.5,39952.28,TRANSFER,1,0,0
691,216535.32,0.0,0.0,274924.24,491459.57,CASH_OUT,1,0,0
691,8637.39,0.0,0.0,1765201.68,1773839.07,TRANSFER,1,0,0
681,133375.98,9645.0,143020.98,0.0,0.0,CASH_IN,1,0,0
681,4555.29,160374.0,155818.71,0.0,0.0,PAYMENT,0,0,0
642,541387.6,24153.0,0.0,722465.65,1263853.25,CASH_OUT,13,0,0
681,160667.21,0.0,0.0,17340579.91,17501247.12,CASH_OUT,33,0,0
681,10623.18,7490.0,0.0,0.0,0.0,PAYMENT,0,0,0
597,11177.63,29998.0,18820.37,420311.62,431489.25,CASH_OUT,3,0,0
617,170056.21,20811.0,0.0,160609.18,330665.39,CASH_OUT,14,0,0
688,343639.43,348254.0,4614.57,0.0,343639.43,CASH_OUT,3,0,0
686,3855.43,61755.0,57899.57,0.0,0.0,PAYMENT,0,0,0
695,604089.53,19528.77,0.0,811899.67,1415989.21,TRANSFER,10,0,0
599,6771.86,1468.21,0.0,0.0,0.0,PAYMENT,0,0,0
670,76784.68,3865842.03,3942626.71,169005.85,92221.18,CASH_IN,1,0,0
695,3348.43,0.0,0.0,0.0,0.0,PAYMENT,0,0,0
595,11796.95,102877.56,91080.61,0.0,0.0,PAYMENT,0,0,0
690,318575.96,19940.0,0.0,606194.8,924770.76,CASH_OUT,14,0,0
681,139536.59,505.0,0.0,507894.11,647430.7,CASH_OUT,2,0,0
601,1398.36,524.0,0.0,0.0,0.0,PAYMENT,0,0,0
642,4826.8,974.0,0.0,0.0,0.0,PAYMENT,0,0,0
661,2291.58,0.0,0.0,0.0,0.0,PAYMENT,0,0,0
683,116997.89,55611.0,0.0,18006333.16,18123331.05,CASH_OUT,22,0,0
612,402182.2,525357.0,123174.8,172776.24,574958.45,CASH_OUT,2,0,0
684,1377.46,47513.0,46135.54,0.0,0.0,PAYMENT,0,0,0
661,155832.64,1358.0,0.0,988036.45,1143869.09,CASH_OUT,5,0,0
692,8122.79,0.0,0.0,0.0,0.0,PAYMENT,0,0,0
596,826.09,101412.0,100585.91,122385.59,123211.68,DEBIT,1,0,0
642,22438.5,19175.69,0.0,0.0,0.0,PAYMENT,0,0,0
691,93664.77,0.0,0.0,882028.62,975693.39,CASH_OUT,6,0,0
619,27657.79,0.0,0.0,0.0,0.0,PAYMENT,0,0,0
705,48917.73,8289555.51,8338473.24,229883.27,180965.54,CASH_IN,1,0,0
688,685799.91,1518565.23,2204365.14,996345.53,310545.62,CASH_IN,10,0,0
692,164166.2,20001.0,0.0,0.0,164166.2,CASH_OUT,0,0,0
614,228681.85,4865544.66,5094226.51,1578848.27,1350166.42,CASH_IN,6,0,0
644,4532.95,0.0,0.0,0.0,0.0,PAYMENT,0,0,0
691,4316.76,0.0,0.0,5393937.55,5398254.31,CASH_OUT,13,0,0
619,588.8,20104.0,19515.2,0.0,0.0,PAYMENT,0,0,0
718,16038.52,40608.0,24569.48,0.0,0.0,PAYMENT,0,0,0
596,9809.51,5566.0,0.0,0.0,0.0,PAYMENT,0,0,0
673,201080.92,3378095.28,3579176.2,235592.05,34511.13,CASH_IN,1,0,0
686,392277.73,226.0,392503.73,0.0,0.0,CASH_IN,0,0,0
596,107722.25,0.0,0.0,183810.9,291533.15,TRANSFER,5,0,0
641,2205.55,2205.55,0.0,262952.99,265158.54,CASH_OUT,1,0,1
599,182193.13,0.0,0.0,8633233.44,8815426.57,CASH_OUT,19,0,0
684,197671.05,1022597.77,1220268.82,657267.26,459596.21,CASH_IN,7,0,0
681,566788.62,0.0,0.0,4840300.51,5407089.13,CASH_OUT,32,0,0
688,28534.2,106084.0,77549.8,0.0,0.0,PAYMENT,0,0,0
640,365765.07,7532790.38,7898555.46,831023.43,465258.36,CASH_IN,11,0,0
596,273896.94,0.0,0.0,1197415.81,1471312.75,CASH_OUT,11,0,0
690,2546.23,20707.0,18160.77,0.0,0.0,PAYMENT,0,0,0
596,12084.16,0.0,0.0,0.0,0.0,PAYMENT,0,0,0
687,5739.36,3666.0,0.0,0.0,0.0,PAYMENT,0,0,0
692,154535.33,28462.0,0.0,95138.04,249673.38,CASH_OUT,2,0,0
612,1848.71,49742.0,47893.29,0.0,0.0,PAYMENT,0,0,0
681,147418.94,42744.0,0.0,0.0,147418.94,CASH_OUT,0,0,0
599,396125.81,0.0,0.0,469367.57,865493.38,CASH_OUT,2,0,0
709,131262.13,59115.0,0.0,0.0,131262.13,CASH_OUT,0,0,0
687,117196.04,0.0,0.0,185928.89,303124.93,CASH_OUT,11,0,0
705,7554.33,791279.77,798834.1,244367.83,236813.5,CASH_IN,4,0,0
687,94881.56,60518.0,0.0,0.0,94881.56,TRANSFER,0,0,0
688,16964.61,21531.28,4566.67,0.0,0.0,PAYMENT,0,0,0
687,21880.88,119260.0,97379.12,0.0,21880.88,CASH_OUT,0,0,0
692,408984.03,4177555.8,4586539.83,2293622.04,1884638.02,CASH_IN,21,0,0
690,61338.79,0.0,0.0,4113140.98,4174479.77,CASH_OUT,30,0,0
690,132856.24,154.0,0.0,0.0,132856.24,CASH_OUT,0,0,0
664,294431.95,20111.0,314542.95,0.0,0.0,CASH_IN,1,0,0
659,19595.67,3811.0,0.0,0.0,0.0,PAYMENT,0,0,0
597,2453.69,20794.0,18340.31,0.0,0.0,PAYMENT,0,0,0
644,546.72,11977.0,12523.72,1041835.8,1041289.09,CASH_IN,5,0,0
681,5015.63,21522.0,16506.37,0.0,0.0,PAYMENT,0,0,0
707,10226.72,0.0,0.0,1310830.82,1321057.53,CASH_OUT,19,0,0
684,2709613.27,299750.37,0.0,3118317.9,5827931.18,TRANSFER,19,0,0
709,177012.62,0.0,0.0,410725.45,587738.07,CASH_OUT,2,0,0
681,190395.11,71512.0,0.0,0.0,190395.11,CASH_OUT,10,0,0
690,7220.1,0.0,0.0,0.0,0.0,PAYMENT,0,0,0
596,55809.88,5106.0,0.0,156396.5,212206.38,CASH_OUT,3,0,0
596,2915.05,0.0,0.0,0.0,0.0,PAYMENT,0,0,0
617,230524.35,10962648.35,11193172.71,2003938.84,1773414.48,CASH_IN,25,0,0
596,89356.78,0.0,0.0,4038994.0,4128350.78,CASH_OUT,13,0,0
597,8872.79,13693.0,4820.21,0.0,0.0,PAYMENT,0,0,0
599,66324.04,2263704.26,2330028.3,872411.39,806087.35,CASH_IN,6,0,0
595,178341.5,31255.0,0.0,3131930.48,3310271.98,CASH_OUT,16,0,0
688,61766.59,55067.0,0.0,0.0,61766.59,CASH_OUT,0,0,0
688,159115.44,4943538.57,5102654.02,561011.15,401895.71,CASH_IN,6,0,0
608,287533.95,4776211.98,5063745.93,2107957.79,1820423.84,CASH_IN,3,0,0
670,24443.26,15665.0,40108.26,602053.83,577610.57,CASH_IN,7,0,0
686,9779.37,20007.0,10227.63,0.0,0.0,PAYMENT,0,0,0
637,126212.13,19981.0,0.0,1676990.21,1803202.34,CASH_OUT,13,0,0
709,866.91,5158.0,4291.09,0.0,0.0,PAYMENT,0,0,0
687,109668.47,297853.0,407521.47,1481174.95,1371506.48,CASH_IN,11,0,0
688,368846.55,0.0,0.0,4614784.06,4983630.61,CASH_OUT,9,0,0
686,1670346.83,0.0,0.0,26810429.52,28480776.35,TRANSFER,53,0,0
690,176503.92,510975.0,334471.08,374019.22,550523.13,CASH_OUT,1,0,0
687,12906.49,0.0,0.0,0.0,0.0,PAYMENT,0,0,0
684,18458.57,0.0,0.0,0.0,0.0,PAYMENT,0,0,0
666,504362.34,504362.34,0.0,0.0,0.0,TRANSFER,0,0,1
681,32788.14,252798.0,285586.14,99926.45,67138.31,CASH_IN,6,0,0
691,4991.04,0.0,0.0,0.0,0.0,PAYMENT,0,0,0
687,18437.73,14076.0,32513.73,0.0,0.0,CASH_IN,0,0,0
705,10905.49,177167.35,166261.86,0.0,0.0,PAYMENT,0,0,0
687,76415.8,0.0,0.0,566678.44,643094.24,CASH_OUT,15,0,0
661,164072.05,49154.0,0.0,2812109.05,2976181.1,CASH_OUT,8,0,0
670,146999.56,74381.0,221380.56,28343.9,0.0,CASH_IN,9,0,0
705,45214.17,65496.0,20281.83,246231.12,291445.3,CASH_OUT,9,0,0
687,148897.95,254431.0,105533.05,0.0,148897.95,CASH_OUT,1,0,0
694,63638.57,27611.0,0.0,0.0,63638.57,TRANSFER,0,0,0
612,94799.48,9359099.54,9453899.01,2332764.8,2237965.33,CASH_IN,23,0,0
661,5634.16,364047.6,369681.77,506778.56,501144.39,CASH_IN,3,0,0
686,28497.5,1227629.44,1256126.95,185790.4,157292.89,CASH_IN,3,0,0
637,32262.28,53002.0,20739.72,0.0,0.0,PAYMENT,0,0,0
688,114644.13,69894.0,184538.13,2743727.73,2629083.59,CASH_IN,18,0,0
718,8033.96,82448.0,74414.04,0.0,0.0,PAYMENT,0,0,0
681,1.76,90288.97,90287.21,0.0,0.0,PAYMENT,0,0,0
690,183263.8,278184.0,94920.2,7085295.82,7268559.61,CASH_OUT,47,0,0
637,7586.61,10491.0,2904.39,0.0,0.0,PAYMENT,0,0,0
661,2494.66,0.0,0.0,0.0,0.0,PAYMENT,0,0,0
656,195634.74,1510807.92,1706442.66,17168921.77,16973287.02,CASH_IN,48,0,0
694,57099.19,0.0,0.0,707271.61,764370.8,CASH_OUT,3,0,0
686,191505.28,21076.18,0.0,471704.62,663209.9,CASH_OUT,9,0,0
642,32660.58,32660.58,0.0,0.0,32660.58,CASH_OUT,0,0,1
709,581943.69,22107.0,0.0,76955.54,658899.23,TRANSFER,1,0,0
679,27019.04,0.0,0.0,154824.55,181843.59,TRANSFER,3,0,0
705,20037.28,76383.0,56345.72,0.0,0.0,PAYMENT,0,0,0
656,26581.01,68674.12,42093.1,0.0,0.0,PAYMENT,0,0,0
692,87588.33,0.0,0.0,378336.25,465924.58,CASH_OUT,1,0,0
694,3200.46,30162.0,26961.54,0.0,0.0,PAYMENT,0,0,0
681,286034.61,2132720.12,2418754.73,388999.2,102964.59,CASH_IN,1,0,0
596,42958.72,1090474.37,1133433.08,149757.04,106798.33,CASH_IN,1,0,0
688,20033.63,8085.0,0.0,0.0,0.0,PAYMENT,0,0,0
687,93552.11,2903146.05,2996698.17,262193.91,168641.8,CASH_IN,1,0,0
672,7218629.01,7218629.01,0.0,0.0,7218629.01,CASH_OUT,0,0,1
692,10176.23,0.0,0.0,0.0,0.0,PAYMENT,0,0,0
659,196904.94,31373.0,228277.94,152555.57,0.0,CASH_IN,0,0,0
681,20471.39,44.0,20515.39,0.0,0.0,CASH_IN,0,0,0
595,31364.21,653355.0,621990.79,13371853.39,13403217.6,CASH_OUT,6,0,0
687,221543.66,14078.0,235621.66,454054.44,232510.78,CASH_IN,1,0,0
596,5619.69,0.0,0.0,0.0,0.0,PAYMENT,0,0,0
683,245308.4,1508510.1,1753818.5,1385945.12,1140636.72,CASH_IN,8,0,0
612,8962.0,0.0,0.0,0.0,0.0,PAYMENT,0,0,0
612,217859.49,4965895.28,5183754.77,4482793.93,4264934.43,CASH_IN,23,0,0
596,7047.31,0.0,0.0,0.0,0.0,PAYMENT,0,0,0
614,16865.39,24022.0,7156.61,0.0,16865.39,TRANSFER,0,0,0
683,164519.1,1424.0,0.0,0.0,164519.1,CASH_OUT,0,0,0
694,12809.9,0.0,0.0,0.0,0.0,PAYMENT,0,0,0
684,140599.3,6771.0,0.0,364505.86,505105.16,CASH_OUT,1,0,0
595,481663.59,20155.0,0.0,1442589.77,1924253.37,TRANSFER,10,0,0
637,315565.38,31773.0,347338.38,135351.24,0.0,CASH_IN,5,0,0
688,248049.18,0.0,0.0,1146080.67,1394129.84,CASH_OUT,24,0,0
595,283.52,0.0,0.0,0.0,0.0,PAYMENT,0,0,0
596,204.15,437065.0,436860.85,0.0,0.0,PAYMENT,0,0,0
688,237582.18,4518.0,0.0,0.0,237582.18,CASH_OUT,0,0,0
656,8474.3,30285.0,21810.7,0.0,0.0,PAYMENT,0,0,0
597,76270.85,55406.0,131676.85,0.0,0.0,CASH_IN,0,0,0
601,2369.43,48481.55,46112.11,0.0,0.0,PAYMENT,0,0,0
661,151667.67,1483541.25,1635208.91,446916.47,295248.81,CASH_IN,1,0,0
692,118439.74,6001.0,0.0,87638.59,206078.34,CASH_OUT,2,0,0
597,120380.34,32087.0,0.0,0.0,120380.34,TRANSFER,0,0,0
686,113805.4,464.0,0.0,5522422.69,5636228.09,CASH_OUT,21,0,0
595,1274634.02,38780.0,0.0,4750288.88,6024922.9,TRANSFER,15,0,0
619,5311.86,510.0,0.0,0.0,0.0,PAYMENT,0,0,0
687,3192.43,30260.0,27067.57,0.0,0.0,PAYMENT,0,0,0
612,1794.1,55188.3,53394.2,0.0,0.0,PAYMENT,0,0,0
595,141096.54,50412.0,0.0,0.0,141096.54,CASH_OUT,0,0,0
617,33630.06,31140.0,0.0,0.0,0.0,PAYMENT,0,0,0
619,730807.58,910.0,0.0,83471.24,814278.82,TRANSFER,3,0,0
709,319910.56,1167129.07,1487039.63,3131280.88,2811370.32,CASH_IN,11,0,0
687,115277.43,40937.0,0.0,0.0,115277.43,CASH_OUT,0,0,0
691,5580.04,0.0,0.0,0.0,0.0,PAYMENT,0,0,0
686,3981.16,103091.0,99109.84,0.0,0.0,PAYMENT,0,0,0
595,212.16,0.0,0.0,0.0,0.0,PAYMENT,0,0,0
691,427114.92,4547281.91,4974396.83,5789860.88,5362745.96,CASH_IN,7,0,0
690,120635.68,3757589.55,3878225.23,329641.22,209005.54,CASH_IN,0,0,0
596,199458.35,171.0,0.0,116857.83,316316.18,CASH_OUT,2,0,0
684,155644.86,1226123.7,1381768.55,3646939.16,3491294.3,CASH_IN,16,0,0
683,22023.31,1033.0,0.0,0.0,22023.31,CASH_OUT,1,0,0
694,696.37,1340.0,643.63,0.0,0.0,PAYMENT,0,0,0
612,81338.11,28178.78,0.0,1018990.68,1100328.79,CASH_OUT,5,0,0
664,44084.93,12021.0,0.0,1266504.24,1310589.17,CASH_OUT,25,0,0
714,39956.59,854.0,40810.59,2587169.49,2547212.89,CASH_IN,2,0,0
599,80630.06,8137.0,0.0,0.0,80630.06,TRANSFER,0,0,0
717,89681.18,7054.0,0.0,1184529.96,1274211.14,CASH_OUT,26,0,0
664,19690.23,31490.0,11799.77,0.0,0.0,PAYMENT,0,0,0
691,7610.02,8082.0,471.98,0.0,0.0,PAYMENT,0,0,0
691,274559.06,5002.0,279561.06,173437.92,0.0,CASH_IN,7,0,0
718,106856.02,22415.0,0.0,156181.49,263037.51,CASH_OUT,11,0,0
596,1283.85,45508.0,44224.15,0.0,0.0,PAYMENT,0,0,0
617,6202583.72,0.0,0.0,22057383.02,28259966.74,TRANSFER,3,0,0
688,124559.03,6786371.55,6910930.58,323055.41,198496.38,CASH_IN,10,0,0
692,3006.01,0.0,0.0,0.0,0.0,PAYMENT,0,0,0
687,724936.54,61128.0,0.0,2642.65,727579.19,TRANSFER,0,0,0
694,61403.35,0.0,0.0,157981.13,219384.48,TRANSFER,3,0,0
595,87337.86,244434.06,157096.2,1136818.62,1224156.48,CASH_OUT,8,0,0
688,3198.31,8560.0,5361.69,224838.94,228037.25,DEBIT,5,0,0
596,899105.93,0.0,0.0,1773545.81,2672651.74,TRANSFER,7,0,0
710,18765.34,78576.0,59810.66,0.0,0.0,PAYMENT,0,0,0
688,14246.62,0.0,0.0,0.0,0.0,PAYMENT,0,0,0
661,3651.95,11504.0,7852.05,0.0,0.0,PAYMENT,0,0,0
687,25705.23,5893764.51,5919469.74,96738.06,71032.83,CASH_IN,6,0,0
705,276295.08,0.0,0.0,307814.73,584109.81,TRANSFER,15,0,0
596,229910.44,2846602.21,3076512.65,610290.27,380379.83,CASH_IN,6,0,0
715,18296.12,40949.0,22652.88,0.0,0.0,PAYMENT,0,0,0
681,7427.22,9149.0,1721.78,0.0,0.0,PAYMENT,0,0,0
694,1123.9,40136.0,39012.1,0.0,0.0,PAYMENT,0,0,0
612,26840.26,0.0,0.0,0.0,0.0,PAYMENT,0,0,0
617,223456.0,396.0,0.0,10017.92,233473.92,TRANSFER,19,0,0
688,168563.54,52025.0,220588.54,3076511.69,2907948.14,CASH_IN,4,0,0
596,213018.35,9515804.22,9728822.56,9989395.53,9776377.18,CASH_IN,0,0,0
617,695698.67,409995.75,1105694.42,1331504.99,635806.32,CASH_IN,6,0,0
670,3200.35,0.0,0.0,0.0,0.0,PAYMENT,0,0,0
595,302634.66,2249903.27,2552537.93,6648908.46,6346273.8,CASH_IN,24,0,0
686,537818.15,526698.0,0.0,0.0,537818.15,CASH_OUT,1,0,0
724,200482.72,200482.72,0.0,254271.49,454754.21,CASH_OUT,0,0,1
667,6229.26,257174.0,250944.74,0.0,0.0,PAYMENT,0,0,0
595,20959.21,14989.0,0.0,0.0,0.0,PAYMENT,0,0,0
694,914626.92,0.0,0.0,920787.71,1835414.63,TRANSFER,4,0,0
688,33322.19,2033.0,0.0,0.0,0.0,PAYMENT,0,0,0
596,46512.01,0.0,0.0,4288316.12,4334828.13,CASH_OUT,11,0,0
690,33371.51,92833.14,59461.64,0.0,0.0,PAYMENT,0,0,0
661,267888.42,107036.0,374924.42,711393.28,443504.86,CASH_IN,9,0,0
596,11873.67,40507.39,28633.72,0.0,0.0,PAYMENT,0,0,0
688,275117.54,0.0,0.0,500228.63,775346.17,CASH_OUT,1,0,0
692,5277.35,311282.3,306004.94,0.0,0.0,PAYMENT,0,0,0
637,241683.23,12414.0,254097.23,2506938.42,2265255.19,CASH_IN,12,0,0
718,3147.1,20984.0,17836.9,0.0,0.0,PAYMENT,0,0,0
691,7422.07,284327.67,276905.59,0.0,0.0,PAYMENT,0,0,0
694,242045.85,0.0,0.0,470471.12,712516.97,CASH_OUT,3,0,0
596,733142.26,0.0,0.0,816306.98,1549449.24,TRANSFER,7,0,0
595,2233.74,156423.0,154189.26,0.0,0.0,PAYMENT,0,0,0
686,16374.77,176209.07,159834.3,0.0,0.0,PAYMENT,0,0,0
612,405239.59,7161364.64,7566604.23,6533931.28,6128691.69,CASH_IN,23,0,0
694,100593.56,2219.0,0.0,0.0,100593.56,TRANSFER,1,0,0
714,205314.39,21742.0,227056.39,0.0,0.0,CASH_IN,0,0,0
688,372560.35,10267630.54,10640190.89,1582306.1,1209745.75,CASH_IN,10,0,0
692,32111.97,0.0,0.0,0.0,0.0,PAYMENT,0,0,0
619,5246.92,12336.9,7089.98,0.0,0.0,PAYMENT,0,0,0
656,6144.99,3392.0,0.0,0.0,0.0,PAYMENT,0,0,0
595,244952.12,10091.0,0.0,0.0,244952.12,CASH_OUT,1,0,0
691,16130.09,20224.0,4093.91,0.0,0.0,PAYMENT,0,0,0
684,2844695.37,155101.0,0.0,406057.09,3250752.46,TRANSFER,6,0,0
595,124334.13,198509.64,322843.77,7118084.8,6993750.67,CASH_IN,38,0,0
686,995366.43,0.0,0.0,1931652.75,2927019.18,TRANSFER,10,0,0
610,176380.0,19685.97,0.0,179262.93,355642.93,CASH_OUT,2,0,0
596,133751.7,3293288.8,3427040.49,2244315.15,2110563.46,CASH_IN,3,0,0
656,354692.95,40664.0,0.0,60241.87,414934.82,CASH_OUT,9,0,0
688,233759.7,9482128.08,9715887.78,1601458.15,1367698.45,CASH_IN,11,0,0
598,2295.76,70087.0,67791.24,0.0,0.0,PAYMENT,0,0,0
687,83389.72,1163768.26,1247157.98,495523.65,412133.93,CASH_IN,4,0,0
688,257633.45,67052.0,0.0,5866157.65,6123791.09,CASH_OUT,13,0,0
595,67423.34,0.0,0.0,0.0,0.0,PAYMENT,0,0,0
688,976973.08,90642.0,0.0,28012.42,1004985.49,TRANSFER,1,0,0
692,30408.67,298636.0,268227.33,0.0,0.0,PAYMENT,0,0,0
684,145467.58,0.0,0.0,699882.09,845349.66,TRANSFER,1,0,0
597,1604.53,901839.87,900235.34,0.0,0.0,PAYMENT,0,0,0
687,14970.89,0.0,0.0,0.0,0.0,PAYMENT,0,0,0
690,4717.38,0.0,0.0,0.0,0.0,PAYMENT,0,0,0
619,13416.91,211070.0,197653.09,0.0,0.0,PAYMENT,0,0,0
690,3353.2,5621.0,2267.8,0.0,0.0,PAYMENT,0,0,0
695,207259.11,8708947.58,8916206.69,837163.31,629904.2,CASH_IN,2,0,0
709,312906.2,71554.0,0.0,0.0,312906.2,CASH_OUT,0,0,0
688,274070.37,0.0,0.0,422143.75,696214.11,CASH_OUT,4,0,0
661,4785.73,39647.0,34861.27,0.0,0.0,PAYMENT,0,0,0
684,25710.07,0.0,0.0,0.0,0.0,PAYMENT,0,0,0
686,15669.86,19262.0,3592.14,62714.24,78384.1,CASH_OUT,3,0,0
690,108628.67,56521.0,0.0,455170.29,563798.96,CASH_OUT,4,0,0
599,92904.36,10991405.09,11084309.46,2774727.65,2681823.29,CASH_IN,12,0,0
705,77295.97,0.0,0.0,3856687.42,3933983.4,CASH_OUT,16,0,0
705,11689.05,0.0,0.0,0.0,0.0,PAYMENT,0,0,0
690,5614.08,0.0,0.0,0.0,0.0,PAYMENT,0,0,0
595,133639.95,0.0,0.0,361948.31,495588.26,TRANSFER,1,0,0
691,168746.68,317.0,0.0,68658.75,237405.43,CASH_OUT,8,0,0
621,35021.66,0.0,0.0,0.0,0.0,PAYMENT,0,0,0
695,1350.96,160876.0,159525.04,592081.92,593432.87,DEBIT,10,0,0
709,28953.84,14247.0,43200.84,389844.82,360890.97,CASH_IN,3,0,0
694,117080.3,1145.0,0.0,11685.35,128765.64,TRANSFER,4,0,0
705,488700.39,4142057.0,4630757.39,570601.77,81901.38,CASH_IN,4,0,0
596,154710.2,20277.0,0.0,4875130.82,5029841.01,TRANSFER,24,0,0
617,287204.2,0.0,287204.2,655665.44,368461.24,CASH_IN,7,0,0
619,84291.58,342131.0,257839.42,71737.45,156029.02,CASH_OUT,1,0,0
664,331729.06,331729.06,0.0,203752.53,535481.59,CASH_OUT,6,0,1
698,2184556.65,2184556.65,0.0,734500.25,2919056.89,CASH_OUT,13,0,1
687,39618.28,21475.0,0.0,0.0,39618.28,CASH_OUT,1,0,0
691,11465.3,2157.0,0.0,0.0,0.0,PAYMENT,0,0,0
715,223381.12,2304.0,225685.12,653415.41,430034.29,CASH_IN,13,0,0
621,72014.4,978.0,0.0,403264.9,475279.3,CASH_OUT,10,0,0
690,280171.14,30063.0,0.0,252980.69,533151.84,CASH_OUT,6,0,0
661,122019.91,0.0,0.0,168540.92,290560.83,CASH_OUT,4,0,0
686,508430.74,205232.0,0.0,9506.1,517936.85,CASH_OUT,1,0,0
694,508834.57,0.0,0.0,5436390.49,5945225.07,TRANSFER,31,0,0
619,7003.23,2046.0,0.0,0.0,0.0,PAYMENT,0,0,0
694,17530.29,0.0,0.0,0.0,0.0,PAYMENT,0,0,0
715,271780.09,106580.0,0.0,178078.66,449858.76,CASH_OUT,2,0,0
684,19484.32,290736.0,310220.32,82238.07,62753.75,CASH_IN,4,0,0
705,235112.32,9454.31,0.0,5132222.47,5367334.79,TRANSFER,30,0,0
692,328606.36,349359.0,677965.36,0.0,0.0,CASH_IN,1,0,0
687,71257.81,42022.0,113279.81,872384.15,801126.34,CASH_IN,4,0,0
595,74465.88,0.0,0.0,76283.69,150749.57,CASH_OUT,2,0,0
612,555035.62,0.0,0.0,6204354.84,6759390.45,TRANSFER,16,0,0
619,11936.99,11231.0,0.0,0.0,0.0,PAYMENT,0,0,0
612,21211.21,191238.88,170027.68,0.0,0.0,PAYMENT,0,0,0
608,96396.29,303588.0,207191.71,705844.62,802240.92,CASH_OUT,12,0,0
664,1750.7,97095.04,95344.34,0.0,0.0,PAYMENT,0,0,0
596,12005.78,0.0,0.0,0.0,0.0,PAYMENT,0,0,0
595,13101.42,25608.0,12506.58,0.0,0.0,PAYMENT,0,0,0
610,1000.85,0.0,0.0,0.0,0.0,PAYMENT,0,0,0
661,41140.45,0.0,0.0,86069.65,127210.1,CASH_OUT,1,0,0
599,1302.96,199950.0,198647.04,0.0,0.0,PAYMENT,0,0,0
686,153082.22,4262.0,0.0,413585.88,566668.1,CASH_OUT,1,0,0
691,18570.79,106644.0,88073.21,0.0,18570.79,CASH_OUT,0,0,0
686,826512.91,174773.28,0.0,2010814.41,2837327.32,TRANSFER,11,0,0
637,105622.38,79.0,0.0,0.0,105622.38,CASH_OUT,1,0,0
656,66817.21,256161.68,322978.9,377816.32,310999.1,CASH_IN,7,0,0
694,20900.02,545.0,0.0,0.0,0.0,PAYMENT,0,0,0
690,386016.35,29750.0,415766.35,0.0,0.0,CASH_IN,0,0,0
690,1249.7,126922.53,125672.83,0.0,0.0,PAYMENT,0,0,0
687,10476.15,0.0,0.0,0.0,0.0,PAYMENT,0,0,0
688,195715.92,184634.0,0.0,1745587.82,1941303.74,CASH_OUT,23,0,0
596,702875.09,0.0,0.0,4438989.2,5141864.29,TRANSFER,0,0,0
688,674.18,0.0,0.0,0.0,0.0,PAYMENT,0,0,0
661,23760.33,0.0,0.0,0.0,0.0,PAYMENT,0,0,0
667,114766.47,115611.0,844.53,1874301.49,1989067.96,CASH_OUT,15,0,0
659,448424.03,59668.0,508092.03,3916714.82,3468290.79,CASH_IN,3,0,0
599,1641.25,26986.71,25345.46,0.0,0.0,PAYMENT,0,0,0
644,259568.47,0.0,0.0,364461.6,624030.07,CASH_OUT,4,0,0
637,39197.81,0.0,0.0,94066.66,133264.47,TRANSFER,3,0,0
691,45509.71,7960910.15,8006419.86,2324768.11,2279258.4,CASH_IN,18,0,0
614,50583.79,6762.0,57345.79,0.0,0.0,CASH_IN,0,0,0
681,327858.18,9880881.42,10208739.6,666115.42,338257.24,CASH_IN,3,0,0
688,194726.05,4834216.46,5028942.51,244046.38,49320.33,CASH_IN,12,0,0
694,2348.77,74656.0,72307.23,0.0,0.0,PAYMENT,0,0,0
667,39875.79,369800.0,329924.21,1411177.73,1451053.53,CASH_OUT,2,0,0
670,153506.12,144233.55,297739.67,267801.11,114294.99,CASH_IN,0,0,0
596,236891.07,10294767.48,10531658.55,1467704.07,1230813.0,CASH_IN,8,0,0
595,2754.56,0.0,0.0,0.0,0.0,PAYMENT,0,0,0
684,211419.27,9942.0,0.0,696315.97,907735.23,CASH_OUT,17,0,0
681,368456.24,12016.0,0.0,409358.48,777814.72,CASH_OUT,2,0,0
684,21499.07,1736330.9,1757829.96,1189822.96,1168323.9,CASH_IN,22,0,0
690,4683.35,0.0,0.0,0.0,0.0,PAYMENT,0,0,0
709,248424.02,1026.0,249450.02,192185.19,0.0,CASH_IN,16,0,0
605,2011285.35,2011285.35,0.0,19199.23,2030484.57,CASH_OUT,0,0,1
688,31102.11,10171.0,0.0,0.0,0.0,PAYMENT,0,0,0
690,5635.06,0.0,0.0,0.0,0.0,PAYMENT,0,0,0
690,45955.14,100319.0,146274.14,27633.77,0.0,CASH_IN,1,0,0
695,80008.13,7458089.83,7538097.96,1005080.72,925072.59,CASH_IN,3,0,0
673,2492.24,206740.0,204247.76,0.0,0.0,PAYMENT,0,0,0
695,28503.41,10172.13,0.0,0.0,0.0,PAYMENT,0,0,0
687,145072.54,0.0,0.0,1847531.85,1992604.39,CASH_OUT,3,0,0
709,332575.76,16579.0,0.0,0.0,332575.76,CASH_OUT,0,0,0
597,40155.78,4032313.52,4072469.31,2189833.34,2149677.56,CASH_IN,13,0,0
688,17448.15,45791.0,28342.85,0.0,0.0,PAYMENT,0,0,0
670,111351.82,55882.0,0.0,54850.09,166201.91,TRANSFER,5,0,0
687,2682.93,0.0,0.0,105580.78,108263.71,TRANSFER,0,0,0
684,118987.54,436834.0,317846.46,16932.08,135919.62,CASH_OUT,0,0,0
684,1861.02,0.0,0.0,0.0,0.0,PAYMENT,0,0,0
612,103778.05,0.0,0.0,1046308.97,1150087.02,CASH_OUT,7,0,0
686,175041.88,5294.0,0.0,1541142.9,1716184.78,CASH_OUT,12,0,0
691,165875.62,10024.0,0.0,447307.04,613182.66,CASH_OUT,6,0,0
637,456950.7,11225.0,0.0,527030.26,983980.96,CASH_OUT,12,0,0
597,4924.19,0.0,0.0,0.0,0.0,PAYMENT,0,0,0
642,13654.72,0.0,0.0,19864166.01,19877820.73,TRANSFER,43,0,0
595,188495.01,2086230.95,2274725.96,1345342.13,1156847.12,CASH_IN,12,0,0
692,8007.3,61718.0,53710.7,0.0,0.0,PAYMENT,0,0,0
692,220692.21,20188.0,0.0,84467.38,305159.59,CASH_OUT,1,0,0
687,159383.24,20896.0,0.0,227615.43,386998.67,CASH_OUT,7,0,0
683,58626.55,0.0,0.0,325366.76,383993.3,CASH_OUT,2,0,0
690,16089.04,0.0,0.0,0.0,0.0,PAYMENT,0,0,0
595,4390.26,234847.27,230457.01,0.0,0.0,PAYMENT,0,0,0
661,985.09,33056.0,32070.91,0.0,0.0,PAYMENT,0,0,0
617,30413.41,30231.0,0.0,0.0,0.0,PAYMENT,0,0,0
715,69978.6,20687.0,90665.6,53249.71,0.0,CASH_IN,2,0,0
608,7996.58,23015.0,15018.42,0.0,0.0,PAYMENT,0,0,0
684,64104.13,5468638.88,5532743.0,4833576.33,4769472.21,CASH_IN,32,0,0
705,1848830.09,54596.0,0.0,0.0,1848830.09,TRANSFER,0,0,0
596,1119977.28,0.0,0.0,40184988.27,41304965.55,TRANSFER,13,0,0
705,18381.01,11520.0,0.0,0.0,0.0,PAYMENT,0,0,0
637,14608.34,4845946.94,4860555.28,110445.09,95836.76,CASH_IN,2,0,0
661,178055.14,6881199.92,7059255.06,288431.18,110376.04,CASH_IN,2,0,0
617,136605.61,0.0,0.0,249910.19,386515.8,CASH_OUT,1,0,0
598,228789.91,51921.0,280710.91,238959.58,10169.67,CASH_IN,1,0,0
619,6991.23,5610.0,0.0,0.0,0.0,PAYMENT,0,0,0
667,4011.83,0.0,0.0,0.0,0.0,PAYMENT,0,0,0
688,27373.81,0.0,0.0,0.0,0.0,PAYMENT,0,0,0
683,49115.52,6697703.16,6746818.69,115324.17,66208.65,CASH_IN,3,0,0
661,117170.26,10675.0,0.0,1668547.2,1785717.46,CASH_OUT,21,0,0
656,1403.46,3276.0,1872.54,0.0,0.0,PAYMENT,0,0,0
670,34242.03,20777.0,55019.03,0.0,0.0,CASH_IN,1,0,0
684,81700.51,199024.0,280724.51,0.0,0.0,CASH_IN,0,0,0
664,5240.55,0.0,0.0,0.0,0.0,PAYMENT,0,0,0
687,408602.78,0.0,0.0,640601.21,1049203.99,TRANSFER,3,0,0
681,108560.9,1188.0,0.0,45471.2,154032.1,CASH_OUT,1,0,0
690,173996.57,4012492.88,4186489.45,4502922.27,4328925.71,CASH_IN,6,0,0
661,27017.09,1063553.16,1090570.25,687236.98,660219.89,CASH_IN,5,0,0
688,228523.67,0.0,0.0,1423365.52,1651889.19,CASH_OUT,4,0,0
692,85241.53,0.0,0.0,9763728.72,9848970.25,CASH_OUT,43,0,0
640,28501.22,399271.32,370770.1,0.0,0.0,PAYMENT,0,0,0
595,3594.65,20577.0,16982.35,0.0,0.0,PAYMENT,0,0,0
599,1325.79,15194.0,13868.21,253080.58,254406.37,DEBIT,8,0,0
690,16898.56,0.0,0.0,0.0,0.0,PAYMENT,0,0,0
612,15883.79,103507.0,87623.21,0.0,0.0,PAYMENT,0,0,0
710,40959.47,617091.0,576131.53,100103.51,141062.98,CASH_OUT,3,0,0
687,13933.26,0.0,0.0,0.0,0.0,PAYMENT,0,0,0
596,226156.05,42388.0,0.0,105504.65,331660.71,CASH_OUT,9,0,0
667,187617.99,104212.0,0.0,0.0,187617.99,CASH_OUT,0,0,0
659,3950.64,0.0,0.0,0.0,0.0,PAYMENT,0,0,0
596,6812.38,30622.0,23809.62,0.0,0.0,PAYMENT,0,0,0
691,605618.37,164112.0,0.0,13620.13,619238.5,TRANSFER,0,0,0
692,24689.11,14872.1,0.0,131101.11,155790.22,CASH_OUT,2,0,0
596,87041.38,0.0,0.0,1386416.42,1473457.79,CASH_OUT,1,0,0
690,13298.15,0.0,0.0,3799177.86,3812476.02,CASH_OUT,8,0,0
692,53978.7,147277.53,93298.84,1054198.77,1108177.47,CASH_OUT,5,0,0
681,67105.93,0.0,0.0,282123.8,349229.73,TRANSFER,9,0,0
686,335456.69,23491.0,0.0,188276.49,523733.19,CASH_OUT,12,0,0
687,91592.23,5918.0,0.0,0.0,91592.23,CASH_OUT,8,0,0
709,85290.53,10356.0,95646.53,0.0,0.0,CASH_IN,0,0,0
670,7372.98,0.0,0.0,0.0,0.0,PAYMENT,0,0,0
681,31032.28,138474.0,107441.72,79524.94,110557.21,CASH_OUT,8,0,0
644,18687.29,24322.0,5634.71,48946.19,67633.48,CASH_OUT,5,0,0
683,233335.79,6046069.77,6279405.55,508549.6,275213.81,CASH_IN,6,0,0
684,182571.5,142388.0,0.0,61824.06,244395.57,CASH_OUT,12,0,0
661,220449.03,22176.0,0.0,462244.13,682693.16,CASH_OUT,4,0,0
692,17116.9,56666.0,39549.1,0.0,0.0,PAYMENT,0,0,0
596,65998.23,833611.23,899609.46,363127.1,297128.87,CASH_IN,6,0,0
688,101465.94,0.0,0.0,168421.34,269887.28,CASH_OUT,6,0,0
596,10487.06,15147.0,4659.94,0.0,0.0,PAYMENT,0,0,0
661,409067.63,181020.0,0.0,1043013.85,1452081.48,CASH_OUT,4,0,0
619,16975.93,314.0,17289.93,3688303.37,3671327.44,CASH_IN,26,0,0
705,17876.8,52404.0,34527.2,0.0,0.0,PAYMENT,0,0,0
691,73559.2,343124.68,416683.87,113233.88,39674.69,CASH_IN,0,0,0
694,19179.83,0.0,0.0,0.0,0.0,PAYMENT,0,0,0
661,90196.0,163844.56,73648.56,6359129.56,6449325.56,CASH_OUT,15,0,0
595,16905.68,5014.0,0.0,0.0,0.0,PAYMENT,0,0,0
688,13498.54,51914.0,38415.46,0.0,0.0,PAYMENT,0,0,0
684,222852.78,6961305.92,7184158.7,1295779.45,1072926.67,CASH_IN,8,0,0
709,131842.27,616167.0,748009.27,0.0,0.0,CASH_IN,0,0,0
599,136985.31,148105.95,285091.26,1186857.06,1049871.75,CASH_IN,5,0,0
718,8526.29,1592.0,0.0,0.0,0.0,PAYMENT,0,0,0
612,428096.7,46914.0,475010.7,71310.83,0.0,CASH_IN,2,0,0
681,138798.83,0.0,0.0,590986.06,729784.89,CASH_OUT,5,0,0
642,264827.31,28399.65,0.0,405688.27,670515.58,CASH_OUT,3,0,0
637,2567840.67,0.0,0.0,4332556.72,6900397.39,TRANSFER,23,0,0
637,120962.97,7038822.01,7159784.97,48580289.41,48459326.44,CASH_IN,17,0,0
684,62991.23,7512593.91,7575585.14,292749.2,229757.98,CASH_IN,10,0,0
649,7183.15,332833.69,325650.55,0.0,0.0,PAYMENT,0,0,0
595,44859.58,11817.0,56676.58,0.0,0.0,CASH_IN,0,0,0
695,265276.34,118021.0,383297.34,84711.44,0.0,CASH_IN,1,0,0
637,1081662.27,0.0,0.0,4668126.05,5749788.33,TRANSFER,38,0,0
690,31684.69,1320123.02,1351807.71,639772.11,608087.42,CASH_IN,30,0,0
690,113664.15,948301.51,1061965.66,1310377.66,1196713.51,CASH_IN,15,0,0
688,517279.5,794449.84,1311729.34,553400.73,36121.23,CASH_IN,1,0,0
684,4639591.25,146860.0,0.0,44884.59,4684475.84,TRANSFER,1,0,0
681,8605.39,14121.0,5515.61,0.0,0.0,PAYMENT,0,0,0
595,2799.32,0.0,0.0,0.0,0.0,PAYMENT,0,0,0
659,149824.62,0.0,0.0,376909.6,526734.22,CASH_OUT,1,0,0
715,38420.02,1737.0,40157.02,0.0,0.0,CASH_IN,0,0,0
649,97462.87,124341.11,221803.98,149260.03,51797.16,CASH_IN,5,0,0
705,731993.95,40066.0,0.0,322362.1,1054356.05,TRANSFER,12,0,0
617,149882.48,0.0,0.0,251195.3,401077.78,TRANSFER,7,0,0
692,13702.72,41158.0,27455.28,0.0,0.0,PAYMENT,0,0,0
659,223607.93,0.0,0.0,384577.72,608185.65,TRANSFER,2,0,0
692,17407.63,47477.63,30070.0,0.0,0.0,PAYMENT,0,0,0
692,193735.2,55292.0,249027.2,2172369.4,1978634.2,CASH_IN,11,0,0
692,93910.39,1946052.41,2039962.81,129176.29,35265.89,CASH_IN,9,0,0
692,6221.02,0.0,0.0,0.0,0.0,PAYMENT,0,0,0
610,2189.42,9950.05,7760.63,0.0,0.0,PAYMENT,0,0,0
691,121773.59,28279.63,0.0,14054206.7,14175980.29,CASH_OUT,33,0,0
621,52178.96,2170.0,0.0,2134782.27,2186961.23,CASH_OUT,21,0,0
692,429776.4,21258.0,451034.4,0.0,0.0,CASH_IN,0,0,0
630,10477.32,3979816.33,3990293.65,196876.97,186399.66,CASH_IN,6,0,0
688,82707.65,290318.55,207610.9,182858.17,265565.83,CASH_OUT,0,0,0
659,814357.8,443812.56,0.0,1247376.02,2061733.82,TRANSFER,6,0,0
661,9934.89,59840.0,49905.11,0.0,0.0,PAYMENT,0,0,0
619,101674.36,8259.0,0.0,59020.13,160694.49,CASH_OUT,4,0,0
715,32394.74,480.0,32874.74,0.0,0.0,CASH_IN,1,0,0
717,173372.14,133591.0,0.0,166733.44,340105.58,CASH_OUT,3,0,0
710,57844.24,17642.0,0.0,0.0,57844.24,CASH_OUT,0,0,0
649,2597.41,58636.0,56038.59,0.0,0.0,PAYMENT,0,0,0
687,15458.42,175.0,0.0,0.0,0.0,PAYMENT,0,0,0
687,4768.32,0.0,0.0,0.0,0.0,PAYMENT,0,0,0
601,3111.99,0.0,0.0,0.0,0.0,PAYMENT,0,0,0
670,85193.06,1420567.52,1505760.59,361842.7,276649.64,CASH_IN,14,0,0
597,49432.83,1785646.77,1835079.6,174483.5,125050.66,CASH_IN,5,0,0
608,7311.8,11599.0,4287.2,0.0,0.0,PAYMENT,0,0,0
684,31174.9,98430.0,67255.1,0.0,0.0,PAYMENT,0,0,0
670,506.14,0.0,0.0,0.0,0.0,PAYMENT,0,0,0
681,17362.43,38615.0,21252.57,0.0,0.0,PAYMENT,0,0,0
661,226647.28,0.0,0.0,758336.96,984984.24,TRANSFER,7,0,0
684,147929.45,21403.0,0.0,11384.84,159314.28,CASH_OUT,0,0,0
610,103393.51,10952.0,0.0,4374397.09,4477790.59,CASH_OUT,12,0,0
690,252064.17,3202609.4,3454673.57,3828610.49,3576546.32,CASH_IN,7,0,0
595,6167.71,26528.0,20360.29,0.0,0.0,PAYMENT,0,0,0
617,646480.08,0.0,0.0,1152557.66,1799037.74,TRANSFER,12,0,0
683,131787.32,0.0,0.0,642772.62,774559.94,CASH_OUT,6,0,0
692,20597.77,107974.0,87376.23,0.0,0.0,PAYMENT,0,0,0
661,17034.03,10049.0,0.0,0.0,0.0,PAYMENT,0,0,0
684,397660.48,76159.65,0.0,1957187.85,2354848.34,CASH_OUT,13,0,0
718,121812.74,19881.0,0.0,0.0,121812.74,CASH_OUT,0,0,0
686,509735.7,0.0,0.0,1842252.71,2351988.41,TRANSFER,13,0,0
598,2371.16,36350.0,33978.84,0.0,0.0,PAYMENT,0,0,0
686,180375.44,0.0,0.0,2459887.84,2640263.28,CASH_OUT,9,0,0
681,140674.04,2061599.66,2202273.7,1338659.1,1197985.06,CASH_IN,4,0,0
688,176050.62,2973205.44,3149256.06,232526.38,56475.76,CASH_IN,2,0,0
688,379855.43,0.0,0.0,1472021.24,1851876.67,TRANSFER,11,0,0
705,185816.02,5640027.5,5825843.53,244994.24,59178.22,CASH_IN,1,0,0
684,235801.93,0.0,0.0,6495519.52,6731321.46,CASH_OUT,27,0,0
596,49989.56,121131.0,71141.44,0.0,49989.56,CASH_OUT,4,0,0
596,3061.0,313.0,0.0,0.0,0.0,PAYMENT,0,0,0
667,5141.78,55029.0,49887.22,0.0,0.0,PAYMENT,0,0,0
596,3942.49,49130.17,45187.68,0.0,0.0,PAYMENT,0,0,0
692,227274.45,0.0,0.0,4166825.76,4394100.21,CASH_OUT,28,0,0
595,10231.87,15684.0,5452.13,0.0,0.0,PAYMENT,0,0,0
617,212202.42,384853.0,172650.58,0.0,212202.42,CASH_OUT,23,0,0
687,14564.61,460437.14,445872.53,0.0,0.0,PAYMENT,0,0,0
619,1294.5,31710.0,30415.5,0.0,0.0,PAYMENT,0,0,0
692,167531.05,31450.0,0.0,362081.71,529612.76,CASH_OUT,2,0,0
715,144283.4,5463.0,149746.4,19303.3,0.0,CASH_IN,0,0,0
690,11974.71,140577.16,128602.45,0.0,0.0,PAYMENT,0,0,0
612,35941.34,0.0,0.0,0.0,0.0,PAYMENT,0,0,0
715,251131.05,224184.0,0.0,5349926.38,5601057.42,CASH_OUT,0,0,0
681,280301.51,32825.08,0.0,9592294.5,9872596.01,CASH_OUT,38,0,0
695,3206.66,39693.0,36486.34,0.0,0.0,PAYMENT,0,0,0
619,524905.02,0.0,0.0,18438245.44,18963150.46,TRANSFER,56,0,0
688,9813.83,0.0,0.0,0.0,0.0,PAYMENT,0,0,0
692,17151.51,152753.0,135601.49,0.0,0.0,PAYMENT,0,0,0
688,63434.39,3218345.11,3281779.49,346382.75,282948.36,CASH_IN,8,0,0
710,5428.67,291990.0,286561.33,0.0,0.0,PAYMENT,0,0,0
690,57992.14,7467.0,65459.14,58334.16,342.02,CASH_IN,10,0,0
595,4880.74,0.0,0.0,0.0,0.0,PAYMENT,0,0,0
661,10811.16,56105.0,45293.84,0.0,0.0,PAYMENT,0,0,0
714,14784.05,1344.0,0.0,0.0,0.0,PAYMENT,0,0,0
691,122448.57,49744.0,0.0,1410773.71,1533222.28,CASH_OUT,6,0,0
691,257657.23,10561.0,268218.23,341556.97,83899.74,CASH_IN,10,0,0
612,379012.66,1354885.89,1733898.55,5164470.5,4785457.84,CASH_IN,25,0,0
695,12604.36,4716.0,0.0,0.0,0.0,PAYMENT,0,0,0
661,45979.99,5086188.67,5132168.66,70786.62,24806.62,CASH_IN,3,0,0
715,169016.44,20857.0,0.0,0.0,169016.44,CASH_OUT,6,0,0
664,33243.35,163387.0,130143.65,119083.69,152327.04,CASH_OUT,3,0,0
684,17685.86,11005.0,0.0,0.0,0.0,PAYMENT,0,0,0
690,23880.75,0.0,0.0,0.0,0.0,PAYMENT,0,0,0
686,121169.33,25545.0,0.0,0.0,121169.33,CASH_OUT,0,0,0
596,2789.57,0.0,0.0,0.0,0.0,PAYMENT,0,0,0
637,15217.93,29719.0,14501.07,0.0,0.0,PAYMENT,0,0,0
619,6596.15,89913.38,83317.23,0.0,0.0,PAYMENT,0,0,0
683,10160.76,196186.38,186025.61,0.0,0.0,PAYMENT,0,0,0
691,10756.78,21295.0,10538.22,0.0,0.0,PAYMENT,0,0,0
642,207723.6,0.0,0.0,26538717.18,26746440.78,CASH_OUT,7,0,0
687,7863.86,201965.0,194101.14,0.0,0.0,PAYMENT,0,0,0
714,147753.71,23506.0,0.0,0.0,147753.71,CASH_OUT,0,0,0
688,154438.5,7322.0,0.0,0.0,154438.5,CASH_OUT,0,0,0
612,353124.69,8114448.59,8467573.28,2257351.51,1904226.82,CASH_IN,7,0,0
596,10572.3,0.0,0.0,0.0,0.0,PAYMENT,0,0,0
688,202499.04,544688.34,747187.38,19880269.8,19677770.76,CASH_IN,29,0,0
644,23053.19,102971.0,79917.81,0.0,0.0,PAYMENT,0,0,0
598,1631132.97,0.0,0.0,9165191.16,10796324.14,TRANSFER,30,0,0
595,200941.61,29062.0,230003.61,1302948.87,1102007.27,CASH_IN,21,0,0
714,354002.16,240677.0,594679.16,0.0,0.0,CASH_IN,1,0,0
614,240655.48,203045.0,443700.48,108.83,0.0,CASH_IN,2,0,0
621,18614.46,0.0,0.0,0.0,0.0,PAYMENT,0,0,0
714,153322.62,415349.0,262026.38,0.0,153322.62,CASH_OUT,0,0,0
597,5912.52,20135.0,14222.48,0.0,0.0,PAYMENT,0,0,0
661,9741.99,590427.08,580685.09,0.0,0.0,PAYMENT,0,0,0
596,430.16,0.0,0.0,0.0,0.0,PAYMENT,0,0,0
687,96658.18,0.0,0.0,190307.56,286965.74,TRANSFER,9,0,0
688,42083.83,517081.68,559165.51,3411010.16,3368926.33,CASH_IN,3,0,0
667,107056.75,656113.62,763170.36,1205965.61,1098908.86,CASH_IN,7,0,0
595,118913.59,11072.0,0.0,1604931.0,1723844.59,CASH_OUT,11,0,0
691,236900.59,7536546.35,7773446.93,1237137.22,1000236.63,CASH_IN,4,0,0
610,21958.16,0.0,0.0,0.0,0.0,PAYMENT,0,0,0
692,6450.09,1088.0,0.0,0.0,0.0,PAYMENT,0,0,0
608,38746.49,1506323.3,1545069.78,80929.61,42183.12,CASH_IN,0,0,0
688,54268.58,52329.0,0.0,0.0,54268.58,TRANSFER,2,0,0
683,6206.52,0.0,0.0,0.0,0.0,PAYMENT,0,0,0
659,7067.5,0.0,0.0,0.0,0.0,PAYMENT,0,0,0
596,140209.06,0.0,0.0,902604.96,1042814.02,CASH_OUT,3,0,0
661,476737.09,0.0,0.0,1373530.97,1850268.06,CASH_OUT,14,0,0
612,36075.22,61496.0,25420.78,0.0,0.0,PAYMENT,0,0,0
667,267510.84,19920.0,287430.84,1066897.36,799386.52,CASH_IN,10,0,0
683,887.66,0.0,0.0,0.0,0.0,PAYMENT,0,0,0
688,212112.87,39573.0,0.0,920058.93,1132171.8,CASH_OUT,21,0,0
595,264610.23,337.0,0.0,22456.65,287066.88,CASH_OUT,1,0,0
681,17797.93,20006.0,2208.07,0.0,0.0,PAYMENT,0,0,0
691,144166.82,0.0,0.0,265398.75,409565.57,CASH_OUT,13,0,0
686,170609.8,1243092.37,1413702.16,833011.06,662401.26,CASH_IN,6,0,0
709,25648.54,286207.0,260558.46,0.0,0.0,PAYMENT,0,0,0
687,147637.68,35558.0,0.0,44122.54,191760.22,CASH_OUT,0,0,0
596,197773.44,0.0,0.0,1415859.29,1613632.72,TRANSFER,5,0,0
692,236099.66,593034.0,829133.66,105762.92,0.0,CASH_IN,6,0,0
621,7861.81,17399.78,9537.97,0.0,0.0,PAYMENT,0,0,0
709,201670.6,10867.0,0.0,474222.28,675892.88,CASH_OUT,5,0,0
619,104778.03,0.0,0.0,393404.56,498182.6,CASH_OUT,11,0,0
644,9330.68,0.0,0.0,0.0,0.0,PAYMENT,0,0,0
695,72732.37,10991.0,0.0,0.0,72732.37,CASH_OUT,0,0,0
670,527981.72,0.0,0.0,1298284.48,1826266.2,TRANSFER,18,0,0
686,9167.41,0.0,0.0,0.0,0.0,PAYMENT,0,0,0
644,8865.1,197670.29,188805.18,0.0,0.0,PAYMENT,0,0,0
692,271238.46,0.0,0.0,683103.44,954341.9,CASH_OUT,4,0,0
688,21233.34,147508.0,126274.66,0.0,21233.34,TRANSFER,0,0,0
667,1652.58,110.0,0.0,0.0,0.0,PAYMENT,0,0,0
709,239977.47,25793.0,0.0,3630159.88,3870137.36,CASH_OUT,34,0,0
714,106090.29,107583.0,1492.71,67891.86,173982.16,CASH_OUT,1,0,0
692,225934.73,0.0,0.0,2748330.13,2974264.86,CASH_OUT,8,0,0
705,311850.18,1553.0,313403.18,11335.73,0.0,CASH_IN,0,0,0
596,1261.62,45344.0,44082.38,0.0,0.0,PAYMENT,0,0,0
688,61366.59,3281779.49,3343146.09,661070.09,599703.5,CASH_IN,4,0,0
617,94563.48,469736.0,375172.52,128236.69,222800.18,TRANSFER,2,0,0
694,3681.6,28058.11,24376.51,0.0,0.0,PAYMENT,0,0,0
688,76244.76,3149256.06,3225500.82,76611.1,366.34,CASH_IN,2,0,0
688,612710.99,427972.0,1040682.99,0.0,0.0,CASH_IN,1,0,0
709,30950.17,10900.0,0.0,0.0,0.0,PAYMENT,0,0,0
644,345777.87,115181.41,460959.28,758802.86,413024.99,CASH_IN,4,0,0
709,257536.59,24560.0,282096.59,0.0,0.0,CASH_IN,0,0,0
688,560770.76,11427.0,0.0,0.0,560770.76,CASH_OUT,0,0,0
656,8942.26,0.0,0.0,0.0,0.0,PAYMENT,0,0,0
705,72070.19,20119.0,0.0,867034.0,939104.19,CASH_OUT,5,0,0
692,496330.87,0.0,0.0,1626242.2,2122573.07,TRANSFER,15,0,0
695,127422.51,337359.57,209937.06,448927.91,576350.42,CASH_OUT,1,0,0
637,193983.14,4020401.99,4214385.13,4283401.41,4089418.27,CASH_IN,6,0,0
691,557860.6,0.0,0.0,3551236.15,4109096.74,TRANSFER,13,0,0
688,278713.16,5028942.51,5307655.67,844707.4,565994.23,CASH_IN,7,0,0
705,14992.47,2052.0,0.0,0.0,0.0,PAYMENT,0,0,0
686,33272.14,22483.0,0.0,0.0,33272.14,CASH_OUT,1,0,0
690,27201.27,0.0,0.0,259342.79,286544.06,CASH_OUT,6,0,0
644,132311.49,274.0,0.0,1107078.52,1239390.01,CASH_OUT,13,0,0
687,26902.08,58626.76,31724.68,0.0,0.0,PAYMENT,0,0,0
681,196181.18,17163.0,0.0,0.0,196181.18,TRANSFER,0,0,0
612,212821.01,0.0,0.0,2727827.1,2940648.11,TRANSFER,20,0,0
642,72256.35,42130.0,0.0,563959.82,636216.17,CASH_OUT,0,0,0
684,12132.58,0.0,0.0,0.0,0.0,PAYMENT,0,0,0
601,2070.71,61129.0,59058.29,0.0,0.0,PAYMENT,0,0,0
596,35094.64,19894.0,0.0,833830.42,868925.07,CASH_OUT,3,0,0
691,7343.78,0.0,0.0,0.0,0.0,PAYMENT,0,0,0
709,67112.98,15792.0,0.0,577301.73,644414.7,CASH_OUT,1,0,0
637,879910.16,0.0,0.0,1127687.35,2007597.51,TRANSFER,4,0,0
619,2723.42,299906.0,297182.58,0.0,0.0,PAYMENT,0,0,0
687,22468.42,0.0,0.0,0.0,0.0,PAYMENT,0,0,0
695,4434.78,131911.01,127476.24,0.0,0.0,PAYMENT,0,0,0
684,31621.84,156755.0,125133.16,0.0,0.0,PAYMENT,0,0,0
709,8359.53,62230.0,53870.47,0.0,0.0,PAYMENT,0,0,0
661,469944.95,3101247.27,3571192.21,623965.87,154020.92,CASH_IN,5,0,0
595,103127.57,0.0,0.0,125323.57,228451.14,CASH_OUT,2,0,0
595,454612.39,0.0,0.0,602597.42,1057209.81,CASH_OUT,1,0,0
595,210.03,20047.0,19836.97,0.0,0.0,PAYMENT,0,0,0
619,1645105.75,0.0,0.0,28059283.37,29704389.12,TRANSFER,53,0,0
690,298963.91,377194.8,676158.71,337215.89,38251.99,CASH_IN,1,0,0
715,148287.13,106091.0,0.0,254884.05,403171.18,CASH_OUT,2,0,0
688,195259.27,3631.0,0.0,2096795.53,2292054.81,TRANSFER,16,0,0
664,996.73,20871.0,19874.27,0.0,0.0,PAYMENT,0,0,0
642,204287.12,5455093.89,5659381.01,841443.87,637156.75,CASH_IN,2,0,0
659,64757.19,6435.0,71192.19,517982.3,453225.11,CASH_IN,8,0,0
688,12207.05,0.0,0.0,0.0,0.0,PAYMENT,0,0,0
597,47741.92,5075.0,0.0,0.0,47741.92,CASH_OUT,4,0,0
710,45302.85,53913.0,8610.15,0.0,0.0,PAYMENT,0,0,0
596,9022.55,5056.0,0.0,0.0,0.0,PAYMENT,0,0,0
705,171181.38,92331.0,0.0,5333490.74,5504672.12,CASH_OUT,30,0,0
681,10000.13,0.0,0.0,0.0,0.0,PAYMENT,0,0,0
669,286033.87,30777.0,0.0,86388.9,372422.77,CASH_OUT,5,0,0
692,219599.21,224862.76,444461.97,449210.61,229611.41,CASH_IN,3,0,0
687,256784.55,41326.0,0.0,1765364.52,2022149.07,CASH_OUT,9,0,0
596,227010.54,0.0,0.0,1227534.15,1454544.69,CASH_OUT,5,0,0
596,18220.18,0.0,0.0,0.0,0.0,PAYMENT,0,0,0
596,5563.99,5081.0,0.0,0.0,0.0,PAYMENT,0,0,0
686,374814.44,100817.0,475631.44,0.0,0.0,CASH_IN,2,0,0
595,18853.64,1232114.65,1250968.29,1080008.95,1061155.31,CASH_IN,11,0,0
596,3303.34,0.0,0.0,5582.17,8885.51,DEBIT,1,0,0
595,8756.89,50156.0,58912.89,0.0,0.0,CASH_IN,0,0,0
688,189141.6,20761.0,209902.6,3552127.01,3362985.41,CASH_IN,9,0,0
691,1099984.68,0.0,0.0,4705389.76,5805374.43,TRANSFER,18,0,0
681,8129.45,52113.0,43983.55,0.0,0.0,PAYMENT,0,0,0
608,3584.65,12107.23,8522.58,3741358.87,3744943.52,CASH_OUT,7,0,0
661,407917.16,286.0,408203.16,303546.44,0.0,CASH_IN,10,0,0
692,10238.68,40902.94,30664.26,0.0,0.0,PAYMENT,0,0,0
683,7919.98,51817.0,43897.02,0.0,0.0,PAYMENT,0,0,0
705,2108.79,15247.84,13139.05,0.0,0.0,PAYMENT,0,0,0
612,9375.07,32370.0,22994.93,0.0,0.0,PAYMENT,0,0,0
608,357035.44,0.0,0.0,412644.53,769679.97,CASH_OUT,5,0,0
596,11161.94,60253.0,49091.06,0.0,0.0,PAYMENT,0,0,0
692,55587.2,48730.52,0.0,0.0,0.0,PAYMENT,0,0,0
690,87570.15,4246956.08,4334526.23,123662.06,36091.91,CASH_IN,2,0,0
688,7338.72,185059.0,177720.28,287169.49,294508.21,CASH_OUT,2,0,0
687,228057.07,8734113.24,8962170.3,292627.23,64570.16,CASH_IN,15,0,0
596,28925.97,19153.0,0.0,0.0,28925.97,CASH_OUT,4,0,0
683,234038.94,11213.0,0.0,0.0,234038.94,CASH_OUT,2,0,0
695,10341.69,0.0,0.0,0.0,0.0,PAYMENT,0,0,0
595,78005.65,40406.0,0.0,579340.72,657346.37,CASH_OUT,19,0,0
715,1656.48,5509.0,3852.52,0.0,0.0,PAYMENT,0,0,0
695,9639.69,109030.0,99390.31,0.0,0.0,PAYMENT,0,0,0
596,117544.55,0.0,0.0,120971.18,238515.73,CASH_OUT,1,0,0
705,107604.67,29973.0,0.0,542.65,108147.32,CASH_OUT,0,0,0
597,433931.43,4728647.3,5162578.74,1856071.11,1422139.68,CASH_IN,14,0,0
664,88458.05,182.0,0.0,0.0,88458.05,CASH_OUT,0,0,0
670,4572.39,83468.69,78896.3,0.0,0.0,PAYMENT,0,0,0
686,5441.85,358800.82,353358.97,0.0,0.0,PAYMENT,0,0,0
610,123455.43,597881.0,721336.43,0.0,0.0,CASH_IN,1,0,0
642,15192.31,0.0,0.0,0.0,0.0,PAYMENT,0,0,0
595,55400.97,3563777.02,3619177.98,87494.63,32093.66,CASH_IN,0,0,0
690,14338.28,0.0,0.0,0.0,0.0,PAYMENT,0,0,0
608,1427505.63,0.0,0.0,7218199.17,8645704.8,TRANSFER,7,0,0
684,680388.73,0.0,0.0,2167855.35,9143254.36,TRANSFER,7,0,0
691,30681.21,2183.0,0.0,0.0,0.0,PAYMENT,0,0,0
688,412378.9,10651.0,0.0,0.0,412378.9,CASH_OUT,1,0,0
684,155111.91,0.0,0.0,509958.99,665070.9,TRANSFER,5,0,0
608,7414.61,58480.0,51065.39,0.0,0.0,PAYMENT,0,0,0
684,22511.02,142308.57,119797.55,0.0,0.0,PAYMENT,0,0,0
705,188662.4,0.0,0.0,1510817.8,1699480.21,CASH_OUT,11,0,0
684,431861.9,0.0,0.0,1039162.69,1471024.59,CASH_OUT,15,0,0
717,19954.76,10028.0,0.0,0.0,0.0,PAYMENT,0,0,0
670,12286.98,217.0,0.0,0.0,0.0,PAYMENT,0,0,0
597,36566.2,0.0,0.0,3511204.31,3547770.51,CASH_OUT,27,0,0
687,146151.41,52157.0,0.0,0.0,146151.41,CASH_OUT,0,0,0
597,334476.92,6893775.53,7228252.45,1390381.05,1055904.13,CASH_IN,14,0,0
596,43.08,375199.0,375155.92,0.0,0.0,PAYMENT,0,0,0
692,205305.94,0.0,0.0,8189268.98,8394574.92,TRANSFER,25,0,0
692,168013.94,103904.0,0.0,0.0,168013.94,CASH_OUT,1,0,0
617,63182.11,232.0,0.0,1475132.7,1538314.81,CASH_OUT,4,0,0
656,319714.71,18522.0,338236.71,686394.26,366679.55,CASH_IN,3,0,0
709,12851.8,226298.0,213446.2,0.0,0.0,PAYMENT,0,0,0
694,51259.39,0.0,0.0,13884714.33,13935973.72,CASH_OUT,44,0,0
705,439069.11,139788.7,0.0,5259651.02,5698720.13,TRANSFER,47,0,0
686,246899.49,0.0,0.0,10367166.27,10614065.76,CASH_OUT,5,0,0
694,26942.61,18126.0,0.0,0.0,0.0,PAYMENT,0,0,0
695,5072.24,118975.0,113902.76,0.0,0.0,PAYMENT,0,0,0
692,9415.91,1403.0,0.0,0.0,0.0,PAYMENT,0,0,0
681,423123.98,16393.0,0.0,66414.36,489538.34,CASH_OUT,0,0,0
650,50523.78,50523.78,0.0,0.0,50523.78,CASH_OUT,1,0,1
597,696.1,0.0,0.0,74652.17,75348.27,CASH_OUT,1,0,0
596,84887.5,11244.0,96131.5,5689713.8,5604826.3,CASH_IN,31,0,0
705,234952.49,5379908.85,5614861.34,987173.27,752220.78,CASH_IN,13,0,0
659,8003.85,199830.0,191826.15,0.0,0.0,PAYMENT,0,0,0
659,1597.34,305072.12,303474.78,0.0,0.0,PAYMENT,0,0,0
692,416972.95,0.0,0.0,2153260.72,2570233.67,TRANSFER,24,0,0
664,8986.96,106082.0,97095.04,0.0,0.0,PAYMENT,0,0,0
690,144331.21,783700.61,928031.83,157408.38,13077.17,CASH_IN,1,0,0
716,54192.98,104407.0,50214.02,19255183.95,19309376.93,CASH_OUT,37,0,0
687,45713.27,10085.0,55798.27,0.0,0.0,CASH_IN,0,0,0
686,7440.06,0.0,0.0,0.0,0.0,PAYMENT,0,0,0
637,323134.66,1775699.96,2098834.61,1064792.94,741658.28,CASH_IN,10,0,0
692,202305.39,0.0,0.0,1136227.98,1338533.37,CASH_OUT,17,0,0
637,111429.22,3412081.85,3523511.07,457514.08,346084.87,CASH_IN,2,0,0
686,5287.13,118.0,0.0,0.0,0.0,PAYMENT,0,0,0
687,19142.89,0.0,0.0,0.0,0.0,PAYMENT,0,0,0
692,12068.42,49697.0,37628.58,0.0,0.0,PAYMENT,0,0,0
691,4112.61,288247.0,284134.39,226415.37,230527.97,CASH_OUT,1,0,0
596,27056.93,16038.0,0.0,393504.38,420561.31,CASH_OUT,4,0,0
709,71432.55,30291.0,0.0,0.0,71432.55,CASH_OUT,1,0,0
684,25465.92,1381768.55,1407234.47,817366.15,791900.23,CASH_IN,5,0,0
619,3317.6,101.0,0.0,0.0,0.0,PAYMENT,0,0,0
596,9428.87,470.0,0.0,0.0,9428.87,CASH_OUT,0,0,0
686,82031.91,146491.0,64459.09,1745389.89,1827421.8,CASH_OUT,6,0,0
596,185402.46,6450966.78,6636369.24,1767990.82,1582588.36,CASH_IN,4,0,0
595,50571.87,223444.73,172872.85,0.0,0.0,PAYMENT,0,0,0
709,308717.73,20471.0,329188.73,274647.12,0.0,CASH_IN,2,0,0
661,3066.91,0.0,0.0,0.0,0.0,PAYMENT,0,0,0
608,344294.13,0.0,0.0,4794398.28,5138692.41,TRANSFER,17,0,0
690,8165.15,1059453.51,1067618.66,19076.43,10911.28,CASH_IN,12,0,0
614,31353.57,0.0,0.0,0.0,0.0,PAYMENT,0,0,0
683,331370.56,157537.55,0.0,836801.89,1168172.45,CASH_OUT,6,0,0
596,3575.72,11355.0,7779.28,0.0,0.0,PAYMENT,0,0,0
709,426.95,409965.0,409538.05,0.0,426.95,CASH_OUT,0,0,0
596,400505.45,9475655.1,9876160.55,1390298.82,989793.37,CASH_IN,14,0,0
688,270898.52,52415.0,0.0,0.0,270898.52,CASH_OUT,0,0,0
692,76122.99,1121.0,0.0,0.0,76122.99,CASH_OUT,0,0,0
683,94002.37,95.0,94097.37,0.0,0.0,CASH_IN,0,0,0
717,224388.95,102675.0,0.0,8833.69,233222.64,CASH_OUT,0,0,0
691,607274.84,0.0,0.0,1719697.64,2326972.48,TRANSFER,3,0,0
661,4970.49,0.0,0.0,0.0,0.0,PAYMENT,0,0,0
710,38858.54,4440.0,0.0,0.0,0.0,PAYMENT,0,0,0
597,118471.56,11018.0,0.0,0.0,118471.56,CASH_OUT,0,0,0
663,25472.32,25472.32,0.0,0.0,25472.32,CASH_OUT,0,0,1
608,5918935.89,0.0,0.0,10989543.58,16908479.47,TRANSFER,9,0,0
605,251118.04,251118.04,0.0,0.0,0.0,TRANSFER,0,0,1
684,33789.61,43714.0,77503.61,315295.47,281505.87,CASH_IN,2,0,0
684,86498.82,21300.0,0.0,1431950.53,1518449.35,CASH_OUT,14,0,0
692,51663.51,10465.0,62128.51,0.0,0.0,CASH_IN,9,0,0
687,365237.01,2353378.4,2718615.41,3191562.59,2826325.58,CASH_IN,18,0,0
715,24379.64,18177.0,0.0,5943882.93,5968262.58,CASH_OUT,8,0,0
595,289229.21,0.0,0.0,497062.84,786292.05,CASH_OUT,2,0,0
659,665354.99,147424.91,0.0,2834756.87,3500111.85,TRANSFER,14,0,0
649,315.58,143161.0,142845.42,0.0,0.0,PAYMENT,0,0,0
709,86653.57,4880989.85,4967643.42,1045575.38,958921.81,CASH_IN,9,0,0
691,14233.84,0.0,0.0,41002.83,55236.68,CASH_OUT,11,0,0
692,23407.29,1232.0,24639.29,31425.43,8018.15,CASH_IN,2,0,0
710,230663.44,6383.0,237046.44,332624.41,101960.97,CASH_IN,6,0,0
688,15581.56,0.0,0.0,878691.47,894273.03,CASH_OUT,8,0,0
688,2861.03,535116.07,532255.05,0.0,0.0,PAYMENT,0,0,0
686,187764.19,22088.0,0.0,38429421.17,38617185.36,CASH_OUT,33,0,0
621,14206.57,7579.0,0.0,53935.18,68141.75,CASH_OUT,0,0,0
597,221374.45,0.0,0.0,1287601.52,1508975.97,CASH_OUT,23,0,0
659,10718.76,0.0,0.0,0.0,0.0,PAYMENT,0,0,0
599,144592.32,7932668.97,8077261.3,7760441.0,7615848.68,CASH_IN,33,0,0
661,219709.0,11125804.53,11345513.53,885582.73,665873.73,CASH_IN,14,0,0
597,10092.39,0.0,0.0,0.0,0.0,PAYMENT,0,0,0
667,81965.63,4158.0,0.0,30441.82,112407.45,CASH_OUT,1,0,0
595,776.23,47388.52,46612.29,0.0,0.0,PAYMENT,0,0,0
617,190957.14,1627523.3,1818480.43,1943126.06,1752168.92,CASH_IN,11,0,0
640,810.12,19895.0,19084.88,0.0,0.0,PAYMENT,0,0,0
691,6767.8,0.0,0.0,0.0,0.0,PAYMENT,0,0,0
688,139918.66,0.0,0.0,162482.36,302401.02,CASH_OUT,0,0,0
656,608.67,134430.47,133821.8,0.0,0.0,PAYMENT,0,0,0
687,162539.85,69100.0,0.0,632201.12,794740.97,CASH_OUT,5,0,0
687,18351.7,389501.46,371149.76,0.0,0.0,PAYMENT,0,0,0
612,211190.89,20915.0,0.0,1959264.12,2170455.01,CASH_OUT,2,0,0
692,114812.66,0.0,0.0,212260.53,327073.2,CASH_OUT,0,0,0
690,7269.31,0.0,0.0,0.0,0.0,PAYMENT,0,0,0
715,8189.22,39182.0,47371.22,1849532.07,1841342.85,CASH_IN,11,0,0
695,839.55,0.0,0.0,0.0,0.0,PAYMENT,0,0,0
709,663341.54,159.0,0.0,57007.07,720348.61,CASH_OUT,0,0,0
595,5639.29,0.0,0.0,0.0,0.0,PAYMENT,0,0,0
595,10572.78,0.0,0.0,0.0,0.0,PAYMENT,0,0,0
687,925971.9,8571.0,0.0,2250502.46,3176474.36,TRANSFER,26,0,0
596,438852.89,0.0,0.0,1154669.49,1593522.37,CASH_OUT,6,0,0
596,15905.21,0.0,0.0,0.0,0.0,PAYMENT,0,0,0
710,26578.98,271.0,0.0,0.0,0.0,PAYMENT,0,0,0
596,40367.5,32011.0,72378.5,20459.18,0.0,CASH_IN,1,0,0
691,8310.77,0.0,0.0,0.0,0.0,PAYMENT,0,0,0
596,98887.26,7538158.13,7637045.39,4260838.88,4161951.63,CASH_IN,28,0,0
691,13088.21,216905.47,203817.26,0.0,0.0,PAYMENT,0,0,0
686,15467.03,0.0,0.0,0.0,0.0,PAYMENT,0,0,0
718,1956.79,45486.0,43529.21,0.0,0.0,PAYMENT,0,0,0
692,64166.72,0.0,0.0,2101613.19,2165779.91,CASH_OUT,11,0,0
595,13329.38,441689.72,428360.35,109525.06,122854.44,CASH_OUT,0,0,0
617,150826.32,53031.0,203857.32,10321825.14,10170998.82,CASH_IN,3,0,0
683,385320.57,82566.0,0.0,946666.26,1331986.84,CASH_OUT,6,0,0
692,197676.59,148647.0,346323.59,500535.07,302858.48,CASH_IN,13,0,0
688,358417.04,10432.0,0.0,0.0,358417.04,CASH_OUT,3,0,0
659,15219.08,4473366.35,4488585.42,61531.86,46312.79,CASH_IN,1,0,0
694,8980853.88,8980853.88,0.0,50532.12,9031386.0,CASH_OUT,7,0,1
644,191959.55,201.0,192160.55,0.0,0.0,CASH_IN,0,0,0
681,27953.18,0.0,0.0,799494.73,827447.9,CASH_OUT,6,0,0
608,153259.14,1086.0,0.0,222118.55,375377.69,CASH_OUT,3,0,0
612,21617.63,63601.0,41983.37,0.0,0.0,PAYMENT,0,0,0
688,246383.84,24698326.13,24944709.97,2002288.75,1755904.91,CASH_IN,25,0,0
691,26390.32,0.0,0.0,2534250.32,2560640.64,CASH_OUT,18,0,0
596,26713.93,15007.73,0.0,0.0,0.0,PAYMENT,0,0,0
681,366268.53,183.0,0.0,0.0,366268.53,TRANSFER,0,0,0
686,252234.2,19233.95,0.0,527055.53,779289.73,CASH_OUT,1,0,0
637,184639.12,0.0,184639.12,15274834.59,15090195.48,CASH_IN,43,0,0
684,15557.45,11456.0,0.0,0.0,0.0,PAYMENT,0,0,0
688,152220.1,0.0,0.0,405559.46,557779.56,CASH_OUT,18,0,0
596,149949.76,61579.0,211528.76,4467954.38,4318004.62,CASH_IN,23,0,0
597,64419.23,17070.0,0.0,473448.31,537867.54,CASH_OUT,10,0,0
694,184183.14,685.0,0.0,0.0,184183.14,CASH_OUT,4,0,0
597,8447.38,214.0,0.0,0.0,0.0,PAYMENT,0,0,0
595,130302.6,9914.0,140216.6,2192597.15,2062294.55,CASH_IN,10,0,0
608,13663.01,99341.0,85677.99,0.0,0.0,PAYMENT,0,0,0
683,45502.01,0.0,0.0,2409879.9,2455381.91,CASH_OUT,11,0,0
683,73615.11,7036.0,80651.11,0.0,0.0,CASH_IN,1,0,0
597,17034.7,0.0,0.0,0.0,0.0,PAYMENT,0,0,0
673,431.34,12280.0,11848.66,0.0,0.0,PAYMENT,0,0,0
690,665600.45,0.0,0.0,2527319.86,3192920.31,TRANSFER,17,0,0
686,310168.52,551569.51,861738.03,481266.77,171098.25,CASH_IN,3,0,0
644,14950.72,312887.0,297936.28,0.0,0.0,PAYMENT,0,0,0
690,556007.93,493.84,0.0,903835.11,1459843.04,CASH_OUT,10,0,0
688,18167.0,0.0,0.0,0.0,0.0,PAYMENT,0,0,0
681,25472.63,61669.0,36196.37,8077163.85,8102636.48,CASH_OUT,21,0,0
688,113314.03,747187.38,860501.41,4636582.8,4523268.77,CASH_IN,21,0,0
637,3870.94,0.0,0.0,0.0,0.0,PAYMENT,0,0,0
687,714360.29,0.0,0.0,1768553.84,2482914.13,TRANSFER,6,0,0
640,4639.16,56.0,0.0,0.0,0.0,PAYMENT,0,0,0
608,12845.72,55074.0,42228.28,0.0,0.0,PAYMENT,0,0,0
690,68218.75,81008.0,149226.75,239391.96,171173.21,CASH_IN,2,0,0
659,206647.15,73473.0,280120.15,58269.78,0.0,CASH_IN,4,0,0
694,16453.54,87416.07,70962.54,6682472.5,6698926.04,CASH_OUT,17,0,0
692,42115.61,34309.0,0.0,0.0,0.0,PAYMENT,0,0,0
656,260850.56,614262.0,353411.44,0.0,260850.56,CASH_OUT,1,0,0
687,194694.74,81057.0,0.0,446949.39,641644.13,TRANSFER,7,0,0
670,18727.81,23519.0,4791.19,0.0,18727.81,CASH_OUT,0,0,0
621,31929.92,18996.0,0.0,0.0,31929.92,CASH_OUT,3,0,0
659,401681.28,11376.0,413057.28,321932.6,0.0,CASH_IN,4,0,0
599,106311.06,20527.0,0.0,0.0,106311.06,TRANSFER,4,0,0
687,8929.02,15604.0,6674.98,0.0,0.0,PAYMENT,0,0,0
684,176768.28,101077.0,0.0,34690.34,211458.62,CASH_OUT,6,0,0
681,19839.55,41848.0,22008.45,0.0,0.0,PAYMENT,0,0,0
688,167364.08,19554401.26,19721765.34,329625.81,162261.73,CASH_IN,4,0,0
597,59040.26,5043.0,64083.26,0.0,0.0,CASH_IN,2,0,0
705,11569.52,290.0,0.0,0.0,0.0,PAYMENT,0,0,0
637,13530.15,41987.0,28456.85,0.0,0.0,PAYMENT,0,0,0
614,19125.79,11345.0,0.0,0.0,0.0,PAYMENT,0,0,0
686,2757.39,12263.0,9505.61,393636.04,396393.44,DEBIT,2,0,0
637,32658.26,3982.0,0.0,0.0,0.0,PAYMENT,0,0,0
705,12912.92,650.0,0.0,0.0,0.0,PAYMENT,0,0,0
690,257737.46,199136.0,456873.46,1357230.98,1099493.52,CASH_IN,11,0,0
642,2844.96,183587.0,180742.04,0.0,0.0,PAYMENT,0,0,0
690,201759.35,0.0,0.0,520605.36,722364.71,CASH_OUT,4,0,0
709,15457.59,3607.0,0.0,1803033.9,1818491.49,CASH_OUT,22,0,0
715,9410.6,10222.0,811.4,0.0,0.0,PAYMENT,0,0,0
610,189617.11,12325017.78,12514634.89,5199559.12,5009942.01,CASH_IN,43,0,0
705,329316.09,25533.0,0.0,680699.87,1010015.96,CASH_OUT,16,0,0
717,13340.94,31224.0,17883.06,0.0,0.0,PAYMENT,0,0,0
670,3455.01,0.0,0.0,0.0,0.0,PAYMENT,0,0,0
688,396363.97,111358.0,0.0,6616661.69,7013025.66,TRANSFER,27,0,0
670,130931.69,146684.0,15752.31,1652397.93,1783329.63,CASH_OUT,13,0,0
597,17534.0,70948.55,53414.56,0.0,0.0,PAYMENT,0,0,0
690,105273.03,0.0,0.0,476130.97,581404.0,CASH_OUT,9,0,0
596,40305.31,0.0,0.0,357909.19,398214.5,CASH_OUT,4,0,0
691,10948.39,0.0,0.0,0.0,0.0,PAYMENT,0,0,0
637,39691.0,1065.0,0.0,0.0,0.0,PAYMENT,0,0,0
705,164141.47,57773.0,221914.47,738624.14,574482.67,CASH_IN,11,0,0
659,222792.19,21498.0,0.0,0.0,222792.19,CASH_OUT,0,0,0
686,1622.0,50016.0,48394.0,0.0,0.0,PAYMENT,0,0,0
598,3040.38,287.0,0.0,0.0,0.0,PAYMENT,0,0,0
612,102728.16,5976791.06,6079519.23,1463666.67,1360938.51,CASH_IN,7,0,0
599,7870.26,51241.0,43370.74,0.0,0.0,PAYMENT,0,0,0
661,949117.51,11153.0,0.0,653280.5,1602398.01,TRANSFER,11,0,0
717,1952.29,105.0,0.0,0.0,0.0,PAYMENT,0,0,0
596,716074.2,74141.57,0.0,2317074.49,3033148.68,TRANSFER,2,0,0
617,227311.96,1074570.95,1301882.92,4872223.61,4644911.65,CASH_IN,14,0,0
670,1480.97,20164.0,18683.03,125965.21,127446.18,DEBIT,0,0,0
681,10840.37,42179.0,31338.63,0.0,0.0,PAYMENT,0,0,0
640,21868.59,8394133.55,8416002.13,702093.25,680224.66,CASH_IN,8,0,0
673,8088.32,4396.55,0.0,0.0,0.0,PAYMENT,0,0,0
596,152239.89,0.0,0.0,2482967.54,2635207.43,CASH_OUT,5,0,0
691,87267.35,946796.28,1034063.62,599502.53,512235.18,CASH_IN,7,0,0
597,244968.62,0.0,0.0,716137.94,961106.56,CASH_OUT,5,0,0
644,888872.93,0.0,0.0,1541408.11,2430281.04,TRANSFER,12,0,0
595,22268.26,0.0,0.0,0.0,0.0,PAYMENT,0,0,0
694,68077.28,46028.0,114105.28,0.0,0.0,CASH_IN,0,0,0
709,337904.48,7576.0,345480.48,24251.71,0.0,CASH_IN,3,0,0
715,248667.6,16049.0,0.0,0.0,248667.6,CASH_OUT,0,0,0
596,184603.36,25389.0,0.0,2724030.44,2908633.8,CASH_OUT,12,0,0
681,154280.41,0.0,0.0,2033589.47,2187869.88,TRANSFER,20,0,0
688,2800.2,0.0,0.0,0.0,0.0,PAYMENT,0,0,0
595,130732.87,147316.54,16583.66,197977.74,328710.61,CASH_OUT,5,0,0
686,12310.28,0.0,0.0,0.0,0.0,PAYMENT,0,0,0
692,1565.55,50983.0,49417.45,25211.21,26776.76,CASH_OUT,2,0,0
681,423999.57,47055.87,0.0,510006.87,934006.44,TRANSFER,5,0,0
637,40506.09,11516.0,0.0,0.0,0.0,PAYMENT,0,0,0
688,16820.01,0.0,0.0,0.0,0.0,PAYMENT,0,0,0
595,302971.08,0.0,0.0,527773.96,830745.04,TRANSFER,5,0,0
692,176881.32,133005.0,0.0,9842.56,186723.87,CASH_OUT,0,0,0
642,7593.05,215.0,0.0,0.0,0.0,PAYMENT,0,0,0
692,83654.61,0.0,0.0,4086635.27,4170289.87,CASH_OUT,29,0,0
692,7945.62,1692.0,0.0,0.0,0.0,PAYMENT,0,0,0
692,71606.47,0.0,0.0,2408161.25,2479767.72,CASH_OUT,14,0,0
686,637267.48,0.0,0.0,1934315.96,2571583.43,TRANSFER,22,0,0
687,1842.52,17799.0,15956.48,0.0,0.0,PAYMENT,0,0,0
705,299109.54,218440.87,0.0,2102933.72,2402043.26,CASH_OUT,19,0,0
596,59087.59,0.0,0.0,69470.44,128558.03,CASH_OUT,2,0,0
670,1758.49,0.0,0.0,0.0,0.0,PAYMENT,0,0,0
597,209826.39,4302317.94,4512144.34,272157.35,62330.96,CASH_IN,3,0,0
688,213060.43,20398.0,0.0,4780.84,217841.26,TRANSFER,0,0,0
684,250593.17,2160480.24,2411073.41,410357.85,159764.68,CASH_IN,3,0,0
617,18278.17,31378.0,13099.83,0.0,0.0,PAYMENT,0,0,0
686,8362.66,0.0,0.0,0.0,0.0,PAYMENT,0,0,0
661,267865.44,0.0,0.0,560543.36,828408.81,CASH_OUT,5,0,0
661,3183.21,10001.0,6817.79,0.0,0.0,PAYMENT,0,0,0
659,431433.78,0.0,0.0,1027147.75,1458581.53,TRANSFER,7,0,0
710,9841.97,1162.0,0.0,348702.85,358544.82,CASH_OUT,5,0,0
596,68194.37,6500261.28,6568455.64,137462.57,69268.21,CASH_IN,1,0,0
597,256852.05,18571.04,0.0,5496208.63,5753060.68,CASH_OUT,4,0,0
601,31062.56,2419928.19,2450990.75,45844.08,14781.52,CASH_IN,0,0,0
596,24228.12,30434.0,54662.12,0.0,0.0,CASH_IN,2,0,0
661,16218.7,53109.0,69327.7,1476100.56,1459881.86,CASH_IN,3,0,0
595,6037.38,20467.5,14430.12,0.0,0.0,PAYMENT,0,0,0
596,3394.48,223.0,0.0,0.0,0.0,PAYMENT,0,0,0
690,10076.62,134896.58,124819.96,0.0,0.0,PAYMENT,0,0,0
621,6713.56,0.0,0.0,0.0,0.0,PAYMENT,0,0,0
612,10349.39,31971.0,21621.61,0.0,0.0,PAYMENT,0,0,0
695,34605.47,0.0,0.0,600730.17,635335.63,TRANSFER,4,0,0
601,3621.37,31034.0,27412.63,0.0,0.0,PAYMENT,0,0,0
686,136570.29,0.0,0.0,329561.14,466131.44,CASH_OUT,7,0,0
681,28597.41,67858.0,39260.59,0.0,0.0,PAYMENT,0,0,0
681,154318.21,6118.0,0.0,4368919.1,4523237.31,CASH_OUT,14,0,0
705,554793.42,0.0,0.0,5454551.0,6009344.42,TRANSFER,31,0,0
684,3384027.63,339.0,0.0,533182.21,3917209.85,TRANSFER,7,0,0
684,15387.65,13641.0,0.0,0.0,0.0,PAYMENT,0,0,0
690,7540.06,0.0,0.0,0.0,0.0,PAYMENT,0,0,0
637,13300.08,215234.0,228534.08,0.0,0.0,CASH_IN,0,0,0
596,483751.23,0.0,0.0,6313873.97,6797625.19,CASH_OUT,21,0,0
687,16641.86,0.0,0.0,0.0,0.0,PAYMENT,0,0,0
709,3024.52,808.0,3832.52,602677.97,599653.45,CASH_IN,12,0,0
637,581956.47,0.0,0.0,17739578.91,18321535.37,CASH_OUT,3,0,0
692,188547.84,0.0,0.0,1701130.08,1889677.92,CASH_OUT,14,0,0
681,150295.65,100671.0,250966.65,3501202.13,3350906.48,CASH_IN,9,0,0
715,31525.46,287801.0,256275.54,580099.21,611624.67,CASH_OUT,1,0,0
661,16320.43,865.0,0.0,0.0,0.0,PAYMENT,0,0,0
684,344775.03,0.0,0.0,426328.21,771103.24,CASH_OUT,19,0,0
612,159527.26,33327.0,0.0,260622.83,420150.08,CASH_OUT,0,0,0
596,141440.17,5848318.95,5989759.11,1014085.19,872645.02,CASH_IN,11,0,0
644,54636.81,203884.0,258520.81,262069.71,207432.9,CASH_IN,6,0,0
684,124699.39,11680.0,0.0,0.0,124699.39,CASH_OUT,2,0,0
688,8599.96,5637.0,0.0,0.0,0.0,PAYMENT,0,0,0
688,33943.33,22881.0,0.0,0.0,0.0,PAYMENT,0,0,0
690,131823.2,94189.0,226012.2,3263339.23,3131516.03,CASH_IN,30,0,0
610,364444.27,0.0,0.0,680397.82,1044842.09,TRANSFER,2,0,0
617,109660.1,52392.0,0.0,1405414.7,1515074.8,CASH_OUT,13,0,0
692,107328.88,50828.0,0.0,0.0,107328.88,CASH_OUT,0,0,0
681,65118.27,4594107.43,4659225.7,1171476.25,1106357.98,CASH_IN,11,0,0
659,166160.93,7026.0,173186.93,195924.79,29763.86,CASH_IN,2,0,0
707,267735.73,1131.0,0.0,0.0,267735.73,CASH_OUT,0,0,0
670,6867.4,22174.0,15306.6,0.0,0.0,PAYMENT,0,0,0
710,893070.16,40301.0,0.0,942134.7,1835204.86,TRANSFER,8,0,0
596,118785.0,0.0,0.0,1185409.56,2296076.87,CASH_OUT,9,0,0
596,377591.95,0.0,0.0,494743.44,872335.39,TRANSFER,3,0,0
681,199087.07,8266684.96,8465772.03,4925196.3,4726109.23,CASH_IN,32,0,0
686,60323.5,0.0,0.0,237405.46,297728.96,CASH_OUT,3,0,0
612,3722.99,15300.0,11577.01,0.0,0.0,PAYMENT,0,0,0
612,2138.35,19150.41,17012.06,0.0,0.0,PAYMENT,0,0,0
597,167298.94,0.0,0.0,2615621.5,2782920.44,CASH_OUT,5,0,0
692,10528.34,0.0,0.0,0.0,0.0,PAYMENT,0,0,0
614,7654.49,1683732.49,1691386.98,61311.68,53657.19,CASH_IN,2,0,0
659,93261.72,1412565.51,1505827.22,682105.75,588844.03,CASH_IN,4,0,0
664,1230.54,0.0,0.0,0.0,0.0,PAYMENT,0,0,0
619,7422.26,301260.61,293838.35,0.0,0.0,PAYMENT,0,0,0
681,9403.52,104622.0,114025.52,50319.4,40915.87,CASH_IN,2,0,0
596,9724.65,289669.88,279945.22,0.0,0.0,PAYMENT,0,0,0
610,84360.83,164858.07,249218.9,108785.16,24424.32,CASH_IN,2,0,0
612,54465.93,26313.0,0.0,0.0,54465.93,CASH_OUT,4,0,0
715,307691.18,390.0,0.0,0.0,307691.18,TRANSFER,0,0,0
681,11359.92,16344.84,4984.92,0.0,0.0,PAYMENT,0,0,0
692,21934.12,0.0,0.0,0.0,0.0,PAYMENT,0,0,0
714,17304.64,97292.0,79987.36,0.0,0.0,PAYMENT,0,0,0
715,5914.02,29037.0,23122.98,387081.99,392996.01,TRANSFER,11,0,0
695,2096.96,57382.0,55285.04,0.0,0.0,PAYMENT,0,0,0
717,5830.88,49654.0,43823.12,0.0,0.0,PAYMENT,0,0,0
690,11120.5,0.0,0.0,0.0,0.0,PAYMENT,0,0,0
617,14124.63,0.0,0.0,0.0,0.0,PAYMENT,0,0,0
681,12855.21,0.0,0.0,0.0,0.0,PAYMENT,0,0,0
695,2917.13,0.0,0.0,0.0,0.0,PAYMENT,0,0,0
690,10413.43,31340.94,20927.51,0.0,0.0,PAYMENT,0,0,0
691,179814.73,512630.0,332815.27,101628.04,281442.77,CASH_OUT,3,0,0
595,46092.24,722242.84,768335.08,662294.52,616202.28,CASH_IN,14,0,0
619,224147.39,3293155.29,3517302.69,4032825.73,3808678.33,CASH_IN,23,0,0
683,56048.21,40875.0,96923.21,0.0,0.0,CASH_IN,0,0,0
596,8951.96,7625.0,0.0,0.0,0.0,PAYMENT,0,0,0
596,47258.92,5671852.37,5719111.3,65774.11,18515.19,CASH_IN,2,0,0
644,36273.46,11273.0,47546.46,0.0,0.0,CASH_IN,1,0,0
705,46630.6,0.0,0.0,143722.01,190352.61,TRANSFER,1,0,0
595,137770.96,196526.78,58755.82,330057.83,467828.79,TRANSFER,4,0,0
617,7478.67,0.0,0.0,0.0,0.0,PAYMENT,0,0,0
687,194042.27,0.0,0.0,1097809.64,1291851.9,TRANSFER,5,0,0
718,6026.28,16066.0,10039.72,0.0,0.0,PAYMENT,0,0,0
614,160734.02,3160.0,163894.02,237616.69,76882.67,CASH_IN,6,0,0
595,59396.4,17402.0,0.0,9840826.79,9900223.18,CASH_OUT,32,0,0
621,93068.49,21123.0,114191.49,1217970.71,1124902.22,CASH_IN,11,0,0
686,114862.36,2310962.3,2425824.66,5701366.29,5586503.92,CASH_IN,1,0,0
595,117544.87,0.0,0.0,5990858.55,6108403.42,CASH_OUT,32,0,0
640,307138.04,29781.0,336919.04,0.0,0.0,CASH_IN,1,0,0
688,48713.26,7934358.1,7983071.36,693094.39,644381.13,CASH_IN,19,0,0
612,27528.84,196395.0,168866.16,0.0,27528.84,TRANSFER,0,0,0
619,136309.9,11517.0,0.0,1251631.9,1387941.8,CASH_OUT,10,0,0
686,573174.02,0.0,0.0,3014729.27,3587903.29,TRANSFER,11,0,0
726,3547010.54,3547010.54,0.0,134668.9,3681679.44,CASH_OUT,4,0,1
644,14672.83,0.0,0.0,0.0,0.0,PAYMENT,0,0,0
692,427861.66,14353.0,0.0,0.0,427861.66,CASH_OUT,0,0,0
687,13328.72,30717.0,17388.28,0.0,0.0,PAYMENT,0,0,0
596,30449.15,254863.95,285313.1,4363624.18,4333175.03,CASH_IN,28,0,0
595,5920.01,10777.24,4857.23,0.0,0.0,PAYMENT,0,0,0
686,2199.33,2040.0,0.0,0.0,0.0,PAYMENT,0,0,0
686,9951.12,157209.0,147257.88,0.0,0.0,PAYMENT,0,0,0
656,209708.14,169387.0,379095.14,300149.22,90441.07,CASH_IN,2,0,0
709,313707.3,40399.0,354106.3,0.0,0.0,CASH_IN,2,0,0
661,235434.0,1443966.72,1679400.72,408974.38,173540.38,CASH_IN,7,0,0
612,23579.19,30707.0,7127.81,0.0,0.0,PAYMENT,0,0,0
667,78461.26,45005.0,123466.26,173902.65,95441.39,CASH_IN,3,0,0
687,377544.77,12590.0,0.0,41570.26,419115.03,CASH_OUT,1,0,0
687,307987.36,67722.0,375709.36,11052.98,0.0,CASH_IN,1,0,0
690,33593.07,2650449.17,2684042.23,347879.94,314286.87,CASH_IN,5,0,0
670,2037.79,50845.0,48807.21,0.0,0.0,PAYMENT,0,0,0
691,206085.17,2433492.48,2639577.65,1177372.5,971287.32,CASH_IN,2,0,0
597,87318.37,20115.0,0.0,157927.22,245245.59,CASH_OUT,5,0,0
709,8946.31,18271.0,9324.69,0.0,0.0,PAYMENT,0,0,0
688,61638.15,0.0,0.0,390686.92,452325.07,TRANSFER,7,0,0
694,778328.98,14623.0,0.0,2223054.7,3001383.68,TRANSFER,1,0,0
644,108796.57,794037.0,685240.43,0.0,108796.57,CASH_OUT,0,0,0
691,72591.36,495480.0,422888.64,0.0,72591.36,CASH_OUT,0,0,0
688,3018.12,0.0,0.0,0.0,0.0,PAYMENT,0,0,0
690,368.38,14969.0,14600.62,1372140.21,1372508.59,DEBIT,8,0,0
687,328102.93,13077105.13,13405208.07,835465.88,507362.94,CASH_IN,14,0,0
596,51777.76,3036.0,54813.76,10453700.3,10401922.54,CASH_IN,45,0,0
596,159632.88,2355253.82,2514886.7,168792.28,9159.39,CASH_IN,1,0,0
683,1910.84,55675.0,53764.16,0.0,0.0,PAYMENT,0,0,0
691,148144.09,203.0,148347.09,164001.65,15857.56,CASH_IN,2,0,0
661,142082.56,0.0,0.0,2131650.08,2273732.64,CASH_OUT,7,0,0
617,266473.18,5025.0,271498.18,128729.9,0.0,CASH_IN,1,0,0
596,6011.26,18795.0,12783.74,0.0,0.0,PAYMENT,0,0,0
596,1177.78,0.0,0.0,0.0,0.0,PAYMENT,0,0,0
688,9606.19,5095.47,0.0,0.0,0.0,PAYMENT,0,0,0
595,22911.22,254.0,0.0,0.0,22911.22,CASH_OUT,0,0,0
683,46439.13,115.0,0.0,525323.52,571762.64,CASH_OUT,5,0,0
595,50971.13,22969.0,73940.13,148111.19,97140.06,CASH_IN,14,0,0
709,169123.03,313695.0,482818.03,817054.41,647931.38,CASH_IN,4,0,0
690,62686.42,99930.0,37243.58,919341.2,982027.63,CASH_OUT,8,0,0
596,1370.27,48157.0,46786.73,2207378.31,2208748.58,CASH_OUT,21,0,0
686,4691.91,0.0,0.0,0.0,0.0,PAYMENT,0,0,0
705,553758.72,78424.0,632182.72,5154212.87,4600454.15,CASH_IN,12,0,0
718,7936.04,241795.0,233858.96,0.0,0.0,PAYMENT,0,0,0
690,36534.24,99593.0,136127.24,0.0,0.0,CASH_IN,1,0,0
688,6268.67,0.0,0.0,0.0,0.0,PAYMENT,0,0,0
686,578542.99,0.0,0.0,1031155.28,1609698.26,TRANSFER,2,0,0
690,14695.35,770.0,0.0,0.0,0.0,PAYMENT,0,0,0
656,1962.29,30630.0,28667.71,0.0,0.0,PAYMENT,0,0,0
681,408172.92,1217.0,409389.92,0.0,0.0,CASH_IN,0,0,0
619,121949.23,0.0,0.0,899227.78,1021177.01,CASH_OUT,12,0,0
694,162764.46,18135.0,0.0,0.0,162764.46,TRANSFER,0,0,0
598,33299.22,33185.28,0.0,0.0,0.0,PAYMENT,0,0,0
691,7.47,0.0,0.0,0.0,0.0,PAYMENT,0,0,0
612,114682.63,2091998.7,2206681.33,623542.44,508859.81,CASH_IN,14,0,0
710,163004.51,20371.0,0.0,55196.37,218200.88,CASH_OUT,9,0,0
688,9424.04,44397.0,34972.96,0.0,0.0,PAYMENT,0,0,0
661,133820.07,364309.0,230488.93,6146376.08,6280196.15,CASH_OUT,35,0,0
596,354271.42,315657.34,0.0,913658.44,1267929.85,CASH_OUT,8,0,0
670,9804.18,21069.0,11264.82,0.0,0.0,PAYMENT,0,0,0
691,10674.85,19266.0,8591.15,0.0,0.0,PAYMENT,0,0,0
691,202632.14,15892.0,218524.14,35010.09,0.0,CASH_IN,2,0,0
637,10517.42,970.0,0.0,0.0,0.0,PAYMENT,0,0,0
715,222212.33,243998.0,21785.67,58474.3,280686.63,CASH_OUT,13,0,0
705,143757.7,21479.0,165236.7,0.0,0.0,CASH_IN,0,0,0
694,43019.41,888.0,0.0,352799.06,395818.48,CASH_OUT,2,0,0
715,484908.32,1431.0,0.0,837995.72,1322904.04,TRANSFER,3,0,0
705,275167.87,22685.0,0.0,19974.46,295142.32,CASH_OUT,9,0,0
687,19907.12,0.0,0.0,0.0,0.0,PAYMENT,0,0,0
617,43392.99,0.0,0.0,724602.17,767995.16,CASH_OUT,3,0,0
710,366088.27,174781.0,0.0,114017.72,480105.99,TRANSFER,2,0,0
705,21503.59,190079.43,168575.84,0.0,0.0,PAYMENT,0,0,0
619,176010.69,4735820.85,4911831.53,297871.24,121860.55,CASH_IN,7,0,0
688,194817.79,29902.0,0.0,1482751.35,1677569.13,CASH_OUT,9,0,0
667,4035.8,517202.44,513166.64,0.0,0.0,PAYMENT,0,0,0
690,141020.25,3631939.15,3772959.41,1019813.2,878792.94,CASH_IN,2,0,0
686,303415.27,33178.0,336593.27,2386385.79,2082970.52,CASH_IN,17,0,0
691,197558.08,2219446.41,2417004.49,1260295.38,1062737.3,CASH_IN,16,0,0
614,5519.05,0.0,0.0,0.0,0.0,PAYMENT,0,0,0
612,7227.23,22559.51,15332.27,0.0,0.0,PAYMENT,0,0,0
681,618995.66,0.0,0.0,637778.41,1256774.07,TRANSFER,5,0,0
640,1683.76,30661.0,28977.24,0.0,0.0,PAYMENT,0,0,0
686,33585.32,8013.0,0.0,0.0,33585.32,CASH_OUT,4,0,0
695,57437.76,0.0,0.0,2872848.28,2930286.04,CASH_OUT,33,0,0
601,3301.12,106133.77,102832.66,0.0,0.0,PAYMENT,0,0,0
687,691667.2,70444.0,762111.2,0.0,0.0,CASH_IN,1,0,0
644,253949.62,3226654.14,3480603.76,13668213.27,13414263.64,CASH_IN,8,0,0
681,122366.26,585535.0,463168.74,57402.55,179768.8,TRANSFER,2,0,0
684,384415.61,34641.0,0.0,3696916.55,4081332.16,CASH_OUT,22,0,0
717,3497.09,11123.0,7625.91,0.0,0.0,PAYMENT,0,0,0
691,7633.31,151961.0,144327.69,0.0,0.0,PAYMENT,0,0,0
614,3373.11,123.0,0.0,0.0,0.0,PAYMENT,0,0,0
614,32557.31,78196.99,45639.68,0.0,0.0,PAYMENT,0,0,0
595,1881.38,63149.71,61268.32,0.0,0.0,PAYMENT,0,0,0
656,4728.84,10550.48,5821.64,0.0,0.0,PAYMENT,0,0,0
690,16128.15,0.0,0.0,0.0,0.0,PAYMENT,0,0,0
644,5799.94,385.0,0.0,0.0,0.0,PAYMENT,0,0,0
637,204939.08,0.0,0.0,280333.27,485272.36,CASH_OUT,2,0,0
667,41754.59,20947.0,0.0,31302.32,73056.91,CASH_OUT,0,0,0
612,16867.35,317231.78,300364.44,0.0,0.0,PAYMENT,0,0,0
595,221348.17,0.0,0.0,675254.68,896602.85,CASH_OUT,10,0,0
612,70026.53,8812362.56,8882389.09,587354.32,517327.78,CASH_IN,9,0,0
598,5540.79,0.0,0.0,0.0,0.0,PAYMENT,0,0,0
683,44151.45,4191692.53,4235843.97,101294.71,57143.27,CASH_IN,1,0,0
683,304773.26,0.0,0.0,961317.78,1266091.04,CASH_OUT,15,0,0
688,80346.71,11440769.73,11521116.44,100905.43,20558.72,CASH_IN,1,0,0
595,3462.85,541.0,0.0,0.0,0.0,PAYMENT,0,0,0
596,56184.33,0.0,0.0,1019230.62,1075414.94,TRANSFER,6,0,0
686,40274.52,23797.01,0.0,3569991.99,3610266.51,CASH_OUT,6,0,0
714,2382.67,33152.0,30769.33,0.0,0.0,PAYMENT,0,0,0
684,160241.71,0.0,0.0,1183678.46,1343920.17,CASH_OUT,17,0,0
690,12179.49,99433.98,87254.5,0.0,0.0,PAYMENT,0,0,0
659,172571.06,1393967.68,1566538.74,7409872.35,7237301.29,CASH_IN,36,0,0
644,5980.88,0.0,0.0,0.0,0.0,PAYMENT,0,0,0
690,207272.24,1157.0,208429.24,1093529.38,886257.13,CASH_IN,7,0,0
683,19689.57,8190.0,0.0,0.0,0.0,PAYMENT,0,0,0
715,150019.39,34703.0,184722.39,116763.99,0.0,CASH_IN,6,0,0
688,3403.93,0.0,0.0,0.0,0.0,PAYMENT,0,0,0
687,44300.52,0.0,0.0,239734.64,284035.16,CASH_OUT,7,0,0
715,263235.88,33626.0,0.0,2320680.41,2583916.29,CASH_OUT,2,0,0
595,7326.88,0.0,0.0,0.0,0.0,PAYMENT,0,0,0
705,93922.81,21346.0,0.0,0.0,93922.81,CASH_OUT,1,0,0
718,118857.56,54305.0,173162.56,315833.09,196975.52,CASH_IN,6,0,0
684,512391.46,2252094.37,2764485.84,988913.02,476521.56,CASH_IN,11,0,0
688,225582.39,38993.0,0.0,236194.93,461777.32,CASH_OUT,10,0,0
688,258057.41,36771.0,0.0,251976.91,510034.32,CASH_OUT,3,0,0
669,23130.58,31482.0,8351.42,3495297.79,3518428.37,CASH_OUT,23,0,0
715,5389.92,50751.0,45361.08,0.0,0.0,PAYMENT,0,0,0
686,1093687.18,0.0,0.0,1327882.19,2421569.37,TRANSFER,3,0,0
640,33143.94,44973.84,11829.9,0.0,0.0,PAYMENT,0,0,0
656,77736.37,51893.0,0.0,0.0,77736.37,CASH_OUT,0,0,0
692,21155.6,0.0,0.0,0.0,0.0,PAYMENT,0,0,0
690,4633.76,405108.0,400474.24,5548136.01,5552769.76,DEBIT,10,0,0
659,278129.88,4010342.26,4288472.14,313647.08,35517.2,CASH_IN,1,0,0
595,10307.94,0.0,0.0,0.0,0.0,PAYMENT,0,0,0
599,178005.11,0.0,0.0,1136040.59,1314045.7,TRANSFER,8,0,0
726,316882.94,316882.94,0.0,1049008.93,1365891.86,CASH_OUT,6,0,1
686,84989.85,10648.0,0.0,608615.28,693605.14,CASH_OUT,4,0,0
670,63941.02,15070.0,79011.02,2666700.29,2602759.26,CASH_IN,11,0,0
661,79040.49,17169.0,0.0,0.0,79040.49,CASH_OUT,1,0,0
688,12399.68,171781.0,159381.32,0.0,0.0,PAYMENT,0,0,0
684,6478.69,221309.31,214830.62,0.0,0.0,PAYMENT,0,0,0
608,8201.78,90102.0,81900.22,0.0,0.0,PAYMENT,0,0,0
688,15886.07,0.0,0.0,552692.69,568578.76,CASH_OUT,14,0,0
648,27584.17,27584.17,0.0,0.0,27584.17,CASH_OUT,0,0,1
715,172850.19,317.0,0.0,0.0,172850.19,TRANSFER,0,0,0
595,73737.66,59045.0,132782.66,0.0,0.0,CASH_IN,2,0,0
661,399.15,0.0,0.0,0.0,0.0,PAYMENT,0,0,0
688,568057.68,8025590.98,8593648.66,1970256.99,1402199.31,CASH_IN,16,0,0
659,148479.26,0.0,0.0,356461.16,504940.42,CASH_OUT,4,0,0
619,87570.21,0.0,0.0,188406.47,275976.69,CASH_OUT,3,0,0
617,145.93,20421.0,20275.07,0.0,0.0,PAYMENT,0,0,0
694,5066.55,0.0,0.0,0.0,0.0,PAYMENT,0,0,0
690,129650.19,35180.0,164830.19,28265.65,0.0,CASH_IN,1,0,0
619,83932.58,36664.0,0.0,4374548.25,4458480.83,CASH_OUT,10,0,0
596,11746.34,32136.0,20389.66,0.0,0.0,PAYMENT,0,0,0
690,3077.09,30970.96,27893.88,0.0,0.0,PAYMENT,0,0,0
687,19634.99,484638.31,465003.32,0.0,0.0,PAYMENT,0,0,0
695,45148.85,10034.0,55182.85,436923.54,391774.69,CASH_IN,7,0,0
686,256738.22,50330.0,0.0,2834163.78,3090902.0,CASH_OUT,20,0,0
688,24890.03,0.0,0.0,0.0,0.0,PAYMENT,0,0,0
608,11481.41,0.0,0.0,0.0,0.0,PAYMENT,0,0,0
691,11313.2,4114182.58,4125495.78,523377.67,512064.46,CASH_IN,1,0,0
694,19232.93,0.0,0.0,0.0,0.0,PAYMENT,0,0,0
692,4832.9,123233.37,118400.46,0.0,0.0,PAYMENT,0,0,0
659,4358070.33,6995.0,0.0,190211.95,4548282.28,TRANSFER,13,0,0
595,89557.47,1479370.61,1568928.08,196443.7,106886.22,CASH_IN,2,0,0
686,129603.8,222.0,0.0,2791393.39,2920997.19,CASH_OUT,10,0,0
688,232.34,31163.0,30930.66,140187.02,140419.35,DEBIT,1,0,0
690,110394.19,699299.45,809693.64,745357.65,634963.47,CASH_IN,0,0,0
691,143313.22,12866.0,0.0,0.0,143313.22,CASH_OUT,0,0,0
692,118673.87,0.0,0.0,147582.59,266256.46,CASH_OUT,1,0,0
681,942454.55,20761.0,0.0,75558.04,1018012.6,TRANSFER,2,0,0
690,144361.03,49921.0,0.0,800634.54,944995.57,CASH_OUT,3,0,0
692,24070.48,0.0,0.0,0.0,0.0,PAYMENT,0,0,0
640,17698.88,194944.85,177245.97,0.0,0.0,PAYMENT,0,0,0
667,195108.21,0.0,0.0,2263374.77,2458482.99,TRANSFER,15,0,0
659,668496.53,0.0,0.0,839349.33,1507845.86,CASH_OUT,3,0,0
670,10852.79,7046.0,0.0,0.0,0.0,PAYMENT,0,0,0
644,19223.21,174847.32,155624.11,0.0,0.0,PAYMENT,0,0,0
710,297134.32,15269.0,0.0,0.0,297134.32,CASH_OUT,0,0,0
687,17599.77,199453.0,181853.23,0.0,0.0,PAYMENT,0,0,0
659,2320.5,21923.0,19602.5,0.0,0.0,PAYMENT,0,0,0
687,63863.94,1163125.33,1226989.27,203998.05,140134.11,CASH_IN,2,0,0
656,5195.46,439.0,0.0,0.0,0.0,PAYMENT,0,0,0
718,7195.51,28243.0,21047.49,0.0,0.0,PAYMENT,0,0,0
637,175646.28,0.0,0.0,2378473.04,2554119.32,CASH_OUT,12,0,0
695,285062.15,1701948.75,1987010.9,14018845.86,13733783.72,CASH_IN,8,0,0
640,171249.8,151071.0,322320.8,3019618.99,2848369.19,CASH_IN,22,0,0
684,107887.41,55295.0,0.0,28702.18,136589.59,CASH_OUT,4,0,0
691,27678.97,0.0,0.0,0.0,0.0,PAYMENT,0,0,0
687,495369.22,14847.0,510216.22,2785584.66,2290215.44,CASH_IN,20,0,0
614,55601.02,8091186.57,8146787.58,417423.36,361822.34,CASH_IN,4,0,0
683,12810.07,172515.55,159705.48,0.0,0.0,PAYMENT,0,0,0
619,10338.05,21899.77,11561.72,0.0,0.0,PAYMENT,0,0,0
681,31815.34,29080.0,60895.34,447142.18,415326.84,CASH_IN,7,0,0
681,123189.13,52665.0,0.0,1483358.5,1606547.63,CASH_OUT,5,0,0
684,6813.9,0.0,0.0,0.0,0.0,PAYMENT,0,0,0
596,1151.8,40674.0,39522.2,0.0,0.0,PAYMENT,0,0,0
595,5055.35,465201.0,460145.65,0.0,0.0,PAYMENT,0,0,0
695,122511.52,5449.0,0.0,238710.14,361221.66,TRANSFER,4,0,0
710,130826.89,107881.0,0.0,0.0,130826.89,CASH_OUT,0,0,0
692,111109.16,0.0,0.0,455565.78,566674.93,CASH_OUT,4,0,0
667,415220.94,0.0,0.0,1606002.26,2021223.19,CASH_OUT,6,0,0
681,15186.97,0.0,0.0,0.0,0.0,PAYMENT,0,0,0
695,2388.62,445.0,0.0,0.0,0.0,PAYMENT,0,0,0
692,19690.66,205520.0,185829.34,2144158.1,2163848.76,CASH_OUT,17,0,0
596,24120.78,3901765.29,3925886.07,261942.76,237821.98,CASH_IN,5,0,0
690,169682.98,299881.0,130198.02,431434.81,601117.79,CASH_OUT,7,0,0
644,18918.55,165.0,19083.55,319171.53,300252.98,CASH_IN,1,0,0
644,5715.38,136576.96,130861.58,0.0,0.0,PAYMENT,0,0,0
690,255788.35,0.0,0.0,15369221.39,15625009.74,CASH_OUT,46,0,0
692,273941.34,7815.0,281756.34,0.0,0.0,CASH_IN,0,0,0
661,12793.05,0.0,0.0,0.0,0.0,PAYMENT,0,0,0
683,107367.62,198167.0,305534.62,0.0,0.0,CASH_IN,5,0,0
688,312918.64,5713786.24,6026704.87,1936412.79,1623494.15,CASH_IN,19,0,0
683,82850.32,8464336.27,8547186.59,4584006.21,4501155.89,CASH_IN,28,0,0
687,27744.15,0.0,0.0,0.0,0.0,PAYMENT,0,0,0
688,148271.25,7.0,0.0,0.0,148271.25,CASH_OUT,0,0,0
661,96031.76,3022757.57,3118789.33,1038479.0,942447.24,CASH_IN,10,0,0
595,71835.19,21596.0,0.0,51503.67,123338.86,CASH_OUT,1,0,0
688,506540.08,0.0,0.0,1597957.59,2104497.67,TRANSFER,23,0,0
596,14833.7,146586.85,131753.15,102769.21,117602.91,CASH_OUT,0,0,0
687,306241.12,11834.0,0.0,92005.42,398246.54,CASH_OUT,3,0,0
690,147713.08,10765.0,0.0,1478353.69,1626066.77,CASH_OUT,7,0,0
684,81089.23,0.0,0.0,157508.68,238597.91,CASH_OUT,0,0,0
687,534021.93,279731.0,813752.93,1887201.38,1353179.44,CASH_IN,17,0,0
686,11134.96,2265.0,0.0,0.0,0.0,PAYMENT,0,0,0
672,494906.21,0.0,0.0,528083.47,1022989.69,CASH_OUT,4,0,0
683,17973.57,159705.48,141731.9,0.0,0.0,PAYMENT,0,0,0
614,8047.18,49590.0,41542.82,0.0,0.0,PAYMENT,0,0,0
667,242.49,524579.31,524336.81,0.0,0.0,PAYMENT,0,0,0
661,263721.98,4196051.14,4459773.12,1137948.31,874226.32,CASH_IN,5,0,0
688,20272.99,23226.0,2953.01,0.0,0.0,PAYMENT,0,0,0
637,54500.02,7030488.67,7084988.69,302528.51,248028.5,CASH_IN,7,0,0
595,377117.92,0.0,0.0,5844822.16,6221940.08,CASH_OUT,39,0,0
595,1215.79,0.0,0.0,0.0,0.0,PAYMENT,0,0,0
619,46302.69,0.0,0.0,2707270.29,2753572.98,CASH_OUT,10,0,0
687,4862.56,4979.0,116.44,0.0,0.0,PAYMENT,0,0,0
688,201086.34,9080431.27,9281517.61,6479254.92,6278168.58,CASH_IN,3,0,0
596,6767.18,234016.0,227248.82,0.0,0.0,PAYMENT,0,0,0
619,7915.33,66223.0,58307.67,0.0,0.0,PAYMENT,0,0,0
683,148688.6,632.0,0.0,11444528.12,11593216.72,CASH_OUT,8,0,0
637,137906.3,6875.0,0.0,0.0,137906.3,CASH_OUT,0,0,0
687,402841.48,0.0,0.0,913491.95,1316333.43,CASH_OUT,5,0,0
681,188841.33,7105950.01,7294791.34,397473.36,208632.03,CASH_IN,3,0,0
596,4215.78,56784.0,52568.22,0.0,0.0,PAYMENT,0,0,0
596,320637.24,145360.0,0.0,256009.6,576646.85,TRANSFER,1,0,0
718,35359.39,554.0,0.0,0.0,0.0,PAYMENT,0,0,0
670,127726.4,124056.0,0.0,0.0,127726.4,TRANSFER,0,0,0
661,5739.81,119.0,0.0,0.0,0.0,PAYMENT,0,0,0
672,382870.22,0.0,0.0,600427.63,983297.85,TRANSFER,5,0,0
687,3851.91,0.0,0.0,0.0,0.0,PAYMENT,0,0,0
687,100135.66,4869891.15,4970026.81,1633087.65,1532951.98,CASH_IN,4,0,0
688,252986.4,14707.0,267693.4,1034078.15,781091.75,CASH_IN,7,0,0
690,370000.66,17025.0,0.0,1393460.69,1763461.36,CASH_OUT,27,0,0
691,11132.14,0.0,0.0,3058727.62,3069859.76,CASH_OUT,5,0,0
691,25622.39,2096.0,27718.39,0.0,0.0,CASH_IN,0,0,0
640,399244.2,7910.0,0.0,237818.0,637062.2,CASH_OUT,5,0,0
601,13480.12,10043.35,0.0,0.0,0.0,PAYMENT,0,0,0
661,78.98,19918.92,19839.95,0.0,0.0,PAYMENT,0,0,0
683,154197.85,50513.0,0.0,9159743.16,9313941.01,CASH_OUT,33,0,0
661,197365.86,102041.0,0.0,869898.82,1067264.68,CASH_OUT,5,0,0
686,29445.81,51627.0,22181.19,0.0,0.0,PAYMENT,0,0,0
667,3387.71,0.0,0.0,0.0,0.0,PAYMENT,0,0,0
688,150057.85,905.0,0.0,951087.31,1101145.16,CASH_OUT,3,0,0
596,47427.81,119525.0,166952.81,11960.71,0.0,CASH_IN,1,0,0
691,46304.28,444.0,0.0,3817008.7,3863312.98,CASH_OUT,8,0,0
705,223361.03,10740.0,234101.03,2332206.62,2108845.59,CASH_IN,6,0,0
695,146945.64,8206793.84,8353739.48,161607.21,14661.57,CASH_IN,1,0,0
686,694180.24,1025821.09,331640.85,3470490.06,4164670.3,TRANSFER,8,0,0
686,2524.69,0.0,0.0,0.0,0.0,PAYMENT,0,0,0
691,4358.33,9533.26,5174.93,0.0,0.0,PAYMENT,0,0,0
661,4719.11,0.0,0.0,0.0,0.0,PAYMENT,0,0,0
659,266041.03,22127.0,0.0,3301783.76,3567824.79,CASH_OUT,16,0,0
681,399418.95,7723570.13,8122989.09,3046141.41,2646722.46,CASH_IN,16,0,0
687,8059.56,2697.0,0.0,0.0,0.0,PAYMENT,0,0,0
612,227336.54,313729.56,541066.11,408881.68,181545.14,CASH_IN,8,0,0
644,195301.17,90268.0,0.0,0.0,195301.17,CASH_OUT,0,0,0
687,212330.26,3316488.05,3528818.31,619957.21,407626.95,CASH_IN,8,0,0
599,447153.74,0.0,0.0,2061287.8,2508441.54,TRANSFER,3,0,0
642,12813.69,0.0,0.0,0.0,0.0,PAYMENT,0,0,0
656,121646.76,10200.0,0.0,1762338.83,1883985.59,CASH_OUT,7,0,0
692,74273.83,5147897.2,5222171.03,4269379.48,4195105.65,CASH_IN,6,0,0
661,260899.94,5566540.49,5827440.43,462096.58,201196.64,CASH_IN,4,0,0
667,207965.88,11250.0,0.0,0.0,207965.88,TRANSFER,1,0,0
687,871795.35,0.0,0.0,2305109.26,3176904.6,TRANSFER,2,0,0
659,5518.83,52960.0,47441.17,0.0,0.0,PAYMENT,0,0,0
709,62252.58,46510.0,0.0,145323.59,207576.18,TRANSFER,3,0,0
601,434.79,1613.0,1178.21,0.0,0.0,PAYMENT,0,0,0
670,24546.41,0.0,0.0,0.0,0.0,PAYMENT,0,0,0
714,270887.32,25442.0,0.0,50318.06,321205.38,CASH_OUT,23,0,0
691,53938.69,1961541.73,2015480.42,869038.76,815100.07,CASH_IN,0,0,0
681,16563.74,0.0,0.0,0.0,0.0,PAYMENT,0,0,0
664,142425.09,0.0,0.0,4513530.12,4655955.21,CASH_OUT,3,0,0
656,62563.95,2392612.88,2455176.83,260053.21,197489.26,CASH_IN,1,0,0
638,1559540.62,1559540.62,0.0,100482.9,1660023.52,CASH_OUT,3,0,1
705,44218.6,50569.0,94787.6,741484.21,697265.61,CASH_IN,7,0,0
694,14010.04,51007.0,36996.96,0.0,0.0,PAYMENT,0,0,0
677,10000000.0,10000000.0,0.0,1622330.57,11622330.57,CASH_OUT,22,0,1
709,221230.32,19999.0,0.0,2962588.82,3183819.14,CASH_OUT,26,0,0
596,105230.89,0.0,0.0,2325347.85,2430578.74,CASH_OUT,4,0,0
667,80105.59,1617884.06,1697989.65,2102068.87,2021963.28,CASH_IN,2,0,0
692,168463.86,0.0,0.0,360811.96,529275.82,CASH_OUT,12,0,0
661,11914.62,334596.66,322682.04,0.0,0.0,PAYMENT,0,0,0
596,10195.09,0.0,0.0,0.0,0.0,PAYMENT,0,0,0
718,60636.89,260893.0,321529.89,0.0,0.0,CASH_IN,4,0,0
684,291572.35,1762933.08,2054505.43,6512744.78,6221172.43,CASH_IN,22,0,0
692,282401.85,0.0,0.0,1894117.28,2176519.13,CASH_OUT,18,0,0
643,44482.33,44482.33,0.0,0.0,44482.33,CASH_OUT,0,0,1
621,21706.46,189213.0,167506.54,0.0,21706.46,CASH_OUT,3,0,0
661,140623.63,0.0,0.0,4669470.0,4810093.63,CASH_OUT,20,0,0
687,12397.53,0.0,0.0,0.0,0.0,PAYMENT,0,0,0
637,104079.18,7118.0,111197.18,0.0,0.0,CASH_IN,0,0,0
670,49141.65,0.0,0.0,469624.17,518765.82,CASH_OUT,7,0,0
686,313621.6,12089.0,0.0,222606.46,536228.06,CASH_OUT,0,0,0
659,9639.83,39630.0,29990.17,0.0,0.0,PAYMENT,0,0,0
705,17217.39,0.0,0.0,0.0,0.0,PAYMENT,0,0,0
667,6473.17,45570.07,39096.9,0.0,0.0,PAYMENT,0,0,0
710,199650.69,7241.0,0.0,146021.81,345672.5,CASH_OUT,1,0,0
656,11099.65,0.0,0.0,0.0,0.0,PAYMENT,0,0,0
644,19329.7,0.0,0.0,0.0,0.0,PAYMENT,0,0,0
687,13177.57,133933.0,120755.43,223687.42,236864.99,CASH_OUT,0,0,0
688,10282.53,50567.0,40284.47,0.0,0.0,PAYMENT,0,0,0
691,26736.08,0.0,0.0,354003.16,380739.24,CASH_OUT,1,0,0
644,385933.72,0.0,0.0,788333.36,1174267.08,CASH_OUT,3,0,0
717,26445.11,21569.0,0.0,0.0,0.0,PAYMENT,0,0,0
656,7296.46,10635.0,3338.54,0.0,0.0,PAYMENT,0,0,0
610,13320.94,98301.72,84980.79,0.0,0.0,PAYMENT,0,0,0
691,47661.62,143110.0,95448.38,48732.22,96393.84,CASH_OUT,0,0,0
596,4522.57,15195.75,10673.18,0.0,0.0,PAYMENT,0,0,0
596,13197.16,20648.0,7450.84,0.0,0.0,PAYMENT,0,0,0
596,225388.02,0.0,0.0,1989044.02,2214432.04,CASH_OUT,7,0,0
681,47219.95,30639.0,77858.95,117524.1,70304.15,CASH_IN,8,0,0
595,29702.49,0.0,0.0,0.0,0.0,PAYMENT,0,0,0
688,2062.38,0.0,0.0,0.0,0.0,PAYMENT,0,0,0
681,6619.63,33046.0,26426.37,0.0,0.0,PAYMENT,0,0,0
612,159087.72,2637852.49,2796940.2,318521.06,159433.34,CASH_IN,2,0,0
692,273241.67,0.0,0.0,513714.0,786955.67,TRANSFER,6,0,0
614,14653.52,165.0,0.0,0.0,0.0,PAYMENT,0,0,0
621,1769.2,54319.0,52549.8,0.0,0.0,PAYMENT,0,0,0
727,276298.49,276298.49,0.0,0.0,0.0,TRANSFER,0,0,1
681,2301.22,43689.0,41387.78,0.0,0.0,PAYMENT,0,0,0
599,186556.51,0.0,0.0,2494612.46,2681168.97,CASH_OUT,21,0,0
637,359401.96,39423.0,398824.96,0.0,0.0,CASH_IN,4,0,0
684,1398.1,94551.37,93153.27,0.0,0.0,PAYMENT,0,0,0
637,80978.52,3806.0,84784.52,0.0,0.0,CASH_IN,0,0,0
617,274527.95,30096.0,0.0,230340.45,504868.4,CASH_OUT,2,0,0
595,34175.36,18700.0,52875.36,0.0,0.0,CASH_IN,1,0,0
687,100584.15,59995.0,0.0,1468063.95,1568648.1,CASH_OUT,10,0,0
715,314134.16,14650.0,0.0,66874.64,381008.8,CASH_OUT,3,0,0
617,287317.01,1037097.67,1324414.69,2587142.5,2299825.49,CASH_IN,14,0,0
637,5992.83,115869.56,109876.73,0.0,0.0,PAYMENT,0,0,0
715,9246.57,610.0,0.0,0.0,0.0,PAYMENT,0,0,0
661,362792.39,11988.0,374780.39,0.0,0.0,CASH_IN,1,0,0
597,8720.74,22121.0,13400.26,0.0,0.0,PAYMENT,0,0,0
661,723380.66,0.0,0.0,1328666.67,2052047.33,TRANSFER,8,0,0
690,490113.78,855.0,490968.78,107720.51,0.0,CASH_IN,2,0,0
637,163096.94,21528.0,184624.94,4561836.21,4398739.27,CASH_IN,8,0,0
661,11237.8,30298.0,19060.2,0.0,0.0,PAYMENT,0,0,0
687,4053.59,31176.0,27122.41,0.0,0.0,PAYMENT,0,0,0
596,2254.37,0.0,0.0,0.0,0.0,PAYMENT,0,0,0
599,337580.74,0.0,0.0,373825.21,711405.95,CASH_OUT,9,0,0
684,72964.47,12165.0,0.0,46288.31,119252.78,CASH_OUT,4,0,0
710,171380.14,11658.0,0.0,85996.57,257376.71,CASH_OUT,8,0,0
637,516105.14,0.0,0.0,520945.0,1037050.13,TRANSFER,8,0,0
715,14914.46,85071.0,70156.54,11381.16,26295.62,CASH_OUT,0,0,0
692,3401.88,66008.47,62606.59,0.0,0.0,PAYMENT,0,0,0
710,224782.1,107555.0,332337.1,0.0,0.0,CASH_IN,0,0,0
642,330093.6,45212.0,375305.6,0.0,0.0,CASH_IN,1,0,0
690,283677.63,2317146.93,2600824.56,7772916.15,7489238.53,CASH_IN,47,0,0
687,204542.16,0.0,0.0,8991832.93,9196375.1,CASH_OUT,4,0,0
691,13312.92,193.0,13505.92,68411.22,55098.3,CASH_IN,2,0,0
619,153776.99,0.0,0.0,3949716.11,4103493.1,CASH_OUT,6,0,0
659,242566.73,0.0,0.0,38321629.18,38564195.91,CASH_OUT,5,0,0
681,1102535.01,0.0,0.0,1415648.65,2518183.66,TRANSFER,14,0,0
596,17171.83,252875.0,235703.17,0.0,0.0,PAYMENT,0,0,0
644,5515.2,99828.95,94313.76,0.0,0.0,PAYMENT,0,0,0
670,1840.47,0.0,0.0,0.0,0.0,PAYMENT,0,0,0
681,488203.64,0.0,0.0,7608718.97,8096922.61,TRANSFER,10,0,0
686,139991.97,5798750.68,5938742.65,1180959.53,1040967.55,CASH_IN,6,0,0
661,25709.83,94161.0,68451.17,0.0,25709.83,CASH_OUT,0,0,0
687,49640.93,6125.0,55765.93,19929910.73,19880269.8,CASH_IN,28,0,0
687,4569.74,33424.0,28854.26,0.0,0.0,PAYMENT,0,0,0
681,10749.32,21292.0,10542.68,0.0,0.0,PAYMENT,0,0,0
692,113026.51,11219.0,0.0,2286784.76,2399811.28,CASH_OUT,8,0,0
670,127543.42,0.0,0.0,759293.24,886836.66,CASH_OUT,5,0,0
595,24784.63,0.0,0.0,0.0,0.0,PAYMENT,0,0,0
684,24626.46,648.0,0.0,0.0,0.0,PAYMENT,0,0,0
714,7731.58,120846.0,113114.42,0.0,0.0,PAYMENT,0,0,0
695,68940.23,22486.0,91426.23,113286.56,44346.33,CASH_IN,3,0,0
687,68700.97,840855.67,909556.64,402895.95,334194.98,CASH_IN,3,0,0
681,335910.49,52357.0,388267.49,1394424.02,1058513.54,CASH_IN,10,0,0
687,33333.33,0.0,0.0,0.0,0.0,PAYMENT,0,0,0
690,26381.6,50513.0,24131.4,176527.32,202908.92,CASH_OUT,1,0,0
596,156673.54,67040.0,223713.54,3308039.65,3151366.11,CASH_IN,14,0,0
690,6559.87,104460.0,97900.13,0.0,0.0,PAYMENT,0,0,0
595,8450.39,87391.87,78941.48,0.0,0.0,PAYMENT,0,0,0
617,198279.8,109.0,0.0,0.0,198279.8,CASH_OUT,0,0,0
683,69952.13,6289.19,0.0,324013.15,393965.28,CASH_OUT,3,0,0
688,15100.43,0.0,0.0,0.0,0.0,PAYMENT,0,0,0
637,123489.82,0.0,0.0,133215.24,256705.06,CASH_OUT,1,0,0
692,354506.96,0.0,0.0,421746.8,776253.76,TRANSFER,6,0,0
695,54917.95,11832.0,0.0,266296.37,321214.32,CASH_OUT,6,0,0
688,31645.33,62645.0,30999.67,0.0,0.0,PAYMENT,0,0,0
692,195826.11,903.0,0.0,394033.97,589860.07,TRANSFER,1,0,0
595,47847.09,749.0,0.0,338373.32,386220.41,CASH_OUT,6,0,0
608,2620.83,123.0,0.0,0.0,0.0,PAYMENT,0,0,0
688,417977.88,0.0,0.0,2565968.51,2983946.39,CASH_OUT,30,0,0
637,7107.55,0.0,0.0,0.0,0.0,PAYMENT,0,0,0
690,218548.96,262.0,218810.96,0.0,0.0,CASH_IN,1,0,0
596,4750.77,0.0,0.0,0.0,0.0,PAYMENT,0,0,0
595,140016.37,50168.0,0.0,25651.73,165668.1,TRANSFER,4,0,0
656,3110.06,77189.0,80299.06,0.0,0.0,CASH_IN,0,0,0
715,320780.02,349481.0,670261.02,25164.3,0.0,CASH_IN,2,0,0
596,131415.55,0.0,0.0,9318753.68,9450169.22,CASH_OUT,2,0,0
659,1363.61,28397.0,27033.39,0.0,0.0,PAYMENT,0,0,0
691,79566.16,49955.0,0.0,469650.22,549216.38,CASH_OUT,6,0,0
687,16612.63,0.0,0.0,1244022.55,1260635.18,CASH_OUT,7,0,0
596,2724.1,0.0,0.0,0.0,0.0,PAYMENT,0,0,0
612,196980.94,50977.0,0.0,768885.27,965866.21,CASH_OUT,2,0,0
596,242509.3,3593140.8,3835650.1,379012.81,136503.51,CASH_IN,4,0,0
692,12653.78,69504.0,56850.22,397952.27,410606.05,CASH_OUT,3,0,0
597,32440.15,83555.0,115995.15,0.0,0.0,CASH_IN,0,0,0
686,151864.02,4401817.16,4553681.18,3189296.04,3037432.02,CASH_IN,10,0,0
596,115174.51,18930.0,0.0,0.0,115174.51,CASH_OUT,0,0,0
608,8477.86,31211.0,22733.14,0.0,0.0,PAYMENT,0,0,0
688,978850.55,12112.0,0.0,3916953.66,4895804.21,TRANSFER,42,0,0
695,375162.38,9750138.14,10125300.52,4022626.92,3647464.55,CASH_IN,40,0,0
710,64971.81,143530.0,78558.19,0.0,0.0,PAYMENT,0,0,0
597,2202.32,155161.0,152958.68,0.0,0.0,PAYMENT,0,0,0
684,47495.08,93271.0,45775.92,884946.72,932441.8,CASH_OUT,4,0,0
597,13598.7,4288173.35,4301772.06,2854485.06,2840886.36,CASH_IN,11,0,0
667,34257.93,0.0,0.0,4155557.6,4189815.53,CASH_OUT,21,0,0
656,494446.94,494446.94,0.0,0.0,0.0,TRANSFER,0,0,1
681,659690.14,2041.0,0.0,16554.19,676244.33,TRANSFER,0,0,0
687,706930.16,160855.0,0.0,0.0,706930.16,TRANSFER,0,0,0
661,368394.4,0.0,0.0,388581.03,756975.43,TRANSFER,2,0,0
695,23518.44,11684.0,0.0,30668245.64,30691764.09,CASH_OUT,9,0,0
656,73018.12,44049.12,0.0,1010493.06,1083511.18,CASH_OUT,2,0,0
688,97918.31,0.0,0.0,199973.76,297892.07,TRANSFER,3,0,0
718,101599.21,21919.0,123518.21,1376991.56,1275392.35,CASH_IN,16,0,0
687,409561.85,5688.0,0.0,46708.5,456270.36,CASH_OUT,3,0,0
656,1776.61,11731.0,9954.39,0.0,0.0,PAYMENT,0,0,0
691,200352.95,46726.68,247079.62,1090189.06,889836.11,CASH_IN,21,0,0
661,1010351.85,157074.0,0.0,2962535.72,3972887.57,TRANSFER,26,0,0
681,724065.09,206277.0,0.0,114031.99,838097.08,TRANSFER,1,0,0
691,188386.7,186260.0,0.0,134380.67,322767.38,CASH_OUT,3,0,0
686,112651.06,2912996.85,3025647.92,361556.57,248905.51,CASH_IN,7,0,0
688,264611.18,62598.0,327209.18,251726.33,0.0,CASH_IN,10,0,0
710,123258.16,134.0,0.0,0.0,123258.16,CASH_OUT,1,0,0
695,4991.19,196380.55,191389.35,0.0,0.0,PAYMENT,0,0,0
691,5628.85,692267.05,686638.21,0.0,0.0,PAYMENT,0,0,0
692,6725.91,88173.0,81447.09,0.0,0.0,PAYMENT,0,0,0
667,150691.18,5542532.52,5693223.7,324823.67,174132.49,CASH_IN,3,0,0
614,264542.34,146882.01,0.0,5303407.08,5567949.43,CASH_OUT,12,0,0
681,45759.08,66458.0,20698.92,54511.22,100270.3,CASH_OUT,2,0,0
612,209240.84,0.0,0.0,647933.2,857174.03,TRANSFER,7,0,0
640,197662.84,74762.0,0.0,0.0,197662.84,CASH_OUT,2,0,0
661,16192.47,58198.0,42005.53,0.0,0.0,PAYMENT,0,0,0
612,596345.83,0.0,0.0,4161196.01,4757541.84,CASH_OUT,26,0,0
688,54333.3,0.0,0.0,4168000.47,4222333.77,CASH_OUT,27,0,0
710,4898.28,65445.0,60546.72,1159936.75,1164835.03,CASH_OUT,11,0,0
619,14225.67,0.0,0.0,0.0,0.0,PAYMENT,0,0,0
601,187.28,409564.0,409376.72,361067.27,361254.55,DEBIT,7,0,0
681,100503.74,0.0,0.0,188573.79,289077.52,TRANSFER,0,0,0
710,139468.01,20946.0,0.0,142384.18,281852.19,CASH_OUT,5,0,0
608,7438.46,11385.0,3946.54,0.0,0.0,PAYMENT,0,0,0
684,165556.52,38947.0,0.0,0.0,165556.52,CASH_OUT,0,0,0
687,66727.63,44880.0,111607.63,773926.05,987878.09,CASH_IN,13,0,0
681,1482.65,0.0,0.0,0.0,0.0,PAYMENT,0,0,0
681,164824.48,6566874.31,6731698.8,544482.2,379657.71,CASH_IN,3,0,0
596,14977.6,28889.0,13911.4,0.0,0.0,PAYMENT,0,0,0
681,254704.59,4046.0,0.0,0.0,254704.59,CASH_OUT,0,0,0
614,164708.66,0.0,0.0,1507530.3,1672238.96,CASH_OUT,16,0,0
681,144948.76,26934.0,0.0,2831432.75,2976381.52,CASH_OUT,25,0,0
596,42300.81,0.0,0.0,1230285.37,1272586.18,CASH_OUT,9,0,0
619,1197.43,59.88,0.0,0.0,0.0,PAYMENT,0,0,0
597,44141.71,30377.0,0.0,835876.6,880018.31,CASH_OUT,8,0,0
684,36635.66,0.0,0.0,46458.18,83093.84,CASH_OUT,12,0,0
669,26416.86,17059.29,43476.15,2534722.76,2508305.9,CASH_IN,12,0,0
681,61453.28,1558.0,0.0,0.0,61453.28,CASH_OUT,0,0,0
661,390127.51,21149.0,0.0,387364.72,777492.23,CASH_OUT,8,0,0
595,355895.5,0.0,0.0,4354489.38,4710384.88,TRANSFER,21,0,0
610,209829.71,107828.0,0.0,0.0,209829.71,CASH_OUT,3,0,0
719,366896.03,366896.03,0.0,0.0,366896.03,CASH_OUT,2,0,1
688,197185.1,106396.0,303581.1,0.0,0.0,CASH_IN,0,0,0
661,23002.6,254337.39,231334.78,2786760.31,2809762.91,CASH_OUT,27,0,0
690,15523.7,0.0,0.0,0.0,0.0,PAYMENT,0,0,0
595,636.54,0.0,0.0,0.0,0.0,PAYMENT,0,0,0
686,267579.17,106858.0,0.0,0.0,267579.17,CASH_OUT,2,0,0
684,220279.34,0.0,0.0,2883037.95,3103317.28,CASH_OUT,3,0,0
679,152.56,118674.0,118521.44,0.0,0.0,PAYMENT,0,0,0
659,115324.5,16129.0,0.0,382606.41,497930.91,CASH_OUT,0,0,0
687,12154.0,0.0,0.0,0.0,0.0,PAYMENT,0,0,0
617,20181.96,31929.0,11747.04,0.0,0.0,PAYMENT,0,0,0
595,95249.36,29246.0,0.0,6585410.0,6680659.36,CASH_OUT,8,0,0
688,543917.99,0.0,0.0,1062196.91,1606114.9,TRANSFER,6,0,0
681,346953.53,51445.06,0.0,1527222.84,1874176.37,TRANSFER,15,0,0
683,485889.43,0.0,0.0,1052090.24,1537979.67,CASH_OUT,5,0,0
619,116020.31,21446.0,0.0,0.0,116020.31,CASH_OUT,0,0,0
691,575938.15,2690900.17,3266838.32,7304092.52,6728154.37,CASH_IN,37,0,0
599,10459.92,4059.0,0.0,0.0,0.0,PAYMENT,0,0,0
596,168581.43,0.0,0.0,263156.35,431737.77,CASH_OUT,4,0,0
596,137986.54,41687.27,0.0,2014283.88,2152270.42,CASH_OUT,15,0,0
619,35768.51,205621.0,169852.49,0.0,35768.51,CASH_OUT,0,0,0
687,50874.97,846095.46,896970.43,278206.27,227331.29,CASH_IN,0,0,0
705,21209.98,68695.0,47485.02,0.0,0.0,PAYMENT,0,0,0
688,516810.0,10839.0,0.0,2443212.17,2960022.17,CASH_OUT,18,0,0
599,6578.13,175378.86,168800.73,0.0,0.0,PAYMENT,0,0,0
688,36508.21,0.0,0.0,100403.02,136911.23,CASH_OUT,0,0,0
599,8446.06,103842.77,95396.71,0.0,0.0,PAYMENT,0,0,0
599,7689.46,7324.0,0.0,0.0,0.0,PAYMENT,0,0,0
644,132259.87,31394.0,0.0,0.0,132259.87,CASH_OUT,0,0,0
596,335698.49,0.0,0.0,3210512.46,3546210.96,TRANSFER,13,0,0
692,4296.13,0.0,0.0,0.0,0.0,PAYMENT,0,0,0
617,226537.01,2099533.84,2326070.85,1066578.86,840041.85,CASH_IN,6,0,0
599,14380.2,0.0,0.0,0.0,0.0,PAYMENT,0,0,0
661,555949.55,0.0,0.0,1351724.71,1907674.25,CASH_OUT,7,0,0
664,1911.28,172334.0,170422.72,0.0,0.0,PAYMENT,0,0,0
597,193703.78,19978.0,213681.78,292418.52,98714.74,CASH_IN,2,0,0
617,922818.08,0.0,0.0,1596814.32,2519632.4,TRANSFER,3,0,0
686,197078.27,166617.0,0.0,0.0,197078.27,CASH_OUT,0,0,0
687,164858.27,494562.35,659420.62,505799.68,340941.41,CASH_IN,4,0,0
681,19629.83,0.0,0.0,0.0,0.0,PAYMENT,0,0,0
595,62823.29,0.0,0.0,2124476.06,2187299.35,CASH_OUT,24,0,0
640,53719.28,426471.0,372751.72,1823087.12,1876806.4,CASH_OUT,5,0,0
695,46406.62,456069.0,409662.38,5608474.82,5654881.44,CASH_OUT,37,0,0
688,247468.71,0.0,0.0,1302992.98,1550461.69,CASH_OUT,5,0,0
687,43316.09,21400.0,0.0,481348.73,524664.82,CASH_OUT,1,0,0
715,1795.32,95251.0,93455.68,0.0,0.0,PAYMENT,0,0,0
661,9425.76,230446.56,221020.8,0.0,0.0,PAYMENT,0,0,0
688,26310.54,0.0,0.0,53011.88,79322.42,CASH_OUT,0,0,0
669,6930.79,28159.12,21228.33,0.0,0.0,PAYMENT,0,0,0
691,6133.69,0.0,0.0,0.0,0.0,PAYMENT,0,0,0
681,3242.04,0.0,0.0,0.0,0.0,PAYMENT,0,0,0
695,8335.77,472226.0,463890.23,0.0,0.0,PAYMENT,0,0,0
692,38066.7,176571.0,138504.3,0.0,38066.7,CASH_OUT,0,0,0
612,51759.6,23226.0,0.0,0.0,0.0,PAYMENT,0,0,0
688,474593.86,15174.0,0.0,0.0,474593.86,CASH_OUT,2,0,0
705,4287.98,11411.0,7123.02,0.0,4287.98,CASH_OUT,0,0,0
621,53796.88,78867.0,25070.12,1126802.39,1180599.27,CASH_OUT,9,0,0
688,4084.01,289972.34,285888.33,0.0,0.0,PAYMENT,0,0,0
659,191897.24,63914.0,255811.24,2704612.07,2512714.83,CASH_IN,9,0,0
690,214712.92,0.0,0.0,1166138.29,1380851.21,CASH_OUT,7,0,0
686,151893.67,0.0,0.0,8227437.63,8379331.3,CASH_OUT,2,0,0
596,9861.79,0.0,0.0,0.0,0.0,PAYMENT,0,0,0
669,330160.32,140237.39,470397.71,3112324.9,2782164.58,CASH_IN,20,0,0
686,161079.61,332019.9,170940.29,777927.7,939007.31,CASH_OUT,12,0,0
601,2318.01,1406.0,0.0,0.0,0.0,PAYMENT,0,0,0
642,335584.52,0.0,0.0,394607.51,730192.03,CASH_OUT,1,0,0
687,619.07,0.0,0.0,0.0,0.0,PAYMENT,0,0,0
596,8745.93,38.0,0.0,0.0,0.0,PAYMENT,0,0,0
597,61945.7,42656.0,0.0,0.0,61945.7,TRANSFER,5,0,0
715,88243.46,53835.0,0.0,142275.34,230518.8,CASH_OUT,0,0,0
687,576702.85,244283.0,820985.85,697622.56,120919.7,CASH_IN,9,0,0
688,14029.94,6591.0,0.0,0.0,0.0,PAYMENT,0,0,0
687,110015.78,101360.0,0.0,0.0,110015.78,CASH_OUT,0,0,0
596,19416.79,6087.0,25503.79,4110.52,0.0,CASH_IN,1,0,0
688,173090.4,0.0,0.0,2080774.49,2253864.9,CASH_OUT,13,0,0
687,271888.86,808753.42,1080642.28,347442.52,75553.65,CASH_IN,3,0,0
595,244972.1,56841.0,0.0,36140.16,281112.26,CASH_OUT,7,0,0
686,79421.49,354829.4,275407.92,1909648.91,1989070.39,CASH_OUT,1,0,0
686,112616.5,3572903.4,3685519.89,920499.21,807882.71,CASH_IN,5,0,0
686,398091.17,21191.0,0.0,718564.12,1116655.29,CASH_OUT,5,0,0
661,2153.38,0.0,0.0,0.0,0.0,PAYMENT,0,0,0
595,24998.79,1906.0,26904.79,0.0,0.0,CASH_IN,0,0,0
619,898178.6,87662.0,0.0,0.0,898178.6,TRANSFER,0,0,0
687,1161818.68,20690.0,0.0,1607589.56,2769408.24,TRANSFER,17,0,0
595,9709.39,17199.78,7490.39,0.0,0.0,PAYMENT,0,0,0
688,277621.53,97858.0,375479.53,798116.73,520495.21,CASH_IN,8,0,0
595,231605.76,1240321.43,1471927.19,15560156.49,15328550.73,CASH_IN,27,0,0
661,3391.18,0.0,0.0,0.0,0.0,PAYMENT,0,0,0
667,5662.44,0.0,0.0,0.0,0.0,PAYMENT,0,0,0
688,74345.76,14048454.15,14122799.91,710985.48,636639.72,CASH_IN,10,0,0
596,113172.82,0.0,0.0,5687842.23,5801015.05,TRANSFER,14,0,0
687,473373.94,604862.86,131488.93,888129.95,1361503.88,CASH_OUT,5,0,0
705,12053.04,6261.23,0.0,0.0,0.0,PAYMENT,0,0,0
691,110030.42,0.0,0.0,491850.09,601880.51,CASH_OUT,1,0,0
687,20535.27,242.0,20777.27,0.0,0.0,CASH_IN,0,0,0
596,37355.48,14408.92,0.0,0.0,0.0,PAYMENT,0,0,0
659,14182.74,74874.9,60692.16,0.0,0.0,PAYMENT,0,0,0
688,32771.01,1473.0,0.0,0.0,0.0,PAYMENT,0,0,0
686,304966.14,0.0,0.0,1370981.09,1675947.24,CASH_OUT,15,0,0
688,15083.65,2642.0,0.0,0.0,0.0,PAYMENT,0,0,0
688,63230.14,0.0,0.0,0.0,0.0,PAYMENT,0,0,0
687,56201.37,77026.0,20824.63,0.0,56201.37,CASH_OUT,0,0,0
686,458734.71,0.0,0.0,777428.76,1236163.48,CASH_OUT,6,0,0
686,338304.68,694194.0,1032498.68,876232.01,537927.33,CASH_IN,15,0,0
690,76175.96,52305.0,0.0,449997.78,526173.74,CASH_OUT,6,0,0
656,2509.76,14797.0,12287.24,0.0,0.0,PAYMENT,0,0,0
687,475891.48,11678.0,0.0,0.0,475891.48,CASH_OUT,13,0,0
661,204327.15,423299.69,218972.54,733794.91,938122.07,CASH_OUT,7,0,0
690,76625.97,0.0,0.0,1699086.0,1775711.97,CASH_OUT,12,0,0
599,319751.71,507883.16,827634.87,941355.46,621603.76,CASH_IN,18,0,0
595,7070.38,81617.05,74546.67,0.0,0.0,PAYMENT,0,0,0
687,16060.26,308677.65,292617.38,0.0,0.0,PAYMENT,0,0,0
692,139199.37,32.0,0.0,0.0,139199.37,CASH_OUT,1,0,0
686,88701.19,51932.0,140633.19,12214.35,0.0,CASH_IN,4,0,0
670,1938347.14,1938347.14,0.0,0.0,0.0,TRANSFER,0,0,1
717,198977.74,47802.0,246779.74,1056638.93,857661.19,CASH_IN,24,0,0
716,1897921.7,1897921.7,0.0,0.0,0.0,TRANSFER,0,0,1
694,13960.6,19971.0,6010.4,0.0,0.0,PAYMENT,0,0,0
596,1833328.81,0.0,0.0,2218668.36,4051997.17,TRANSFER,4,0,0
684,248354.81,717249.31,965604.12,252887.3,4532.48,CASH_IN,11,0,0
718,4754.79,3096.0,0.0,0.0,0.0,PAYMENT,0,0,0
661,4581.46,0.0,0.0,0.0,0.0,PAYMENT,0,0,0
691,12714.29,201936.0,189221.71,0.0,0.0,PAYMENT,0,0,0
691,158886.52,5083214.86,5242101.38,481358.41,322471.9,CASH_IN,11,0,0
686,588634.2,479173.18,0.0,9395642.54,9984276.74,CASH_OUT,15,0,0
692,4009.28,115910.0,111900.72,0.0,0.0,PAYMENT,0,0,0
710,149380.87,3817.0,153197.87,1932410.69,1783029.82,CASH_IN,1,0,0
695,6676.24,2353.0,0.0,0.0,0.0,PAYMENT,0,0,0
691,39046.17,3058.0,0.0,0.0,0.0,PAYMENT,0,0,0
705,6468.67,0.0,0.0,0.0,0.0,PAYMENT,0,0,0
687,282175.38,2829328.93,3111504.31,319629.45,37454.07,CASH_IN,3,0,0
687,16611.83,78750.77,62138.94,0.0,0.0,PAYMENT,0,0,0
610,151728.79,16510.0,168238.79,20822.98,0.0,CASH_IN,0,0,0
612,6476.75,30438.0,23961.25,0.0,0.0,PAYMENT,0,0,0
692,153893.67,7308924.29,7462817.96,159184.26,5290.59,CASH_IN,2,0,0
596,100046.69,17778.0,0.0,0.0,100046.69,CASH_OUT,0,0,0
595,88009.58,1249427.38,1337436.95,442396.06,354386.48,CASH_IN,7,0,0
669,1273.28,765.0,0.0,0.0,0.0,PAYMENT,0,0,0
637,327828.05,1564624.09,1892452.14,4357136.39,4029308.34,CASH_IN,9,0,0
596,1230050.27,0.0,0.0,3356353.04,4586403.31,TRANSFER,17,0,0
621,8025.92,0.0,0.0,0.0,0.0,PAYMENT,0,0,0
690,147059.37,50262.0,0.0,3652906.37,3799965.74,CASH_OUT,4,0,0
661,3772.7,158137.0,154364.3,0.0,0.0,PAYMENT,0,0,0
691,3940.95,0.0,0.0,0.0,0.0,PAYMENT,0,0,0
687,129897.71,0.0,0.0,1160878.36,1290776.07,CASH_OUT,21,0,0
642,199662.61,4079422.53,4279085.14,2808644.18,2608981.57,CASH_IN,24,0,0
659,7276352.49,11503.0,0.0,1049347.0,8325699.49,TRANSFER,3,0,0
691,3345.14,0.0,0.0,0.0,0.0,PAYMENT,0,0,0
690,301970.0,2992031.16,3294001.17,718062.8,416092.8,CASH_IN,5,0,0
691,18751.36,19847.0,1095.64,0.0,0.0,PAYMENT,0,0,0
688,23453.5,565196.0,541742.5,0.0,0.0,PAYMENT,0,0,0
617,3833.85,269483.0,265649.15,0.0,0.0,PAYMENT,0,0,0
596,16469.66,247.0,0.0,0.0,0.0,PAYMENT,0,0,0
644,546040.02,0.0,0.0,2348096.3,2894136.31,CASH_OUT,12,0,0
596,6696.04,0.0,0.0,0.0,0.0,PAYMENT,0,0,0
595,8433.76,7316.0,0.0,0.0,0.0,PAYMENT,0,0,0
688,48117.79,670.0,48787.79,447926.35,399808.55,CASH_IN,1,0,0
619,26303.67,0.0,0.0,0.0,0.0,PAYMENT,0,0,0
637,18396.98,32629.0,14232.02,442888.12,461285.11,CASH_OUT,0,0,0
656,7653.81,0.0,0.0,0.0,0.0,PAYMENT,0,0,0
667,146424.04,5004111.88,5150535.92,907239.72,760815.68,CASH_IN,7,0,0
715,69094.2,46900.0,0.0,485052.31,554146.51,CASH_OUT,2,0,0
596,4378.28,0.0,0.0,0.0,0.0,PAYMENT,0,0,0
637,10922.58,20445.0,9522.42,801643.09,812565.67,CASH_OUT,6,0,0
691,174745.29,0.0,0.0,238661.09,413406.38,CASH_OUT,9,0,0
687,6536.16,0.0,0.0,0.0,0.0,PAYMENT,0,0,0
667,19770.05,11405.0,0.0,49681.59,69451.64,CASH_OUT,1,0,0
687,173116.68,54849.0,0.0,2505580.07,2678696.76,CASH_OUT,17,0,0
692,10720.16,0.0,0.0,0.0,0.0,PAYMENT,0,0,0
597,465.29,0.0,0.0,0.0,0.0,PAYMENT,0,0,0
595,81630.19,9840.0,0.0,0.0,81630.19,CASH_OUT,0,0,0
617,34121.79,49700.0,15578.21,0.0,0.0,PAYMENT,0,0,0
684,180226.04,211250.0,31023.96,249599.73,429825.77,CASH_OUT,2,0,0
686,269955.54,0.0,0.0,484513.67,754469.21,TRANSFER,4,0,0
617,80592.85,79163.0,0.0,0.0,80592.85,CASH_OUT,0,0,0
687,94413.74,68041.0,0.0,1410425.37,1504839.1,CASH_OUT,20,0,0
629,7922.98,7922.98,0.0,0.0,0.0,TRANSFER,0,0,1
596,2293.8,62.03,0.0,0.0,0.0,PAYMENT,0,0,0
687,4500.99,5354072.01,5358573.0,5915126.53,5910625.54,CASH_IN,34,0,0
715,4922.48,33929.0,29006.52,720960.85,725883.33,DEBIT,6,0,0
595,332.84,0.0,0.0,0.0,0.0,PAYMENT,0,0,0
694,13646.84,334883.0,321236.16,0.0,0.0,PAYMENT,0,0,0
617,171953.2,874.0,0.0,461745.82,633699.03,CASH_OUT,6,0,0
692,326353.57,0.0,0.0,567750.17,894103.74,TRANSFER,4,0,0
684,14445.68,101027.0,86581.32,0.0,0.0,PAYMENT,0,0,0
595,331068.57,134043.16,0.0,2904491.81,3235560.38,CASH_OUT,13,0,0
643,161147.38,161147.38,0.0,0.0,0.0,TRANSFER,0,0,1
684,169794.33,5678615.04,5848409.37,5752996.53,5583202.2,CASH_IN,31,0,0
692,179557.15,11126.0,0.0,137217.07,316774.22,CASH_OUT,1,0,0
681,139519.7,18599.0,158118.7,0.0,0.0,CASH_IN,1,0,0
692,745.5,5060.0,5805.5,0.0,0.0,CASH_IN,2,0,0
681,74826.8,8465772.03,8540598.83,233881.28,159054.48,CASH_IN,3,0,0
690,47355.19,11528.0,0.0,1365411.08,1412766.28,CASH_OUT,1,0,0
709,17274.64,0.0,0.0,0.0,0.0,PAYMENT,0,0,0
710,11994.41,100307.0,88312.59,0.0,0.0,PAYMENT,0,0,0
661,266743.69,0.0,0.0,485825.04,752568.72,CASH_OUT,4,0,0
664,17967.54,9088.0,0.0,0.0,0.0,PAYMENT,0,0,0
690,77376.32,2069.0,0.0,454080.47,531456.79,CASH_OUT,0,0,0
686,322008.23,27355.0,349363.23,0.0,0.0,CASH_IN,0,0,0
597,223146.64,30964.0,0.0,138519.39,361666.03,CASH_OUT,2,0,0
715,30676.07,173.0,30849.07,0.0,0.0,CASH_IN,0,0,0
670,284.61,51165.0,50880.39,0.0,0.0,PAYMENT,0,0,0
683,342791.32,227301.31,570092.62,5683496.76,5340705.44,CASH_IN,12,0,0
692,136360.09,21161.0,157521.09,0.0,0.0,CASH_IN,0,0,0
599,5377.18,12923.0,7545.82,0.0,0.0,PAYMENT,0,0,0
608,5064.42,42059.0,36994.58,0.0,0.0,PAYMENT,0,0,0
617,237773.36,6417.0,0.0,97288.83,335062.19,CASH_OUT,3,0,0
595,5624.03,490456.19,484832.16,0.0,0.0,PAYMENT,0,0,0
688,19107.24,0.0,0.0,0.0,0.0,PAYMENT,0,0,0
595,243632.56,297.0,243929.56,255923.0,12290.44,CASH_IN,4,0,0
690,2771.06,117540.68,114769.62,0.0,0.0,PAYMENT,0,0,0
596,32867.5,0.0,0.0,1044209.3,1077076.8,CASH_OUT,7,0,0
595,140197.26,10471.0,150668.26,514302.26,374104.99,CASH_IN,8,0,0
687,7002.76,32390.0,25387.24,0.0,0.0,PAYMENT,0,0,0
688,78974.28,4524057.86,4603032.14,109903.94,30929.67,CASH_IN,7,0,0
694,7964.87,6340.0,0.0,0.0,0.0,PAYMENT,0,0,0
659,90539.22,11374.0,0.0,242796.01,333335.24,CASH_OUT,0,0,0
684,101427.81,222.0,101649.81,0.0,0.0,CASH_IN,0,0,0
687,1847.77,214104.56,212256.79,0.0,0.0,PAYMENT,0,0,0
619,44778.66,18825.0,0.0,135402.13,180180.79,CASH_OUT,1,0,0
595,366609.74,212242.0,0.0,4783.41,371393.15,CASH_OUT,0,0,0
672,117244.23,6026674.36,6143918.59,222269.7,105025.47,CASH_IN,1,0,0
684,66755.98,4132284.37,4199040.34,562704.0,495948.03,CASH_IN,4,0,0
694,3198.28,280107.0,276908.72,0.0,0.0,PAYMENT,0,0,0
661,67369.95,0.0,0.0,1745851.56,1813221.51,TRANSFER,14,0,0
688,62270.62,0.0,0.0,1739417.18,1801687.8,CASH_OUT,6,0,0
681,121228.26,314867.0,193638.74,1943234.46,2064462.72,CASH_OUT,11,0,0
596,274996.71,15707.0,0.0,220560.15,495556.86,CASH_OUT,2,0,0
656,1053.45,208374.08,207320.63,0.0,0.0,PAYMENT,0,0,0
595,158426.08,10237.0,168663.08,110568.93,0.0,CASH_IN,12,0,0
596,18672.71,0.0,0.0,0.0,0.0,PAYMENT,0,0,0
595,181347.86,31345.0,212692.86,774471.69,593123.83,CASH_IN,8,0,0
596,107755.03,41314.0,0.0,382257.74,490012.77,CASH_OUT,7,0,0
661,459110.57,99421.0,558531.57,0.0,0.0,CASH_IN,0,0,0
687,263850.87,4244449.64,4508300.51,3154130.67,2890279.8,CASH_IN,3,0,0
614,52873.58,5949807.55,6002681.13,221433.86,168560.28,CASH_IN,8,0,0
644,45849.21,7953.0,0.0,0.0,45849.21,CASH_OUT,0,0,0
681,267043.39,1238455.12,1505498.51,478302.53,211259.14,CASH_IN,4,0,0
687,116793.43,1202.0,0.0,2553216.07,2670009.5,CASH_OUT,24,0,0
598,1388.83,0.0,0.0,0.0,0.0,PAYMENT,0,0,0
695,457758.61,3125098.58,3582857.18,11434848.49,10977089.89,CASH_IN,24,0,0
664,21261.41,90031.0,68769.59,0.0,0.0,PAYMENT,0,0,0
599,778.17,118099.0,117320.83,0.0,0.0,PAYMENT,0,0,0
637,124281.34,306.0,0.0,78951.52,203232.86,CASH_OUT,0,0,0
596,2369.51,0.0,0.0,0.0,0.0,PAYMENT,0,0,0
688,95021.08,174945.69,79924.61,97603.67,192624.75,CASH_OUT,2,0,0
687,111166.2,28959.0,0.0,56406.66,167572.86,CASH_OUT,1,0,0
661,328930.08,106003.0,434933.08,111266.98,0.0,CASH_IN,1,0,0
612,226138.49,0.0,0.0,258973.06,485111.56,CASH_OUT,3,0,0
642,18846.85,1704194.23,1723041.07,321437.81,302590.96,CASH_IN,4,0,0
688,152085.88,2859945.3,3012031.19,456497.84,304411.95,CASH_IN,9,0,0
686,148782.99,374.0,149156.99,0.0,0.0,CASH_IN,6,0,0
681,353985.8,30147.0,0.0,1370889.66,1724875.46,CASH_OUT,11,0,0
610,9189.13,0.0,0.0,0.0,0.0,PAYMENT,0,0,0
690,28567.29,251232.64,222665.35,0.0,0.0,PAYMENT,0,0,0
681,407785.42,80175.0,0.0,1432150.27,1839935.69,CASH_OUT,18,0,0
687,6236.44,220645.42,214408.98,0.0,0.0,PAYMENT,0,0,0
692,452846.44,388274.35,841120.79,1466625.74,1013779.29,CASH_IN,10,0,0
667,3388.42,4291349.35,4294737.77,1669921.38,1666532.95,CASH_IN,10,0,0
690,48385.93,255954.0,207568.07,25000.0,73385.92,CASH_OUT,2,0,0
644,6661.79,46758.0,40096.21,0.0,0.0,PAYMENT,0,0,0
688,131655.88,0.0,0.0,762398.95,894054.83,CASH_OUT,3,0,0
597,414009.6,0.0,0.0,546814.89,960824.49,CASH_OUT,12,0,0
619,52451.46,21945.1,0.0,960305.17,1012756.63,CASH_OUT,3,0,0
608,492.24,0.0,0.0,0.0,0.0,PAYMENT,0,0,0
710,148114.8,64847.0,212961.8,2097095.5,1948980.7,CASH_IN,7,0,0
686,157696.38,20645.0,0.0,331974.29,489670.66,CASH_OUT,1,0,0
691,5269.13,71130.0,65860.87,0.0,0.0,PAYMENT,0,0,0
597,10708.12,51008.82,40300.7,0.0,0.0,PAYMENT,0,0,0
710,12591.76,50393.0,37801.24,0.0,0.0,PAYMENT,0,0,0
690,176.69,0.0,0.0,0.0,0.0,PAYMENT,0,0,0
690,11137.99,273073.75,261935.76,0.0,0.0,PAYMENT,0,0,0
691,28286.48,7324.87,0.0,0.0,0.0,PAYMENT,0,0,0
686,28510.8,19966.0,0.0,432526.54,461037.34,CASH_OUT,3,0,0
617,111463.02,404228.0,515691.02,1141553.56,1030090.54,CASH_IN,24,0,0
640,381009.19,0.0,0.0,1563094.89,1944104.08,TRANSFER,4,0,0
692,79221.75,0.0,0.0,104182.64,183404.39,CASH_OUT,5,0,0
597,1015051.7,1015051.7,0.0,0.0,0.0,TRANSFER,0,0,1
687,222556.94,0.0,0.0,620036.9,842593.83,CASH_OUT,4,0,0
688,51718.84,0.0,0.0,1175792.95,1227511.79,CASH_OUT,16,0,0
670,161054.98,229.0,0.0,0.0,161054.98,CASH_OUT,0,0,0
692,4824.91,5795.0,970.09,92226.46,97051.37,CASH_OUT,4,0,0
683,32459.78,79887.0,47427.22,2055450.89,2087910.67,CASH_OUT,15,0,0
692,8339.58,0.0,0.0,0.0,0.0,PAYMENT,0,0,0
692,76176.48,576656.98,500480.5,2700783.23,2776959.71,CASH_OUT,5,0,0
691,266340.95,0.0,0.0,736449.0,1002789.95,CASH_OUT,3,0,0
686,178812.83,3977916.69,4156729.52,417553.66,238740.83,CASH_IN,4,0,0
617,54507.1,0.0,0.0,611568.21,666075.31,CASH_OUT,2,0,0
684,10700.77,903.95,0.0,0.0,0.0,PAYMENT,0,0,0
681,12598.99,11056.0,0.0,0.0,0.0,PAYMENT,0,0,0
644,8971.19,232513.56,223542.37,0.0,0.0,PAYMENT,0,0,0
687,153058.5,22065.0,0.0,599818.27,752876.77,CASH_OUT,4,0,0
681,74316.04,302234.21,227918.17,472965.64,547281.68,CASH_OUT,1,0,0
640,1078.07,0.0,0.0,0.0,0.0,PAYMENT,0,0,0
596,16677.44,11544.0,0.0,0.0,0.0,PAYMENT,0,0,0
619,248304.68,0.0,0.0,3516972.67,3765277.35,CASH_OUT,18,0,0
664,280041.81,70499.0,0.0,0.0,280041.81,CASH_OUT,0,0,0
695,9594.87,0.0,0.0,0.0,0.0,PAYMENT,0,0,0
687,2074.09,0.0,0.0,0.0,0.0,PAYMENT,0,0,0
690,53818.4,0.0,0.0,9843029.62,9896848.02,CASH_OUT,4,0,0
619,11362.9,173.96,0.0,0.0,0.0,PAYMENT,0,0,0
619,120563.19,0.0,0.0,465922.54,586485.73,CASH_OUT,8,0,0
596,240784.05,56970.71,0.0,258739.72,499523.77,CASH_OUT,5,0,0
596,86398.92,0.0,0.0,167988.42,254387.34,CASH_OUT,1,0,0
687,157891.46,3360685.19,3518576.66,583314.2,425422.73,CASH_IN,4,0,0
595,7954.91,36367.41,28412.51,0.0,0.0,PAYMENT,0,0,0
661,279383.66,10911.0,0.0,200045.11,479428.77,CASH_OUT,3,0,0
681,5850.27,16667.0,10816.73,0.0,5850.27,CASH_OUT,0,0,0
705,93591.84,6205557.38,6299149.21,451602.98,358011.14,CASH_IN,2,0,0
612,5410.02,263658.06,258248.04,0.0,0.0,PAYMENT,0,0,0
597,6280.17,288.0,0.0,0.0,0.0,PAYMENT,0,0,0
710,200146.37,858.0,201004.37,281245.17,81098.79,CASH_IN,4,0,0
614,10954.47,0.0,0.0,0.0,0.0,PAYMENT,0,0,0
686,20279.21,31508.0,11228.79,0.0,0.0,PAYMENT,0,0,0
688,82051.55,21790674.15,21872725.7,1362884.35,1280832.81,CASH_IN,6,0,0
692,61625.07,0.0,0.0,3466155.69,3527780.76,TRANSFER,15,0,0
681,282897.8,17090.0,0.0,6339912.18,6622809.97,CASH_OUT,5,0,0
595,142620.31,3394836.81,3537457.11,391050.06,248429.76,CASH_IN,11,0,0
686,75295.97,0.0,0.0,89876.04,165172.01,CASH_OUT,3,0,0
597,181195.75,3877945.48,4059141.23,25840731.05,25659535.29,CASH_IN,18,0,0
640,177031.05,0.0,0.0,491074.03,668105.08,CASH_OUT,2,0,0
637,8036.88,0.0,0.0,0.0,0.0,PAYMENT,0,0,0
596,399188.54,2324267.34,2723455.88,4651554.23,4252365.69,CASH_IN,13,0,0
686,6061.4,348768.0,354829.4,217284.35,211222.94,CASH_IN,0,0,0
673,7141.29,825.0,0.0,0.0,0.0,PAYMENT,0,0,0
669,172149.73,3906526.72,4078676.45,308977.51,136827.78,CASH_IN,3,0,0
695,3020.73,43116.0,40095.27,0.0,0.0,PAYMENT,0,0,0
687,13423.91,11589.0,25012.91,543617.6,530193.69,CASH_IN,11,0,0
692,67158.88,0.0,0.0,293130.66,360289.55,CASH_OUT,1,0,0
659,280013.5,0.0,0.0,654050.88,934064.38,CASH_OUT,7,0,0
599,107114.78,0.0,0.0,233043.59,340158.37,CASH_OUT,5,0,0
612,11200.59,30351.0,19150.41,0.0,0.0,PAYMENT,0,0,0
684,423132.81,508786.0,85653.19,0.0,423132.81,CASH_OUT,10,0,0
612,12826.63,170763.44,157936.81,183215.45,196042.08,CASH_OUT,1,0,0
683,283836.38,8522834.07,8806670.46,5262778.16,4978941.78,CASH_IN,24,0,0
596,4101.74,151304.0,147202.26,0.0,0.0,PAYMENT,0,0,0
661,49031.6,501.0,0.0,2192793.55,2241825.15,CASH_OUT,10,0,0
686,381029.59,11243.0,0.0,3891194.54,4272224.12,CASH_OUT,25,0,0
661,25311.62,347440.51,322128.89,0.0,0.0,PAYMENT,0,0,0
684,29652.11,5093.0,0.0,0.0,0.0,PAYMENT,0,0,0
688,32596.09,0.0,0.0,321405.77,354001.86,CASH_OUT,4,0,0
642,6447.8,84719.0,78271.2,0.0,0.0,PAYMENT,0,0,0
687,413850.17,111.0,0.0,0.0,413850.17,CASH_OUT,2,0,0
640,327461.26,20.0,0.0,0.0,327461.26,CASH_OUT,0,0,0
698,1082562.4,0.0,0.0,3043152.56,4125714.96,TRANSFER,15,0,0
691,10132.15,0.0,0.0,0.0,0.0,PAYMENT,0,0,0
597,273627.53,0.0,0.0,1398791.76,1672419.29,CASH_OUT,10,0,0
686,11333.0,35292.0,23959.0,0.0,0.0,PAYMENT,0,0,0
640,329490.94,997898.34,1327389.28,5014702.57,4685211.62,CASH_IN,30,0,0
686,656.21,21621.0,20964.79,0.0,0.0,PAYMENT,0,0,0
694,102881.41,5493799.01,5596680.42,139548.49,36667.08,CASH_IN,2,0,0
596,84076.84,2156116.63,2240193.47,1070023.73,985946.89,CASH_IN,17,0,0
595,304870.12,0.0,0.0,1013860.35,1318730.47,CASH_OUT,18,0,0
691,31986.04,15249.0,0.0,0.0,31986.04,CASH_OUT,0,0,0
691,426984.42,0.0,0.0,1090059.94,1517044.36,TRANSFER,1,0,0
642,9768.19,0.0,0.0,0.0,0.0,PAYMENT,0,0,0
684,5573.96,0.0,0.0,0.0,0.0,PAYMENT,0,0,0
659,5742.99,0.0,0.0,0.0,0.0,PAYMENT,0,0,0
692,324265.14,104.0,0.0,5432986.13,5757251.27,TRANSFER,2,0,0
614,17802.78,291404.09,273601.31,0.0,0.0,PAYMENT,0,0,0
644,13977.16,56641.0,42663.84,0.0,0.0,PAYMENT,0,0,0
596,222933.27,9091178.12,9314111.39,754357.51,531424.23,CASH_IN,10,0,0
667,6966.55,285.0,0.0,929964.05,936930.6,CASH_OUT,5,0,0
688,30863.51,5194252.34,5225115.85,32735.08,1871.57,CASH_IN,1,0,0
612,3898.32,21518.0,17619.68,0.0,0.0,PAYMENT,0,0,0
688,4098.73,0.0,0.0,0.0,0.0,PAYMENT,0,0,0
681,180087.37,15638.0,0.0,1198346.98,1378434.35,CASH_OUT,6,0,0
687,40577.7,2240.0,42817.7,299082.41,258504.71,CASH_IN,3,0,0
597,103161.89,2310889.14,2414051.03,1355371.11,1252209.22,CASH_IN,14,0,0
709,122411.15,21091.0,0.0,182305.64,304716.79,CASH_OUT,8,0,0
642,231152.46,0.0,0.0,1333047.71,1564200.17,CASH_OUT,8,0,0
695,9896.24,0.0,0.0,0.0,0.0,PAYMENT,0,0,0
688,392770.43,29522.0,0.0,0.0,392770.43,CASH_OUT,2,0,0
684,7736761.32,148212.0,0.0,14995.55,7751756.87,TRANSFER,6,0,0
709,22466.61,36358.0,13891.39,0.0,0.0,PAYMENT,0,0,0
691,13163.66,4359.0,0.0,0.0,0.0,PAYMENT,0,0,0
596,283005.48,0.0,0.0,1271813.76,1554819.24,CASH_OUT,3,0,0
690,224176.25,0.0,0.0,876162.39,1100338.64,CASH_OUT,8,0,0
661,208620.28,2018.0,210638.28,0.0,0.0,CASH_IN,0,0,0
686,181.13,9603.0,9421.87,0.0,0.0,PAYMENT,0,0,0
688,47284.63,0.0,0.0,339224.05,386508.67,CASH_OUT,2,0,0
644,135158.41,51665.0,0.0,0.0,135158.41,CASH_OUT,5,0,0
661,386257.01,12860.0,0.0,0.0,386257.01,CASH_OUT,0,0,0
596,79508.56,153387.0,232895.56,0.0,0.0,CASH_IN,0,0,0
656,198746.49,2702.0,0.0,159224.84,357971.33,TRANSFER,6,0,0
661,166210.58,0.0,0.0,1772136.56,1938347.14,CASH_OUT,10,0,0
599,706.76,42858.0,42151.24,0.0,0.0,PAYMENT,0,0,0
694,10205.6,0.0,0.0,613589.64,623795.24,CASH_OUT,4,0,0
688,277930.36,77320.0,355250.36,97959.67,0.0,CASH_IN,7,0,0
661,198309.63,888810.0,1087119.63,260730.99,62421.36,CASH_IN,1,0,0
692,16904.09,0.0,0.0,0.0,0.0,PAYMENT,0,0,0
612,568159.0,0.0,0.0,1184489.33,1752648.33,TRANSFER,23,0,0
621,96415.75,31396.0,0.0,16601.76,113017.5,CASH_OUT,9,0,0
688,27327.73,0.0,0.0,0.0,0.0,PAYMENT,0,0,0
596,3790.46,229323.2,225532.73,0.0,0.0,PAYMENT,0,0,0
596,965399.44,0.0,0.0,3969035.8,4934435.24,TRANSFER,5,0,0
688,8659.53,0.0,0.0,0.0,0.0,PAYMENT,0,0,0
681,319727.68,2194844.3,2514571.97,794657.87,474930.2,CASH_IN,28,0,0
694,2894.67,0.0,0.0,0.0,0.0,PAYMENT,0,0,0
617,20554.16,54269.0,33714.84,0.0,0.0,PAYMENT,0,0,0
617,5208.94,141374.0,136165.06,0.0,0.0,PAYMENT,0,0,0
621,292086.21,2339488.52,2631574.72,1065478.2,773391.99,CASH_IN,7,0,0
642,10522.06,22370.0,11847.94,0.0,0.0,PAYMENT,0,0,0
688,84973.34,0.0,0.0,292768.53,377741.87,CASH_OUT,3,0,0
596,9091.58,0.0,0.0,0.0,0.0,PAYMENT,0,0,0
688,320339.98,0.0,0.0,531241.55,851581.54,CASH_OUT,3,0,0
637,50380.16,22962.0,73342.16,0.0,0.0,CASH_IN,0,0,0
686,192882.39,20140.0,213022.39,122447.37,0.0,CASH_IN,2,0,0
617,801.74,0.0,0.0,0.0,0.0,PAYMENT,0,0,0
596,59140.69,0.0,0.0,178917.2,238057.89,CASH_OUT,4,0,0
695,8215.61,126974.14,118758.53,0.0,0.0,PAYMENT,0,0,0
649,2411.8,52484.85,50073.05,0.0,0.0,PAYMENT,0,0,0
690,264424.18,549.0,264973.18,302211.6,37787.42,CASH_IN,0,0,0
595,7315.43,256434.3,249118.86,0.0,0.0,PAYMENT,0,0,0
596,112643.55,0.0,0.0,184124.1,296767.65,CASH_OUT,8,0,0
692,12089.01,53863.0,41773.99,0.0,12089.01,CASH_OUT,5,0,0
596,74820.92,4367881.83,4442702.75,224573.96,149753.04,CASH_IN,1,0,0
614,2831.33,32245.0,29413.67,0.0,0.0,PAYMENT,0,0,0
707,91078.79,29907.0,120985.79,252226.06,161147.27,CASH_IN,4,0,0
596,17579.94,0.0,0.0,0.0,0.0,PAYMENT,0,0,0
694,217585.7,0.0,0.0,453220.53,670806.23,CASH_OUT,10,0,0
692,2099.54,9679.0,7579.46,522881.26,524980.8,CASH_OUT,5,0,0
715,39655.0,20791.0,0.0,2097653.03,2137308.02,TRANSFER,18,0,0
710,51602.84,37658.0,0.0,0.0,51602.84,CASH_OUT,11,0,0
688,15727.8,0.0,0.0,380975.77,396703.57,CASH_OUT,0,0,0
718,18740.07,20158.0,1417.93,0.0,0.0,PAYMENT,0,0,0
686,3280.85,0.0,0.0,0.0,0.0,PAYMENT,0,0,0
709,8841.37,311811.69,302970.32,0.0,0.0,PAYMENT,0,0,0
681,96554.85,420975.0,324420.15,2010476.37,2107031.23,CASH_OUT,18,0,0
619,178709.45,57020.0,235729.45,1913954.42,1735244.97,CASH_IN,8,0,0
596,136176.41,1452463.46,1588639.87,156854.44,20678.03,CASH_IN,7,0,0
640,10690.99,0.0,0.0,0.0,0.0,PAYMENT,0,0,0
661,122445.68,11868.0,0.0,210385.66,332831.35,TRANSFER,6,0,0
688,169904.57,16954035.93,17123940.49,206560.91,36656.34,CASH_IN,1,0,0
688,48859.6,79221.0,30361.4,1969926.52,2018786.13,TRANSFER,24,0,0
596,6633.3,5131.3,0.0,0.0,0.0,PAYMENT,0,0,0
687,85062.36,0.0,0.0,294272.66,379335.02,CASH_OUT,0,0,0
691,208808.74,389.0,0.0,91538.71,300347.45,CASH_OUT,0,0,0
688,5899.89,28434.23,22534.34,0.0,0.0,PAYMENT,0,0,0
596,137575.91,11296.0,0.0,47672.29,185248.2,CASH_OUT,0,0,0
692,127138.88,40469.0,0.0,0.0,127138.88,CASH_OUT,0,0,0
596,131756.64,0.0,0.0,265877.92,397634.56,CASH_OUT,1,0,0
709,29700.53,30022.0,321.47,0.0,29700.53,CASH_OUT,1,0,0
684,474493.7,0.0,0.0,3398314.1,3872807.8,TRANSFER,32,0,0
642,3261.12,79960.0,76698.88,0.0,0.0,PAYMENT,0,0,0
617,8409.98,23294.0,14884.02,0.0,0.0,PAYMENT,0,0,0
637,145663.94,459.0,0.0,31705.31,177369.26,TRANSFER,1,0,0
692,1449.99,0.0,0.0,0.0,0.0,PAYMENT,0,0,0
681,15663.37,0.0,0.0,0.0,0.0,PAYMENT,0,0,0
692,365158.81,100272.0,465430.81,219569.3,0.0,CASH_IN,3,0,0
612,11048.0,196541.1,185493.09,0.0,0.0,PAYMENT,0,0,0
683,317922.05,0.0,0.0,7427591.83,7745513.88,CASH_OUT,9,0,0
683,10440.44,28553.56,18113.11,0.0,0.0,PAYMENT,0,0,0
690,98453.51,14787.0,113240.51,217562.3,119108.79,CASH_IN,2,0,0
637,40644.6,41.0,0.0,0.0,0.0,PAYMENT,0,0,0
667,115218.26,404110.48,519328.74,220611.59,105393.33,CASH_IN,1,0,0
687,234260.31,84386.26,0.0,756179.23,990439.54,CASH_OUT,1,0,0
687,174965.28,11612.0,0.0,0.0,174965.28,CASH_OUT,18,0,0
714,313358.76,20252.0,333610.76,1269123.01,955764.25,CASH_IN,13,0,0
637,178365.19,7300.0,0.0,4772.42,183137.61,TRANSFER,0,0,0
617,28975.62,22193.0,51168.62,796217.83,767242.21,CASH_IN,5,0,0
688,115304.26,26081.0,0.0,0.0,115304.26,CASH_OUT,0,0,0
619,316901.5,114179.0,0.0,127241.73,444143.23,TRANSFER,1,0,0
691,1779.52,0.0,0.0,0.0,0.0,PAYMENT,0,0,0
684,6411.66,499951.43,493539.77,0.0,0.0,PAYMENT,0,0,0
684,22658.01,1180.0,0.0,0.0,0.0,PAYMENT,0,0,0
681,175741.25,38902.0,0.0,0.0,175741.25,CASH_OUT,0,0,0
670,10444.26,102.0,0.0,0.0,0.0,PAYMENT,0,0,0
715,67453.87,306.0,67759.87,207528.94,140075.07,CASH_IN,2,0,0
661,164858.31,3082.0,0.0,0.0,164858.31,CASH_OUT,0,0,0
595,111765.58,74880.0,0.0,1924740.64,2036506.23,CASH_OUT,1,0,0
688,96013.12,21617.0,117630.12,1049618.91,953605.79,CASH_IN,2,0,0
694,4741.66,0.0,0.0,0.0,0.0,PAYMENT,0,0,0
683,408590.96,0.0,0.0,2819219.94,3227810.9,TRANSFER,8,0,0
596,20939.4,233847.0,212907.6,0.0,0.0,PAYMENT,0,0,0
596,253348.09,0.0,0.0,1075264.82,1328612.9,CASH_OUT,3,0,0
715,27780.17,30737.0,2956.83,0.0,0.0,PAYMENT,0,0,0
601,1944.54,203142.0,201197.46,0.0,0.0,PAYMENT,0,0,0
617,121827.25,103073.0,0.0,1242225.36,1364052.61,CASH_OUT,10,0,0
637,50753.57,13645.0,0.0,0.0,0.0,PAYMENT,0,0,0
686,76147.51,447832.0,371684.49,96535.7,172683.2,CASH_OUT,2,0,0
698,2360965.74,2360965.74,0.0,0.0,2360965.74,CASH_OUT,0,0,1
595,35381.82,0.0,0.0,289884.21,325266.03,CASH_OUT,6,0,0
683,74578.52,60148.0,134726.52,0.0,0.0,CASH_IN,0,0,0
705,35745.96,0.0,0.0,138230.28,173976.24,TRANSFER,24,0,0
637,266564.96,103288.0,0.0,1989252.77,2255817.73,CASH_OUT,18,0,0
710,71584.77,56497.0,128081.77,4395570.06,4323985.28,CASH_IN,22,0,0
688,98787.04,786367.4,885154.44,450987.49,352200.45,CASH_IN,6,0,0
595,15284.04,311.0,0.0,0.0,15284.04,CASH_OUT,1,0,0
694,5373.69,10967.0,5593.31,0.0,0.0,PAYMENT,0,0,0
612,18521.43,20417.0,1895.57,0.0,0.0,PAYMENT,0,0,0
596,337469.79,8036932.35,8374402.14,1221766.61,884296.81,CASH_IN,11,0,0
687,37561.98,0.0,0.0,0.0,0.0,PAYMENT,0,0,0
610,34764.31,90.0,0.0,0.0,34764.31,CASH_OUT,0,0,0
675,248071.8,0.0,0.0,434849.05,682920.85,CASH_OUT,3,0,0
617,109252.18,0.0,0.0,603104.54,712356.72,CASH_OUT,10,0,0
709,294238.39,33384.0,0.0,2239280.73,2533519.13,CASH_OUT,10,0,0
681,246061.78,55500.0,0.0,389484.31,635546.09,CASH_OUT,10,0,0
596,13490.35,8595.0,0.0,0.0,0.0,PAYMENT,0,0,0
661,542438.43,344806.53,0.0,585947.18,1128385.61,CASH_OUT,10,0,0
619,151627.67,429.0,152056.67,1637737.1,1486109.43,CASH_IN,9,0,0
709,162579.56,5545.0,0.0,6486667.69,6649247.25,CASH_OUT,5,0,0
596,93664.56,4548752.94,4642417.49,5941055.82,5847391.26,CASH_IN,8,0,0
692,485.69,291833.45,291347.76,0.0,0.0,PAYMENT,0,0,0
608,8083.15,2027602.09,2035685.24,188036.13,179952.98,CASH_IN,0,0,0
688,112099.85,8049.0,0.0,869977.24,982077.09,TRANSFER,9,0,0
595,231443.96,54841.0,286284.96,329740.52,98296.56,CASH_IN,4,0,0
692,17245.54,16505.79,0.0,0.0,0.0,PAYMENT,0,0,0
691,112369.24,0.0,0.0,398062.7,510431.94,CASH_OUT,1,0,0
681,130566.01,5655517.51,5786083.53,2454932.93,2324366.92,CASH_IN,10,0,0
637,175441.18,11472.0,0.0,11454814.48,11630255.66,CASH_OUT,4,0,0
694,139595.28,0.0,0.0,1371490.28,1511085.56,TRANSFER,10,0,0
688,127504.46,0.0,0.0,5271516.93,5399021.4,CASH_OUT,15,0,0
688,23323.69,63031.44,39707.75,55034.5,78358.19,CASH_OUT,6,0,0
595,23655.0,80333.0,56678.0,295527.26,319182.26,CASH_OUT,4,0,0
687,83689.23,4374174.65,4457863.88,6324132.61,6240443.37,CASH_IN,37,0,0
617,256319.07,6191889.08,6448208.15,5086938.18,4830619.11,CASH_IN,27,0,0
688,112877.61,105342.0,0.0,2054444.16,2167321.77,CASH_OUT,7,0,0
705,1301.85,105234.24,103932.4,0.0,0.0,PAYMENT,0,0,0
673,166030.6,8614281.47,8780312.07,5665721.36,5499690.76,CASH_IN,9,0,0
687,200682.17,19575.0,0.0,82678.62,283360.79,CASH_OUT,1,0,0
695,9678.43,15729.0,6050.57,0.0,0.0,PAYMENT,0,0,0
595,185551.45,82700.0,268251.45,0.0,0.0,CASH_IN,0,0,0
684,1682949.35,21150.0,0.0,644932.92,2327882.28,TRANSFER,18,0,0
659,6120.44,147.0,0.0,0.0,0.0,PAYMENT,0,0,0
683,26831.22,0.0,0.0,58014.04,84845.26,CASH_OUT,5,0,0
691,41211.87,0.0,0.0,2886758.02,2927969.89,CASH_OUT,20,0,0
664,170378.06,5138780.84,5309158.9,357742.26,187364.2,CASH_IN,6,0,0
612,171471.58,44504.0,0.0,0.0,171471.58,CASH_OUT,0,0,0
710,367509.16,39438.0,406947.16,0.0,0.0,CASH_IN,1,0,0
687,16154.25,0.0,0.0,0.0,0.0,PAYMENT,0,0,0
715,169213.24,39623.0,0.0,789321.68,958534.92,CASH_OUT,3,0,0
683,171686.81,0.0,0.0,386474.24,558161.06,CASH_OUT,7,0,0
595,151667.52,11740.0,163407.52,0.0,0.0,CASH_IN,0,0,0
694,117399.1,90679.0,0.0,842719.43,960118.52,CASH_OUT,13,0,0
710,12084.33,20759.0,8674.67,0.0,0.0,PAYMENT,0,0,0
686,24212.32,24582.76,370.44,0.0,0.0,PAYMENT,0,0,0
687,172448.35,3002708.59,3175156.94,4409080.33,4236631.98,CASH_IN,3,0,0
694,2800.98,80923.0,78122.02,2335282.56,2338083.53,DEBIT,20,0,0
694,14701.5,49.0,0.0,0.0,14701.5,TRANSFER,0,0,0
688,3387.55,103619.0,100231.45,0.0,0.0,PAYMENT,0,0,0
691,74961.76,0.0,0.0,406383.3,481345.06,CASH_OUT,4,0,0
661,63261.57,146383.0,83121.43,1138569.55,1201831.12,CASH_OUT,19,0,0
686,341329.31,61632.0,0.0,0.0,341329.31,CASH_OUT,0,0,0
687,28461.62,58641.0,30179.38,0.0,0.0,PAYMENT,0,0,0
595,1394.24,289994.0,288599.76,0.0,0.0,PAYMENT,0,0,0
601,4432.11,11323.0,6890.89,602560.11,606992.22,DEBIT,1,0,0
687,181913.01,22311.0,204224.01,1270543.23,1088630.22,CASH_IN,6,0,0
710,36062.8,2876.0,0.0,0.0,0.0,PAYMENT,0,0,0
596,1313.9,10620.0,9306.1,0.0,0.0,PAYMENT,0,0,0
595,25233.91,10904.0,0.0,0.0,25233.91,CASH_OUT,0,0,0
691,220.7,0.0,0.0,0.0,0.0,PAYMENT,0,0,0
687,2354.58,131.0,0.0,0.0,0.0,PAYMENT,0,0,0
596,26183.06,0.0,0.0,1508211.9,1534394.96,CASH_OUT,8,0,0
686,4621.59,24039.0,19417.41,0.0,0.0,PAYMENT,0,0,0
681,129815.27,0.0,0.0,2130284.27,2260099.54,TRANSFER,3,0,0
688,55349.44,106915.0,51565.56,0.0,55349.44,CASH_OUT,0,0,0
599,95926.51,294234.14,390160.64,199415.61,103489.1,CASH_IN,2,0,0
686,241320.84,0.0,0.0,594243.21,835564.05,TRANSFER,4,0,0
596,209221.08,54885.0,0.0,745421.85,954642.93,TRANSFER,6,0,0
686,1233.35,69958.0,71191.35,1696495.53,1695262.18,CASH_IN,10,0,0
691,98376.86,74985.0,173361.86,265610.76,167233.9,CASH_IN,5,0,0
659,72122.98,11278787.78,11350910.76,202444.3,130321.32,CASH_IN,0,0,0
709,126209.38,253218.0,379427.38,1768185.57,1641976.19,CASH_IN,9,0,0
692,102576.02,104522.0,1945.98,40487.61,143063.63,CASH_OUT,15,0,0
619,317248.11,33316.0,0.0,0.0,317248.11,TRANSFER,0,0,0
705,19792.63,0.0,0.0,0.0,0.0,PAYMENT,0,0,0
664,105532.84,4076.0,0.0,208481.01,314013.85,CASH_OUT,1,0,0
640,216962.47,0.0,0.0,224453.35,441415.83,CASH_OUT,4,0,0
596,2344.22,235.0,0.0,0.0,0.0,PAYMENT,0,0,0
612,87721.01,6223862.9,6311583.91,221646.37,133925.36,CASH_IN,1,0,0
687,1248.18,111248.46,110000.27,0.0,0.0,PAYMENT,0,0,0
644,13427.94,27042.0,13614.06,0.0,0.0,PAYMENT,0,0,0
684,246832.71,41010.0,0.0,2865544.87,3112377.58,CASH_OUT,18,0,0
694,8154.73,165414.96,157260.24,0.0,0.0,PAYMENT,0,0,0
695,249428.31,18715.63,0.0,2190879.98,2440308.3,CASH_OUT,32,0,0
642,4672.3,0.0,0.0,0.0,0.0,PAYMENT,0,0,0
694,226525.13,601.0,0.0,1650818.05,1877343.18,TRANSFER,6,0,0
597,40274.22,0.0,0.0,0.0,0.0,PAYMENT,0,0,0
684,10709.27,5237.0,0.0,0.0,0.0,PAYMENT,0,0,0
661,14741.78,4065.0,0.0,0.0,0.0,PAYMENT,0,0,0
599,258968.82,2190869.47,2449838.3,840857.08,581888.26,CASH_IN,2,0,0
715,168158.35,22818.0,0.0,68866.99,237025.33,CASH_OUT,5,0,0
670,208809.76,14229.0,0.0,821036.14,1029845.9,TRANSFER,1,0,0
598,567225.93,0.0,0.0,2713190.47,3280416.4,TRANSFER,9,0,0
715,128546.21,40827.0,169373.21,0.0,0.0,CASH_IN,3,0,0
690,27763.29,11949.47,0.0,0.0,0.0,PAYMENT,0,0,0
659,42700.22,42738.0,37.78,204408.86,247109.08,CASH_OUT,4,0,0
688,263030.99,0.0,0.0,317030.81,952560.41,CASH_OUT,8,0,0
688,16079.94,254266.17,238186.23,0.0,0.0,PAYMENT,0,0,0
684,63084.47,54366.0,0.0,369239.99,432324.47,CASH_OUT,2,0,0
595,12366.81,12892.48,525.66,0.0,0.0,PAYMENT,0,0,0
694,158667.84,170288.0,11620.16,104059.29,262727.13,CASH_OUT,1,0,0
621,32229.67,274.0,0.0,161696.02,193925.69,CASH_OUT,2,0,0
688,405480.57,32008.0,0.0,3113694.49,3519175.06,CASH_OUT,22,0,0
691,20577.51,30092.0,50669.51,0.0,0.0,CASH_IN,0,0,0
610,15541.49,0.0,0.0,0.0,0.0,PAYMENT,0,0,0
705,259012.71,2786369.0,3045381.71,930741.7,671728.99,CASH_IN,7,0,0
694,8293.12,29156.0,20862.88,0.0,0.0,PAYMENT,0,0,0
687,8093.46,80308.25,72214.79,0.0,0.0,PAYMENT,0,0,0
597,1958.34,204204.04,202245.7,0.0,0.0,PAYMENT,0,0,0
673,7808.45,12205.0,4396.55,0.0,0.0,PAYMENT,0,0,0
596,1887810.28,0.0,0.0,5105135.05,6992945.33,TRANSFER,22,0,0
690,177789.61,20971.0,0.0,3049935.66,3227725.27,CASH_OUT,17,0,0
710,16901.78,30519.0,13617.22,0.0,0.0,PAYMENT,0,0,0
710,137810.16,5614.0,0.0,118827.62,256637.78,CASH_OUT,3,0,0
608,32798.5,7027.0,0.0,0.0,32798.5,CASH_OUT,0,0,0
640,477353.53,1332015.56,1809369.08,8906243.89,8428890.36,CASH_IN,37,0,0
690,109560.28,5042.0,0.0,354747.73,464308.01,CASH_OUT,5,0,0
637,90860.0,20935.0,111795.0,117235.08,26375.08,CASH_IN,3,0,0
690,31181.35,0.0,0.0,0.0,0.0,PAYMENT,0,0,0
715,184079.49,421917.0,237837.51,457989.47,642068.97,CASH_OUT,2,0,0
687,2523.27,75025.0,72501.73,0.0,0.0,PAYMENT,0,0,0
642,90492.42,0.0,0.0,1352297.76,1442790.18,TRANSFER,6,0,0
595,163829.91,1312683.42,1476513.33,306831.43,143001.52,CASH_IN,8,0,0
686,152869.5,0.0,0.0,505956.55,658826.05,CASH_OUT,2,0,0
683,2693.69,10885.0,8191.31,5640401.82,5643095.51,DEBIT,15,0,0
692,252902.7,0.0,0.0,1638661.79,1891564.48,CASH_OUT,4,0,0
614,16149.47,0.0,0.0,0.0,0.0,PAYMENT,0,0,0
688,6305.75,0.0,0.0,0.0,0.0,PAYMENT,0,0,0
596,8983.69,25761.84,16778.15,0.0,0.0,PAYMENT,0,0,0
659,11841.51,1338.39,0.0,0.0,0.0,PAYMENT,0,0,0
599,324724.34,237580.91,0.0,3220743.66,3545468.0,CASH_OUT,22,0,0
687,57521.26,105761.0,48239.74,0.0,57521.26,CASH_OUT,0,0,0
688,94116.72,260684.18,166567.46,1515083.9,1609200.61,CASH_OUT,1,0,0
656,99878.81,3791961.62,3891840.43,8839184.89,8739306.09,CASH_IN,36,0,0
595,78165.34,0.0,0.0,733594.71,811760.05,CASH_OUT,2,0,0
688,166204.23,53847.0,0.0,1368393.66,1534597.89,CASH_OUT,7,0,0
661,258551.54,0.0,0.0,1917276.15,2175827.69,CASH_OUT,22,0,0
661,337893.71,140450.0,0.0,0.0,337893.71,TRANSFER,4,0,0
661,235056.35,10463.0,245519.35,308662.47,73606.12,CASH_IN,6,0,0
659,627349.19,73210.0,0.0,330282.66,957631.86,CASH_OUT,6,0,0
667,280104.31,0.0,0.0,1312683.69,1592788.01,CASH_OUT,15,0,0
659,1423627.83,1423627.83,0.0,0.0,0.0,TRANSFER,0,0,1
595,119280.06,1112834.59,1232114.65,1720084.32,1600804.26,CASH_IN,12,0,0
681,297685.77,128451.29,0.0,1309150.15,1606835.92,CASH_OUT,12,0,0
688,112503.67,0.0,0.0,312533.99,425037.66,CASH_OUT,19,0,0
637,35760.52,22215.0,0.0,0.0,0.0,PAYMENT,0,0,0
656,13903.86,0.0,0.0,0.0,0.0,PAYMENT,0,0,0
659,8748.03,205494.73,196746.69,0.0,0.0,PAYMENT,0,0,0
656,195049.54,508.0,195557.54,0.0,0.0,CASH_IN,8,0,0
688,8677.02,10332.0,1654.98,0.0,0.0,PAYMENT,0,0,0
691,11614.68,68820.83,57206.16,0.0,0.0,PAYMENT,0,0,0
684,760317.22,0.0,0.0,2588156.87,3348474.09,TRANSFER,18,0,0
595,113428.64,104919.0,0.0,0.0,113428.64,CASH_OUT,0,0,0
637,62961.28,89464.0,26502.72,213498.13,276459.41,CASH_OUT,3,0,0
715,35502.6,5802.0,0.0,0.0,0.0,PAYMENT,0,0,0
596,37584.03,0.0,0.0,1333367.58,1370951.61,CASH_OUT,22,0,0
692,1745.97,208504.72,206758.75,0.0,0.0,PAYMENT,0,0,0
612,26605.3,164.0,0.0,0.0,0.0,PAYMENT,0,0,0
683,358216.59,26978.63,0.0,13220388.89,13578605.48,CASH_OUT,18,0,0
595,1858587.19,0.0,0.0,2688216.66,4546803.85,TRANSFER,10,0,0
692,303610.9,0.0,0.0,7448606.63,7752217.53,CASH_OUT,28,0,0
692,37689.49,20348.0,0.0,168968.36,206657.85,CASH_OUT,0,0,0
661,47120.94,3466206.92,3513327.86,2059070.29,2011949.35,CASH_IN,4,0,0
683,5640.46,14401.69,8761.23,0.0,0.0,PAYMENT,0,0,0
692,69106.21,1698571.6,1767677.81,2379265.75,2310159.54,CASH_IN,7,0,0
595,6554.65,48102.63,41547.97,0.0,0.0,PAYMENT,0,0,0
596,167118.61,0.0,0.0,8384570.27,8551688.88,CASH_OUT,26,0,0
596,128874.55,1127.0,130001.55,94667.7,0.0,CASH_IN,1,0,0
656,2389.72,9201.0,6811.28,0.0,0.0,PAYMENT,0,0,0
692,131866.12,39901.0,0.0,49352.19,181218.31,CASH_OUT,0,0,0
684,13672.25,21597.0,7924.75,0.0,0.0,PAYMENT,0,0,0
686,86747.57,165333.0,252080.57,52981.32,0.0,CASH_IN,0,0,0
692,8888.6,0.0,0.0,0.0,0.0,PAYMENT,0,0,0
681,101502.84,0.0,0.0,687393.0,788895.84,CASH_OUT,10,0,0
692,228516.07,95672.0,324188.07,9168195.74,8939679.67,CASH_IN,2,0,0
715,84879.92,30831.0,115710.92,0.0,0.0,CASH_IN,0,0,0
724,309488.9,309488.9,0.0,924407.13,1233896.04,CASH_OUT,17,0,1
684,16075.96,271.0,0.0,0.0,0.0,PAYMENT,0,0,0
692,255363.48,1349415.26,1604778.74,1951041.15,1695677.67,CASH_IN,5,0,0
691,18557.14,9079.0,0.0,0.0,0.0,PAYMENT,0,0,0
688,122477.88,5087.0,0.0,1606625.28,1729103.17,CASH_OUT,9,0,0
595,904.35,0.0,0.0,0.0,0.0,PAYMENT,0,0,0
687,73531.9,50959.0,0.0,1190818.08,1264349.98,CASH_OUT,6,0,0
596,253032.88,31362.0,284394.88,0.0,0.0,CASH_IN,0,0,0
596,224936.22,2519779.08,2744715.3,338185.85,113249.63,CASH_IN,2,0,0
684,260086.68,2141091.51,2401178.19,704487.43,444400.75,CASH_IN,30,0,0
687,424690.61,119727.0,0.0,0.0,424690.61,CASH_OUT,3,0,0
596,4079.85,13495.89,9416.04,0.0,0.0,PAYMENT,0,0,0
637,59572.13,0.0,0.0,642164.73,701736.86,CASH_OUT,10,0,0
599,12876.55,442201.28,429324.74,0.0,0.0,PAYMENT,0,0,0
599,167915.05,10477.0,0.0,8145292.09,8313207.14,TRANSFER,32,0,0
637,156322.92,0.0,0.0,3158956.99,3315279.91,CASH_OUT,14,0,0
695,4616.0,20598.0,15982.0,0.0,0.0,PAYMENT,0,0,0
688,162113.87,1269105.57,1431219.44,1242491.1,1080377.23,CASH_IN,5,0,0
659,230934.63,46034.95,0.0,1335831.88,1566766.51,CASH_OUT,14,0,0
640,9988.4,769.0,0.0,137806.89,147795.29,CASH_OUT,1,0,0
608,753742.45,0.0,0.0,808152.55,1561895.0,TRANSFER,4,0,0
596,14799.8,61463.0,46663.2,0.0,0.0,PAYMENT,0,0,0
595,109124.04,14472.0,0.0,0.0,109124.04,CASH_OUT,0,0,0
694,442673.18,0.0,0.0,846824.65,1289497.83,TRANSFER,6,0,0
644,33056.27,0.0,0.0,1265222.1,1298278.36,CASH_OUT,19,0,0
595,151830.1,10538.0,162368.1,0.0,0.0,CASH_IN,0,0,0
691,126996.13,107092.0,0.0,0.0,126996.13,CASH_OUT,0,0,0
657,2429711.09,2429711.09,0.0,50934.53,2480645.62,CASH_OUT,7,0,1
691,6124.93,3461.0,0.0,0.0,0.0,PAYMENT,0,0,0
661,147136.86,11415.0,0.0,311621.31,458758.16,CASH_OUT,2,0,0
686,32285.5,0.0,0.0,0.0,0.0,PAYMENT,0,0,0
687,307444.21,51340.0,0.0,250437.82,557882.03,CASH_OUT,6,0,0
688,732400.31,99912.0,0.0,0.0,732400.31,TRANSFER,0,0,0
686,236942.04,407033.0,170090.96,0.0,236942.04,TRANSFER,0,0,0
670,3035.35,103732.0,100696.65,0.0,0.0,PAYMENT,0,0,0
617,235835.28,7164429.02,7400264.3,1993537.42,1757702.13,CASH_IN,4,0,0
710,380627.03,50286.0,430913.03,0.0,0.0,CASH_IN,0,0,0
695,2309.19,181.0,0.0,0.0,0.0,PAYMENT,0,0,0
709,269371.12,1443.0,0.0,0.0,269371.12,CASH_OUT,0,0,0
669,4983.1,15642.0,10658.9,0.0,0.0,PAYMENT,0,0,0
681,559102.13,158.0,0.0,2566389.62,3125491.74,TRANSFER,15,0,0
599,117208.16,30832.0,0.0,129870.98,247079.14,CASH_OUT,0,0,0
681,646417.24,0.0,0.0,938560.47,1584977.7,TRANSFER,16,0,0
718,15135.48,3032.0,0.0,0.0,0.0,PAYMENT,0,0,0
637,118764.98,22156.0,140920.98,0.0,0.0,CASH_IN,0,0,0
710,239457.35,10383.0,249840.35,87689.47,0.0,CASH_IN,1,0,0
686,162355.45,296.0,162651.45,401823.57,239468.12,CASH_IN,3,0,0
690,912950.54,912950.54,0.0,2316416.53,3229367.07,CASH_OUT,14,0,1
686,22186.69,0.0,0.0,0.0,0.0,PAYMENT,0,0,0
642,3686.92,0.0,0.0,0.0,0.0,PAYMENT,0,0,0
681,50401.91,0.0,0.0,1199831.59,1250233.5,CASH_OUT,8,0,0
670,9175.21,506962.0,497786.79,0.0,0.0,PAYMENT,0,0,0
596,5745.1,0.0,0.0,0.0,0.0,PAYMENT,0,0,0
688,175672.76,5064.0,0.0,0.0,175672.76,CASH_OUT,8,0,0
707,172209.1,2847.0,175056.1,44607.36,0.0,CASH_IN,3,0,0
690,16481.17,1142858.93,1159340.1,639392.84,622911.66,CASH_IN,3,0,0
596,9885.49,8035.0,0.0,0.0,0.0,PAYMENT,0,0,0
687,306919.15,0.0,0.0,11111718.81,11418637.96,CASH_OUT,34,0,0
597,10473.65,0.0,0.0,0.0,0.0,PAYMENT,0,0,0
694,98775.08,0.0,0.0,323351.49,422126.56,CASH_OUT,3,0,0
691,365987.44,20216.0,0.0,1331386.3,1697373.74,CASH_OUT,5,0,0
695,7832.42,10427.0,2594.58,0.0,0.0,PAYMENT,0,0,0
596,221508.62,8377391.73,8598900.35,301307.36,79798.74,CASH_IN,0,0,0
596,152579.44,7395528.93,7548108.36,1299440.79,1146861.35,CASH_IN,18,0,0
598,90589.83,5167474.45,5258064.28,740988.48,650398.65,CASH_IN,4,0,0
608,3055.04,43172.0,40116.96,0.0,0.0,PAYMENT,0,0,0
715,351013.05,340991.0,0.0,345924.94,696937.99,CASH_OUT,2,0,0
691,11505.66,102582.0,91076.34,0.0,0.0,PAYMENT,0,0,0
695,55180.11,4221.0,0.0,441002.41,496182.53,CASH_OUT,6,0,0
637,10532.8,0.0,0.0,0.0,0.0,PAYMENT,0,0,0
687,16440.16,0.0,0.0,0.0,0.0,PAYMENT,0,0,0
690,12044.9,56372.0,44327.1,0.0,0.0,PAYMENT,0,0,0
637,144670.03,34542.0,0.0,443576.41,588246.44,CASH_OUT,8,0,0
656,4161.09,870856.0,866694.91,0.0,0.0,PAYMENT,0,0,0
661,18621.73,8600155.9,8618777.63,924204.15,905582.42,CASH_IN,8,0,0
686,83840.26,0.0,0.0,216152.88,299993.14,TRANSFER,6,0,0
596,161642.01,6093.0,0.0,439478.59,601120.6,CASH_OUT,7,0,0
694,31274.81,10380.0,0.0,41286.07,72560.88,CASH_OUT,4,0,0
617,5816.4,0.0,0.0,0.0,0.0,PAYMENT,0,0,0
692,812430.25,0.0,0.0,2572379.18,3384809.42,TRANSFER,7,0,0
617,242262.97,14735.0,0.0,620139.57,862402.54,CASH_OUT,27,0,0
661,4396.58,101196.0,96799.42,0.0,0.0,PAYMENT,0,0,0
599,7682.83,104740.0,97057.17,0.0,0.0,PAYMENT,0,0,0
661,1506762.39,0.0,0.0,1625304.72,3132067.12,TRANSFER,8,0,0
619,179165.41,21526.0,200691.41,0.0,0.0,CASH_IN,1,0,0
661,296625.82,0.0,0.0,522149.99,818775.81,CASH_OUT,4,0,0
637,149703.26,4241613.6,4391316.87,4049607.75,3899904.48,CASH_IN,6,0,0
687,12315.69,0.0,0.0,173192.78,185508.47,DEBIT,4,0,0
596,7826.93,587.0,0.0,0.0,7826.93,CASH_OUT,0,0,0
619,139416.0,10067462.85,10206878.85,526124.66,386708.66,CASH_IN,0,0,0
659,395346.65,14100.0,0.0,1673889.82,2069236.48,CASH_OUT,8,0,0
695,1908.52,113471.0,111562.48,498658.6,500567.12,DEBIT,7,0,0
656,819.62,5108.0,4288.38,0.0,0.0,PAYMENT,0,0,0
667,163572.44,0.0,0.0,5227078.86,5390651.3,CASH_OUT,13,0,0
691,32935.25,32935.25,0.0,0.0,0.0,TRANSFER,0,0,1
644,114707.67,20448.0,135155.67,7186137.0,7071429.33,CASH_IN,1,0,0
596,80940.06,8893801.6,8974741.66,2089186.3,2008246.24,CASH_IN,14,0,0
617,7935.21,0.0,0.0,0.0,0.0,PAYMENT,0,0,0
596,28149.04,0.0,0.0,3628614.86,3656763.9,CASH_OUT,14,0,0
681,208869.06,10841.0,219710.06,734770.31,525901.25,CASH_IN,0,0,0
691,448.34,165239.0,164790.66,0.0,448.34,CASH_OUT,0,0,0
661,108745.15,1639199.78,1747944.93,215085.56,106340.41,CASH_IN,3,0,0
596,5975.0,1089.0,0.0,0.0,0.0,PAYMENT,0,0,0
612,247444.06,10399.0,0.0,623580.95,871025.01,CASH_OUT,7,0,0
687,126936.11,10059.0,0.0,29072.13,156008.24,CASH_OUT,1,0,0
692,91786.77,0.0,0.0,238597.91,330384.68,CASH_OUT,1,0,0
661,25347.26,0.0,0.0,0.0,0.0,PAYMENT,0,0,0
610,395046.53,0.0,0.0,1030370.22,1425416.75,TRANSFER,3,0,0
699,84480.05,84480.05,0.0,0.0,0.0,TRANSFER,0,0,1
705,24559.22,19128.0,0.0,0.0,0.0,PAYMENT,0,0,0
670,502.03,2612.0,2109.97,0.0,0.0,PAYMENT,0,0,0
596,136414.39,0.0,0.0,188840.5,325254.89,TRANSFER,0,0,0
687,363307.99,302039.0,665346.99,1968801.37,1605493.38,CASH_IN,10,0,0
644,55407.8,0.0,0.0,256595.52,312003.33,CASH_OUT,2,0,0
688,268346.06,374608.0,106261.94,0.0,268346.06,CASH_OUT,0,0,0
619,6893.12,244232.21,237339.09,3259410.63,3266303.76,CASH_OUT,16,0,0
705,17698.17,0.0,0.0,0.0,0.0,PAYMENT,0,0,0
686,6847.32,0.0,0.0,0.0,0.0,PAYMENT,0,0,0
649,187693.58,8393871.75,8581565.34,555915.83,368222.25,CASH_IN,9,0,0
687,7818.65,0.0,0.0,2645044.94,2652863.59,TRANSFER,0,0,0
692,363420.19,0.0,0.0,675860.09,1039280.28,TRANSFER,4,0,0
715,216818.08,72117.0,288935.08,4221367.47,4004549.39,CASH_IN,11,0,0
690,18796.4,822777.66,803981.27,84262.81,103059.21,CASH_OUT,9,0,0
642,80313.76,0.0,0.0,905258.48,985572.24,CASH_OUT,2,0,0
596,14493.18,0.0,0.0,0.0,0.0,PAYMENT,0,0,0
705,399638.17,4870636.81,5270274.98,2447633.04,2047994.87,CASH_IN,28,0,0
664,230775.18,6862469.77,7093244.95,248298.72,17523.54,CASH_IN,3,0,0
617,334333.63,0.0,0.0,5717944.69,6052278.32,CASH_OUT,29,0,0
709,32133.75,107010.0,74876.25,0.0,0.0,PAYMENT,0,0,0
690,8854.79,52679.0,43824.21,0.0,0.0,PAYMENT,0,0,0
610,107434.82,10664.0,0.0,129636.56,237071.38,CASH_OUT,2,0,0
670,3130.0,123229.69,120099.69,0.0,0.0,PAYMENT,0,0,0
694,6042.18,30868.0,24825.82,0.0,0.0,PAYMENT,0,0,0
595,527.17,10291.0,9763.83,0.0,0.0,PAYMENT,0,0,0
681,17553.11,0.0,0.0,0.0,0.0,PAYMENT,0,0,0
688,15177.92,12723.0,0.0,0.0,0.0,PAYMENT,0,0,0
637,223886.02,10924.0,0.0,0.0,223886.02,CASH_OUT,0,0,0
688,382042.1,1254349.18,1636391.28,3850181.66,3468139.56,CASH_IN,18,0,0
596,124542.2,3620339.29,3744881.49,812788.78,688246.58,CASH_IN,6,0,0
695,1081237.05,0.0,0.0,1597695.75,2678932.8,TRANSFER,6,0,0
694,14380.14,434521.57,420141.42,0.0,0.0,PAYMENT,0,0,0
681,1311.12,1141.0,0.0,0.0,0.0,PAYMENT,0,0,0
709,400309.56,776.0,0.0,1150452.21,1550761.77,TRANSFER,7,0,0
595,10702.25,172809.33,162107.07,0.0,0.0,PAYMENT,0,0,0
687,223666.28,0.0,0.0,7259890.99,7483557.27,CASH_OUT,37,0,0
637,11968.1,29512.67,17544.57,0.0,0.0,PAYMENT,0,0,0
614,16583.9,14603.44,0.0,0.0,0.0,PAYMENT,0,0,0
683,14668.95,16960.0,2291.05,0.0,0.0,PAYMENT,0,0,0
637,167101.94,41598.0,0.0,141914.17,309016.11,CASH_OUT,2,0,0
614,53397.72,0.0,0.0,511079.34,564477.06,CASH_OUT,8,0,0
694,215187.81,34839.0,250026.81,0.0,0.0,CASH_IN,0,0,0
599,145453.98,886461.08,1031915.05,1409031.89,1263577.91,CASH_IN,5,0,0
700,635409.32,635409.32,0.0,1500157.41,2135566.73,CASH_OUT,6,0,1
690,296876.41,7041.0,0.0,0.0,296876.41,CASH_OUT,1,0,0
687,322.73,0.0,0.0,0.0,0.0,PAYMENT,0,0,0
681,138771.07,50918.0,189689.07,144385.18,5614.11,CASH_IN,2,0,0
715,6518.17,9037.0,2518.83,0.0,0.0,PAYMENT,0,0,0
670,318098.24,430962.45,749060.69,406538.6,88440.36,CASH_IN,2,0,0
644,351595.47,9773.0,0.0,502364.62,853960.09,CASH_OUT,1,0,0
681,137233.56,117440.0,254673.56,27018.75,0.0,CASH_IN,0,0,0
688,25940.99,51206.0,25265.01,0.0,0.0,PAYMENT,0,0,0
664,11687.09,1248040.78,1259727.87,167864.33,156177.24,CASH_IN,2,0,0
688,220.77,0.0,0.0,2128531.27,2128752.04,DEBIT,19,0,0
694,43851.29,2246063.61,2289914.9,93656.35,49805.06,CASH_IN,1,0,0
659,411038.07,716.0,0.0,24202.27,435240.35,CASH_OUT,1,0,0
718,7033.28,45602.0,38568.72,0.0,0.0,PAYMENT,0,0,0
663,803441.31,803441.31,0.0,1006726.81,1810168.11,CASH_OUT,4,0,1
644,928.14,852183.0,851254.86,0.0,0.0,PAYMENT,0,0,0
687,275274.6,8638432.4,8913707.0,2518317.42,2243042.81,CASH_IN,9,0,0
667,428452.9,0.0,0.0,642694.79,1071147.7,TRANSFER,18,0,0
656,397.85,0.0,0.0,0.0,0.0,PAYMENT,0,0,0
681,415671.45,550.0,0.0,237684.37,653355.81,CASH_OUT,1,0,0
598,8011.62,32577.0,24565.38,0.0,0.0,PAYMENT,0,0,0
596,3236.37,125431.33,122194.96,0.0,0.0,PAYMENT,0,0,0
695,121731.51,0.0,0.0,199163.05,320894.56,CASH_OUT,5,0,0
642,4977.76,106532.0,101554.24,0.0,0.0,PAYMENT,0,0,0
595,103024.4,13805.0,0.0,28518.23,131542.63,CASH_OUT,3,0,0
595,213094.15,567.0,0.0,0.0,213094.15,CASH_OUT,1,0,0
659,14764.58,22973.0,8208.42,0.0,0.0,PAYMENT,0,0,0
691,58553.78,203670.0,262223.78,2378843.4,2320289.62,CASH_IN,14,0,0
690,7962.99,4529658.54,4537621.52,1564637.34,1556674.35,CASH_IN,7,0,0
715,204205.6,397.0,204602.6,451687.38,247481.78,CASH_IN,0,0,0
688,2352.59,0.0,0.0,0.0,0.0,PAYMENT,0,0,0
694,124297.19,27181.0,0.0,3645523.86,3769821.05,CASH_OUT,3,0,0
686,182897.99,22030.0,0.0,1582387.52,1765285.51,CASH_OUT,4,0,0
597,1847.8,15051.0,13203.2,0.0,0.0,PAYMENT,0,0,0
596,459105.64,0.0,0.0,968121.21,1427226.85,TRANSFER,6,0,0
617,30440.54,20446.0,0.0,0.0,0.0,PAYMENT,0,0,0
692,38435.42,675.0,0.0,91637.42,130072.84,CASH_OUT,2,0,0
596,146757.53,4976368.86,5123126.39,1421155.88,1274398.35,CASH_IN,10,0,0
595,138167.61,118405.0,0.0,9184.13,147351.74,CASH_OUT,4,0,0
683,228814.3,93040.0,321854.3,0.0,0.0,CASH_IN,0,0,0
694,5055.92,695.0,0.0,40602.54,45658.45,CASH_OUT,2,0,0
690,141453.63,0.0,0.0,5084025.92,5225479.55,CASH_OUT,10,0,0
667,4807.03,5150535.92,5155342.95,1412838.35,1878340.67,CASH_IN,8,0,0
687,3609.07,211760.0,208150.93,0.0,0.0,PAYMENT,0,0,0
688,103358.33,5349385.8,5452744.13,387669.36,284311.03,CASH_IN,1,0,0
667,140382.52,28772.0,0.0,0.0,140382.52,CASH_OUT,0,0,0
664,20694.22,41738.75,21044.53,0.0,0.0,PAYMENT,0,0,0
687,414720.53,0.0,0.0,971361.96,1386082.49,CASH_OUT,5,0,0
692,4673.44,102304.48,97631.04,0.0,0.0,PAYMENT,0,0,0
619,14477.55,0.0,0.0,0.0,0.0,PAYMENT,0,0,0
661,376735.41,6310576.14,6687311.56,1187627.78,810892.37,CASH_IN,11,0,0
661,2578.6,821010.0,818431.4,0.0,0.0,PAYMENT,0,0,0
691,80816.71,1476.0,0.0,94794.04,175610.75,TRANSFER,3,0,0
619,159375.58,0.0,0.0,920239.77,1079615.36,CASH_OUT,8,0,0
659,155380.44,253663.0,98282.56,453093.47,608473.91,CASH_OUT,4,0,0
692,126488.13,391.0,0.0,1243416.92,1369905.05,TRANSFER,16,0,0
683,34529.61,1335377.64,1369907.26,97754.96,63225.35,CASH_IN,1,0,0
692,296198.72,0.0,0.0,423955.18,720153.89,CASH_OUT,2,0,0
597,1017807.62,0.0,0.0,2313907.87,3331715.49,TRANSFER,14,0,0
684,119417.65,8555856.9,8675274.55,557466.51,438048.86,CASH_IN,0,0,0
691,6767.61,20038.0,13270.39,35068705.3,35075472.91,CASH_OUT,15,0,0
690,105234.63,111330.0,216564.63,29876.65,0.0,CASH_IN,0,0,0
597,254918.91,0.0,0.0,1667476.24,1922395.16,CASH_OUT,17,0,0
601,3609.45,52091.0,48481.55,0.0,0.0,PAYMENT,0,0,0
596,3010.62,28939.0,25928.38,0.0,0.0,PAYMENT,0,0,0
688,344950.23,0.0,0.0,2206690.73,2551640.96,CASH_OUT,4,0,0
596,1083.23,123281.94,122198.71,0.0,0.0,PAYMENT,0,0,0
661,485055.15,39089.0,0.0,91426.65,576481.8,CASH_OUT,1,0,0
659,287859.16,22846.0,310705.16,12576563.02,12288703.86,CASH_IN,3,0,0
661,10029.45,0.0,0.0,88715.62,98745.07,CASH_OUT,3,0,0
637,77889.21,0.0,0.0,189350.15,267239.36,TRANSFER,4,0,0
612,118386.18,495444.0,377057.82,7831274.24,7949660.42,CASH_OUT,27,0,0
681,1158215.57,186158.0,0.0,0.0,1158215.57,TRANSFER,0,0,0
683,415217.49,0.0,0.0,1298279.93,1713497.42,CASH_OUT,15,0,0
687,566086.39,23775.0,0.0,5763.87,571850.25,CASH_OUT,1,0,0
644,218405.26,25975.0,0.0,254015.49,472420.75,CASH_OUT,4,0,0
690,48556.58,0.0,0.0,554477.99,603034.57,CASH_OUT,2,0,0
686,132735.95,1189055.39,1321791.34,244696.95,111961.0,CASH_IN,11,0,0
667,10129.49,42092.0,31962.51,0.0,0.0,PAYMENT,0,0,0
684,284002.8,725341.57,1009344.37,363788.24,79785.45,CASH_IN,2,0,0
659,64222.72,183.0,0.0,182607.68,246830.4,CASH_OUT,1,0,0
691,11948.56,18491.0,6542.44,0.0,0.0,PAYMENT,0,0,0
637,9640.52,256.0,9896.52,153624.11,143983.58,CASH_IN,8,0,0
596,56480.63,919.0,0.0,0.0,56480.63,CASH_OUT,1,0,0
681,99204.46,185.0,0.0,1708135.84,1807340.31,CASH_OUT,1,0,0
684,12190.25,5925.0,0.0,0.0,0.0,PAYMENT,0,0,0
595,10081.56,9569.0,0.0,2956153.66,2966235.21,CASH_OUT,15,0,0
596,12084.61,424.0,0.0,0.0,0.0,PAYMENT,0,0,0
686,12691.44,0.0,0.0,0.0,0.0,PAYMENT,0,0,0
695,40906.51,3582857.18,3623763.69,2733360.0,2692453.49,CASH_IN,4,0,0
596,100485.95,7247535.98,7348021.94,1284111.44,1183625.49,CASH_IN,11,0,0
691,140736.52,538.0,141274.52,378382.5,237645.99,CASH_IN,3,0,0
687,311726.83,613.0,0.0,242525.88,554252.71,CASH_OUT,0,0,0
692,13673.49,2636390.85,2650064.33,17280196.89,17266523.4,CASH_IN,65,0,0
599,60166.1,3402131.7,3462297.8,788939.25,728773.15,CASH_IN,1,0,0
709,22983.67,38326.0,15342.33,0.0,0.0,PAYMENT,0,0,0
612,10648.23,60197.0,49548.77,0.0,0.0,PAYMENT,0,0,0
637,36066.0,20124.0,0.0,0.0,0.0,PAYMENT,0,0,0
667,724.69,180.0,0.0,0.0,0.0,PAYMENT,0,0,0
686,12131.31,165844.55,153713.24,0.0,0.0,PAYMENT,0,0,0
597,4431.61,0.0,0.0,0.0,0.0,PAYMENT,0,0,0
687,57932.43,45343.0,0.0,181006.73,238939.16,CASH_OUT,0,0,0
596,2278.69,23864.0,21585.31,0.0,0.0,PAYMENT,0,0,0
710,1004.34,732.0,0.0,0.0,0.0,PAYMENT,0,0,0
597,4574.43,7509.0,2934.57,0.0,0.0,PAYMENT,0,0,0
710,468406.66,230.0,468636.66,25612.16,0.0,CASH_IN,0,0,0
644,26233.39,0.0,0.0,0.0,0.0,PAYMENT,0,0,0
595,758.6,15288.64,14530.04,0.0,0.0,PAYMENT,0,0,0
601,3805.52,1126.0,0.0,0.0,0.0,PAYMENT,0,0,0
637,89222.04,0.0,0.0,0.0,0.0,PAYMENT,0,0,0
690,1089.31,0.0,0.0,0.0,0.0,PAYMENT,0,0,0
692,209004.87,0.0,0.0,4603954.09,4812958.96,CASH_OUT,26,0,0
644,144052.66,366.0,144418.66,119305.89,0.0,CASH_IN,3,0,0
692,60784.87,24934.0,0.0,0.0,60784.87,CASH_OUT,0,0,0
681,99657.31,173113.0,272770.31,0.0,0.0,CASH_IN,0,0,0
596,8896.83,67389.86,58493.03,0.0,0.0,PAYMENT,0,0,0
681,419634.25,0.0,0.0,2049056.34,2468690.59,CASH_OUT,8,0,0
686,48517.4,832749.0,881266.4,0.0,0.0,CASH_IN,0,0,0
640,6942.52,9939.0,2996.48,0.0,0.0,PAYMENT,0,0,0
596,26001.93,0.0,0.0,0.0,0.0,PAYMENT,0,0,0
683,265.14,20504.0,20238.86,0.0,0.0,PAYMENT,0,0,0
688,9559.7,15665.97,6106.26,0.0,0.0,PAYMENT,0,0,0
688,147690.47,15318.0,0.0,0.0,147690.47,CASH_OUT,0,0,0
617,31877.52,104263.0,72385.48,0.0,0.0,PAYMENT,0,0,0
681,18008.56,12360.0,0.0,0.0,0.0,PAYMENT,0,0,0
599,193668.6,504111.04,697779.64,215125.97,21457.37,CASH_IN,1,0,0
664,338527.25,95107.75,0.0,599871.01,938398.25,CASH_OUT,7,0,0
691,532.52,0.0,0.0,466834.09,467366.61,CASH_OUT,2,0,0
614,36784.3,0.0,0.0,0.0,0.0,PAYMENT,0,0,0
718,3367.32,383.0,0.0,0.0,0.0,PAYMENT,0,0,0
596,3703.69,3.0,0.0,0.0,3703.69,CASH_OUT,1,0,0
669,20670.22,3051045.75,3071715.97,635869.0,615198.78,CASH_IN,7,0,0
596,224731.0,5567603.73,5792334.73,16022477.51,15797746.51,CASH_IN,21,0,0
684,106909.83,11084.0,117993.83,1542100.42,1435190.59,CASH_IN,8,0,0
656,97181.2,0.0,0.0,2654765.01,2751946.21,CASH_OUT,12,0,0
687,86793.51,100222.0,13428.49,1085891.04,1172684.54,CASH_OUT,6,0,0
661,586900.13,0.0,0.0,752129.78,1339029.91,TRANSFER,15,0,0
683,3030.48,0.0,0.0,0.0,0.0,PAYMENT,0,0,0
695,8131.84,29860.0,21728.16,0.0,0.0,PAYMENT,0,0,0
687,21493.86,0.0,0.0,0.0,0.0,PAYMENT,0,0,0
644,7998.02,11346.0,3347.98,0.0,0.0,PAYMENT,0,0,0
595,126764.36,0.0,0.0,1748210.18,1874974.53,CASH_OUT,7,0,0
644,17173.57,0.0,0.0,0.0,0.0,PAYMENT,0,0,0
687,8403.55,58166.0,49762.45,0.0,0.0,PAYMENT,0,0,0
599,14409.49,0.0,0.0,0.0,0.0,PAYMENT,0,0,0
619,56294.11,9148.0,65442.11,0.0,0.0,CASH_IN,14,0,0
688,209702.82,20672.0,0.0,997924.46,1207627.28,CASH_OUT,11,0,0
705,66554.68,1061.0,0.0,4339354.57,4405909.25,CASH_OUT,14,0,0
637,554384.66,0.0,0.0,1429723.18,1984107.84,TRANSFER,6,0,0
688,64998.86,652839.0,587840.14,90488.92,155487.78,CASH_OUT,7,0,0
692,4278.23,0.0,0.0,0.0,0.0,PAYMENT,0,0,0
691,419655.89,0.0,0.0,1795334.35,2214990.23,TRANSFER,7,0,0
690,25086.17,107574.0,82487.83,0.0,25086.17,CASH_OUT,2,0,0
672,163230.4,0.0,0.0,183921.05,347151.45,CASH_OUT,3,0,0
599,43017.31,38792.0,0.0,19304.09,62321.39,CASH_OUT,6,0,0
597,161996.14,4451068.88,4613065.02,1520971.88,1358975.74,CASH_IN,3,0,0
617,10346.89,51381.0,41034.11,321086.0,331432.88,CASH_OUT,4,0,0
619,275944.86,12187.0,0.0,0.0,275944.86,CASH_OUT,1,0,0
617,74098.99,6027516.23,6101615.22,773621.71,699522.72,CASH_IN,16,0,0
690,200741.66,0.0,0.0,307183.52,507925.18,CASH_OUT,6,0,0
692,10477.7,11581.0,1103.3,0.0,0.0,PAYMENT,0,0,0
596,42.05,189.0,146.95,0.0,0.0,PAYMENT,0,0,0
656,62754.57,15732.0,78486.57,1126798.41,1064043.84,CASH_IN,6,0,0
649,278413.98,0.0,0.0,2686078.75,2964492.74,TRANSFER,6,0,0
595,13986.45,0.0,0.0,1981424.17,1995410.62,CASH_OUT,7,0,0
614,456486.81,100164.0,556650.81,0.0,0.0,CASH_IN,28,0,0
610,450131.01,0.0,0.0,2168588.33,2618719.34,TRANSFER,21,0,0
637,203593.83,0.0,0.0,530283.96,733877.79,CASH_OUT,3,0,0
596,17730.37,0.0,0.0,0.0,0.0,PAYMENT,0,0,0
667,97564.17,1153.0,0.0,12950.14,110514.32,CASH_OUT,9,0,0
661,179991.36,5843329.64,6023321.0,195394.32,15402.96,CASH_IN,7,0,0
612,564578.79,0.0,0.0,915994.57,1480573.36,TRANSFER,8,0,0
688,65428.03,27307.0,0.0,0.0,65428.03,CASH_OUT,0,0,0
595,53296.28,79555.96,26259.67,1648752.75,1702049.04,CASH_OUT,9,0,0
690,377799.82,0.0,0.0,1279192.85,1656992.67,CASH_OUT,4,0,0
695,7525.07,0.0,0.0,0.0,0.0,PAYMENT,0,0,0
687,10198.58,145.0,0.0,8928342.59,8938541.17,DEBIT,12,0,0
644,25391.62,0.0,0.0,0.0,0.0,PAYMENT,0,0,0
688,155604.16,1636391.28,1791995.44,1107819.74,952215.58,CASH_IN,12,0,0
661,140475.39,1013255.52,1153730.91,3611545.52,3471070.14,CASH_IN,26,0,0
686,385.7,30291.0,29905.3,0.0,0.0,PAYMENT,0,0,0
687,32615.11,0.0,0.0,768487.17,801102.28,TRANSFER,5,0,0
681,37961.33,1108544.74,1146506.07,381733.6,343772.27,CASH_IN,3,0,0
709,3137.82,51229.0,48091.18,304615.67,307753.49,DEBIT,1,0,0
681,5408.99,2663.0,0.0,0.0,0.0,PAYMENT,0,0,0
656,97958.16,1586216.71,1684174.86,420378.02,322419.86,CASH_IN,2,0,0
595,6493.42,0.0,0.0,0.0,0.0,PAYMENT,0,0,0
637,34598.09,0.0,0.0,0.0,0.0,PAYMENT,0,0,0
692,514947.11,7730678.12,8245625.23,5600201.22,5085254.11,CASH_IN,6,0,0
637,126616.66,156083.0,29466.34,317878.14,444494.79,CASH_OUT,4,0,0
617,126632.67,2459.0,0.0,988639.44,1115272.11,CASH_OUT,4,0,0
686,288904.99,10819.0,299723.99,29357.59,0.0,CASH_IN,2,0,0
599,20782.81,748912.34,728129.53,0.0,0.0,PAYMENT,0,0,0
687,49372.87,36288.3,0.0,73890.94,123263.81,CASH_OUT,2,0,0
661,201598.83,0.0,0.0,230654.88,432253.71,CASH_OUT,3,0,0
595,249377.98,39889.0,0.0,54036.44,303414.42,CASH_OUT,5,0,0
597,2849.45,0.0,0.0,0.0,0.0,PAYMENT,0,0,0
695,1353.48,440855.0,439501.52,0.0,0.0,PAYMENT,0,0,0
692,1522.94,0.0,0.0,0.0,0.0,PAYMENT,0,0,0
642,205210.94,60226.06,0.0,338613.52,543824.45,CASH_OUT,2,0,0
687,1846.68,2856368.07,2858214.75,63670.94,61824.26,CASH_IN,3,0,0
687,632035.74,0.0,0.0,1985828.89,2617864.63,TRANSFER,13,0,0
686,51078.13,1384509.34,1435587.47,2831963.83,2780885.7,CASH_IN,15,0,0
709,30952.94,3485.0,0.0,28651.67,59604.61,CASH_OUT,2,0,0
661,2354.57,42187.0,39832.43,0.0,0.0,PAYMENT,0,0,0
688,595239.6,0.0,0.0,3275573.97,3870813.57,CASH_OUT,2,0,0
637,246280.14,246280.14,0.0,0.0,0.0,TRANSFER,0,0,1
715,194433.81,61863.0,0.0,431608.61,626042.42,CASH_OUT,5,0,0
661,24477.41,189349.76,164872.34,0.0,0.0,PAYMENT,0,0,0
692,12299.38,5315424.56,5327723.94,92500.29,80200.9,CASH_IN,7,0,0
596,109675.99,0.0,0.0,410915.59,520591.59,CASH_OUT,2,0,0
596,8636.17,21066.0,12429.83,0.0,0.0,PAYMENT,0,0,0
621,7192.76,178907.1,171714.34,0.0,0.0,PAYMENT,0,0,0
599,6286.37,10303.0,4016.63,0.0,0.0,PAYMENT,0,0,0
710,256124.41,50279.0,0.0,0.0,256124.41,CASH_OUT,0,0,0
671,10000000.0,10000000.0,0.0,16889.8,10016889.8,CASH_OUT,2,0,1
595,1945677.65,0.0,0.0,4973567.8,6919245.46,TRANSFER,9,0,0
617,231106.67,33761.0,0.0,66279.03,297385.7,CASH_OUT,2,0,0
692,5623.99,1783.0,0.0,0.0,0.0,PAYMENT,0,0,0
687,146799.61,15107.0,0.0,0.0,146799.61,CASH_OUT,1,0,0
691,8961.81,30131.0,21169.19,42797.26,51759.08,CASH_OUT,1,0,0
718,8927.78,462671.0,453743.22,0.0,0.0,PAYMENT,0,0,0
637,2384.43,300915.02,298530.58,0.0,0.0,PAYMENT,0,0,0
644,171269.64,3245999.5,3417269.15,18797405.07,18626135.43,CASH_IN,36,0,0
733,1548376.44,1548376.44,0.0,2317541.56,3865918.0,CASH_OUT,17,0,1
690,69681.67,61505.0,0.0,504312.68,573994.36,CASH_OUT,11,0,0
595,268568.8,2279303.1,2547871.9,732740.86,464172.06,CASH_IN,4,0,0
687,206611.21,10033366.46,10239977.67,312689.98,106078.77,CASH_IN,0,0,0
687,123815.12,0.0,0.0,254926.4,378741.52,TRANSFER,7,0,0
692,30187.93,99280.0,69092.07,0.0,0.0,PAYMENT,0,0,0
661,11809.75,285.0,0.0,0.0,0.0,PAYMENT,0,0,0
690,28331.09,65704.0,37372.91,558095.11,586426.2,CASH_OUT,5,0,0
688,10555.16,128582.5,118027.34,0.0,0.0,PAYMENT,0,0,0
665,866712.19,866712.19,0.0,0.0,0.0,TRANSFER,0,0,1
709,221802.59,713.0,0.0,0.0,221802.59,CASH_OUT,1,0,0
644,98066.54,7059.0,105125.54,0.0,0.0,CASH_IN,0,0,0
688,71194.61,1010170.24,1081364.85,1863428.2,1792233.59,CASH_IN,8,0,0
657,41428.9,41428.9,0.0,25069.03,66497.93,CASH_OUT,3,0,1
596,78458.72,9587439.95,9665898.67,698144.66,619685.94,CASH_IN,8,0,0
661,477023.26,0.0,0.0,2120031.51,2597054.77,CASH_OUT,14,0,0
599,7826.9,45700.0,37873.1,0.0,0.0,PAYMENT,0,0,0
596,110135.22,26356.0,0.0,2844220.87,2954356.09,CASH_OUT,30,0,0
709,28269.4,293.0,0.0,0.0,0.0,PAYMENT,0,0,0
656,268024.7,9514.0,0.0,165032.62,433057.32,CASH_OUT,1,0,0
656,201366.41,162.0,0.0,0.0,201366.41,TRANSFER,0,0,0
686,290554.61,3135058.8,3425613.41,829758.41,539203.8,CASH_IN,8,0,0
691,200339.7,6524614.99,6724954.68,3440496.28,3240156.59,CASH_IN,33,0,0
688,68876.05,305516.0,236639.95,186667.65,255543.7,CASH_OUT,1,0,0
597,12491.34,7036.0,0.0,0.0,0.0,PAYMENT,0,0,0
667,5641.12,3584266.54,3589907.66,91760.71,86119.59,CASH_IN,2,0,0
691,336744.85,0.0,0.0,1340103.18,1676848.03,TRANSFER,5,0,0
597,7552.36,5116.0,0.0,0.0,0.0,PAYMENT,0,0,0
715,67599.61,61466.0,0.0,8727859.39,8795459.0,CASH_OUT,3,0,0
681,1311.7,11167.0,9855.3,0.0,0.0,PAYMENT,0,0,0
656,1017.72,644.0,0.0,0.0,0.0,PAYMENT,0,0,0
670,310918.89,3170817.11,3481736.0,13786561.71,13475642.82,CASH_IN,32,0,0
598,35174.0,140172.75,175346.75,4215174.01,4180000.01,CASH_IN,33,0,0
596,214296.51,5058667.15,5272963.66,1334055.09,1119758.58,CASH_IN,7,0,0
695,177610.49,9637.74,0.0,726954.59,904565.08,CASH_OUT,4,0,0
617,8899.16,20081.0,11181.84,0.0,0.0,PAYMENT,0,0,0
661,10103.08,14933.98,4830.91,0.0,0.0,PAYMENT,0,0,0
596,211220.85,259744.0,48523.15,409056.41,620277.27,CASH_OUT,1,0,0
612,33753.08,10641.0,0.0,0.0,0.0,PAYMENT,0,0,0
720,561027.94,561027.94,0.0,0.0,561027.94,CASH_OUT,0,0,1
690,363509.95,583.0,0.0,42857.78,406367.74,CASH_OUT,4,0,0
637,21178.05,46938.0,25759.95,0.0,0.0,PAYMENT,0,0,0
712,6514.47,6514.47,0.0,893602.62,900117.09,CASH_OUT,5,0,1
619,9571.39,11640.0,2068.61,0.0,0.0,PAYMENT,0,0,0
597,16101.63,1757524.22,1773625.85,42039.02,25937.39,CASH_IN,12,0,0
687,298403.5,105075.0,0.0,277754.66,576158.16,CASH_OUT,3,0,0
661,189404.96,10033.0,199437.96,34024.02,0.0,CASH_IN,1,0,0
621,1648.53,0.0,0.0,0.0,0.0,PAYMENT,0,0,0
691,18017.92,41720.0,23702.08,601773.72,619791.65,CASH_OUT,7,0,0
690,178726.89,0.0,0.0,1408718.84,1587445.72,CASH_OUT,8,0,0
692,240775.89,3767622.59,4008398.48,303438.02,62662.13,CASH_IN,3,0,0
640,2728.62,0.0,0.0,0.0,0.0,PAYMENT,0,0,0
612,12360.69,2088.0,14448.69,200148.14,187787.45,CASH_IN,0,0,0
705,883.07,0.0,0.0,0.0,0.0,PAYMENT,0,0,0
664,11573.15,21753.0,10179.85,0.0,0.0,PAYMENT,0,0,0
688,7799.45,0.0,0.0,0.0,0.0,PAYMENT,0,0,0
688,299226.48,51017.0,350243.48,312808.75,13582.28,CASH_IN,4,0,0
614,8217.58,115354.0,107136.42,0.0,0.0,PAYMENT,0,0,0
684,17361.27,0.0,0.0,0.0,0.0,PAYMENT,0,0,0
690,6915.89,52687.0,45771.11,0.0,6915.89,CASH_OUT,0,0,0
664,18926.04,16038.0,0.0,0.0,0.0,PAYMENT,0,0,0
686,113529.02,10822.0,0.0,0.0,113529.02,CASH_OUT,0,0,0
612,10732.97,52145.0,41412.03,0.0,0.0,PAYMENT,0,0,0
692,67898.6,63895.0,0.0,1152981.07,1220879.67,CASH_OUT,19,0,0
596,230434.19,122960.58,0.0,4713256.97,4943691.16,CASH_OUT,30,0,0
597,6724.56,0.0,0.0,0.0,0.0,PAYMENT,0,0,0
661,38745.7,20584.0,59329.7,916881.65,878135.95,CASH_IN,4,0,0
664,120184.01,142.0,0.0,1872814.78,1992998.8,CASH_OUT,10,0,0
683,27210.35,576500.13,603710.48,89511.4,62301.05,CASH_IN,7,0,0
710,57371.2,8645.0,66016.2,54304.66,0.0,CASH_IN,4,0,0
640,18918.14,0.0,0.0,0.0,0.0,PAYMENT,0,0,0
596,13116.14,56178.0,43061.86,0.0,0.0,PAYMENT,0,0,0
688,6626.36,0.0,0.0,235181.72,241808.08,CASH_OUT,11,0,0
617,7221.78,0.0,0.0,0.0,0.0,PAYMENT,0,0,0
684,17524.58,0.0,0.0,724745.71,742270.29,CASH_OUT,4,0,0
597,8474.37,1341.0,0.0,0.0,0.0,PAYMENT,0,0,0
710,27171.67,2615.0,0.0,0.0,0.0,PAYMENT,0,0,0
695,127611.98,3269969.65,3397581.62,6616305.3,6488693.32,CASH_IN,9,0,0
688,7907.47,0.0,0.0,0.0,0.0,PAYMENT,0,0,0
610,178068.73,20012.0,0.0,0.0,178068.73,CASH_OUT,0,0,0
692,92452.24,0.0,0.0,319863.87,412316.11,CASH_OUT,3,0,0
612,318809.71,4604118.63,4922928.34,666945.56,348135.85,CASH_IN,3,0,0
694,7884.86,405.0,0.0,0.0,0.0,PAYMENT,0,0,0
659,211556.67,26677.0,238233.67,0.0,0.0,CASH_IN,5,0,0
687,41498.27,0.0,0.0,551538.45,593036.72,CASH_OUT,11,0,0
705,324073.5,0.0,0.0,794971.81,1119045.31,CASH_OUT,8,0,0
637,288494.18,55679.0,0.0,0.0,288494.18,CASH_OUT,0,0,0
659,131881.51,0.0,0.0,644010.33,775891.84,CASH_OUT,2,0,0
597,5578.79,39041.24,33462.45,0.0,0.0,PAYMENT,0,0,0
599,12078.61,889226.55,877147.95,0.0,0.0,PAYMENT,0,0,0
686,314431.65,239102.0,553533.65,1268261.06,953829.41,CASH_IN,12,0,0
670,250201.01,743104.0,492902.99,810009.86,1060210.86,TRANSFER,5,0,0
595,159821.78,2273679.36,2433501.14,407083.09,247261.31,CASH_IN,1,0,0
681,121344.98,87018.0,0.0,2281403.61,2402748.59,CASH_OUT,11,0,0
695,47986.03,8660961.56,8708947.58,473449.53,425463.51,CASH_IN,5,0,0
681,295984.65,7371.0,0.0,139755.18,435739.83,CASH_OUT,9,0,0
630,32799.45,410338.0,443137.45,2055353.81,2022554.36,CASH_IN,5,0,0
644,513610.51,513610.51,0.0,954248.26,1467858.76,CASH_OUT,14,0,1
709,33201.51,20614.0,0.0,0.0,0.0,PAYMENT,0,0,0
667,44910.04,27202.0,0.0,1041677.52,1086587.56,CASH_OUT,5,0,0
621,18567.95,0.0,0.0,0.0,0.0,PAYMENT,0,0,0
619,90586.54,85060.0,0.0,9408032.01,9498618.54,CASH_OUT,12,0,0
599,3558.43,472463.0,468904.57,0.0,0.0,PAYMENT,0,0,0
596,6794.32,12783.74,5989.41,0.0,0.0,PAYMENT,0,0,0
691,3064.14,0.0,0.0,0.0,0.0,PAYMENT,0,0,0
714,201183.22,51413.0,0.0,742008.18,943191.4,CASH_OUT,3,0,0
686,327399.27,83182.0,0.0,106250.54,433649.81,CASH_OUT,1,0,0
691,274991.22,30890.0,305881.22,0.0,0.0,CASH_IN,0,0,0
595,209405.55,41988.0,0.0,0.0,209405.55,CASH_OUT,0,0,0
599,94781.91,3112.0,0.0,256817.37,351599.28,CASH_OUT,1,0,0
595,118852.62,0.0,0.0,437131.53,555984.16,CASH_OUT,0,0,0
659,205587.98,22223.0,227810.98,300113.78,94525.8,CASH_IN,1,0,0
640,22098.3,0.0,0.0,0.0,0.0,PAYMENT,0,0,0
630,270579.68,3990293.65,4260873.32,1050392.74,779813.06,CASH_IN,2,0,0
694,5722.2,85062.0,79339.8,0.0,0.0,PAYMENT,0,0,0
656,16970.52,11755.23,0.0,0.0,0.0,PAYMENT,0,0,0
690,13095.96,0.0,0.0,0.0,0.0,PAYMENT,0,0,0
669,96690.57,8593531.76,8690222.33,1960383.15,1863692.58,CASH_IN,3,0,0
681,50677.86,11541.0,62218.86,0.0,0.0,CASH_IN,0,0,0
687,2458.75,82767.0,80308.25,0.0,0.0,PAYMENT,0,0,0
681,284930.72,31662.0,0.0,5721738.34,6006669.05,CASH_OUT,19,0,0
692,73926.97,100558.0,26631.03,1699746.88,1773673.85,CASH_OUT,11,0,0
681,9900.05,10348.0,447.95,0.0,0.0,PAYMENT,0,0,0
687,3180.88,0.0,0.0,0.0,0.0,PAYMENT,0,0,0
670,852.55,6487.0,5634.45,0.0,0.0,PAYMENT,0,0,0
637,5933.97,0.0,0.0,0.0,0.0,PAYMENT,0,0,0
716,6426126.34,6426126.34,0.0,0.0,6426126.34,CASH_OUT,0,0,1
681,17351.19,77373.0,60021.81,0.0,0.0,PAYMENT,0,0,0
687,208392.49,0.0,0.0,1035619.81,1244012.3,CASH_OUT,4,0,0
684,20547.73,5549.0,0.0,0.0,20547.73,CASH_OUT,0,0,0
630,8706.13,261.0,0.0,0.0,0.0,PAYMENT,0,0,0
692,28682.26,1346.0,30028.26,97817.12,69134.87,CASH_IN,3,0,0
612,336232.98,0.0,0.0,2501669.48,2837902.47,CASH_OUT,27,0,0
617,64474.7,101782.0,37307.3,0.0,0.0,PAYMENT,0,0,0
691,908.81,712799.1,711890.28,0.0,0.0,PAYMENT,0,0,0
656,134288.66,0.0,0.0,3223327.75,3357616.4,CASH_OUT,15,0,0
670,132876.78,102.0,132978.78,253670.14,120793.36,CASH_IN,2,0,0
705,95485.87,23855.0,0.0,0.0,95485.87,CASH_OUT,1,0,0
617,6713.39,0.0,0.0,0.0,0.0,PAYMENT,0,0,0
596,145505.3,23748.26,0.0,473192.38,618697.68,CASH_OUT,5,0,0
686,6751.45,378140.0,371388.55,0.0,0.0,PAYMENT,0,0,0
601,3103.55,0.0,0.0,0.0,0.0,PAYMENT,0,0,0
621,3541.27,22477.0,18935.73,0.0,0.0,PAYMENT,0,0,0
602,232185.56,232185.56,0.0,0.0,0.0,TRANSFER,0,0,1
679,6384.31,49970.0,43585.69,0.0,0.0,PAYMENT,0,0,0
595,17157.34,51010.0,33852.66,0.0,17157.34,CASH_OUT,0,0,0
684,27830.94,223142.49,195311.55,0.0,0.0,PAYMENT,0,0,0
686,13084.62,0.0,0.0,0.0,0.0,PAYMENT,0,0,0
599,98812.68,140173.0,41360.32,0.0,98812.68,CASH_OUT,4,0,0
681,190236.35,73333.0,0.0,0.0,190236.35,CASH_OUT,9,0,0
596,22122.84,612647.66,634770.5,138758.9,116636.06,CASH_IN,6,0,0
690,7408.04,0.0,0.0,0.0,0.0,PAYMENT,0,0,0
684,1213.43,30856.0,29642.57,0.0,0.0,PAYMENT,0,0,0
640,999.19,15681.0,14681.81,0.0,0.0,PAYMENT,0,0,0
688,101640.92,23194.0,0.0,906514.69,1008155.61,CASH_OUT,20,0,0
599,82336.53,2738652.02,2820988.55,3628853.76,3546517.23,CASH_IN,28,0,0
684,152879.58,4563567.25,4716446.83,217433.33,64553.75,CASH_IN,1,0,0
692,11941.88,55008.81,43066.93,0.0,0.0,PAYMENT,0,0,0
683,24502.63,104469.58,79966.95,0.0,0.0,PAYMENT,0,0,0
692,229922.51,0.0,0.0,7512289.37,7742211.88,TRANSFER,19,0,0
619,52767.2,21792.0,0.0,0.0,52767.2,CASH_OUT,2,0,0
692,4588.21,148098.55,143510.34,0.0,0.0,PAYMENT,0,0,0
687,19468.65,11517.0,0.0,0.0,0.0,PAYMENT,0,0,0
715,156299.07,32847.0,189146.07,485349.72,329050.65,CASH_IN,10,0,0
637,115693.73,644941.21,760634.94,428340.07,312646.34,CASH_IN,12,0,0
690,6397.75,21842.0,15444.25,0.0,0.0,PAYMENT,0,0,0
644,19996.85,0.0,0.0,0.0,0.0,PAYMENT,0,0,0
687,145646.74,105510.0,0.0,673446.78,819093.53,CASH_OUT,3,0,0
673,19644.01,57654.81,38010.8,0.0,0.0,PAYMENT,0,0,0
687,171300.25,21630.25,192930.49,422038.25,250738.01,CASH_IN,4,0,0
596,36772.86,10766.0,0.0,0.0,36772.86,CASH_OUT,0,0,0
687,128055.39,1137733.84,1265789.23,2372558.03,2244502.64,CASH_IN,10,0,0
687,191394.18,95190.0,0.0,0.0,191394.18,CASH_OUT,0,0,0
597,10756.86,0.0,0.0,0.0,0.0,PAYMENT,0,0,0
644,57991.84,0.0,0.0,1617681.28,1675673.12,CASH_OUT,11,0,0
617,4171.09,20587.0,16415.91,0.0,0.0,PAYMENT,0,0,0
684,88369.48,4252530.83,4340900.31,364578.78,276209.31,CASH_IN,5,0,0
681,156747.44,0.0,0.0,161809.66,318557.1,CASH_OUT,6,0,0
656,135854.72,51555.0,187409.72,8518411.8,8382557.08,CASH_IN,25,0,0
596,349245.87,0.0,0.0,959904.28,1309150.15,CASH_OUT,11,0,0
692,10708.78,0.0,0.0,0.0,0.0,PAYMENT,0,0,0
614,76479.34,2966714.36,3043193.7,385257.3,308777.96,CASH_IN,7,0,0
661,535452.06,0.0,0.0,1926494.68,2461946.74,TRANSFER,7,0,0
687,500.32,4842.0,4341.68,0.0,0.0,PAYMENT,0,0,0
687,3582.35,407634.36,404052.01,0.0,0.0,PAYMENT,0,0,0
637,284593.18,107421.0,0.0,0.0,284593.18,CASH_OUT,0,0,0
688,118788.9,0.0,0.0,5727811.51,5846600.41,CASH_OUT,36,0,0
692,13208.54,25085.0,11876.46,0.0,0.0,PAYMENT,0,0,0
686,361848.35,115548.0,477396.35,109929.35,0.0,CASH_IN,2,0,0
710,239.8,5500.0,5260.2,0.0,0.0,PAYMENT,0,0,0
687,371548.21,0.0,0.0,542029.42,913577.63,CASH_OUT,3,0,0
717,6227.82,1793.0,0.0,0.0,0.0,PAYMENT,0,0,0
644,762372.37,0.0,0.0,1332686.01,2095058.38,TRANSFER,13,0,0
614,144755.98,51879.0,0.0,0.0,144755.98,CASH_OUT,1,0,0
690,4030.69,778.0,0.0,1722797.62,1726828.31,CASH_OUT,8,0,0
610,201468.05,85255.0,0.0,2305470.38,2506938.42,CASH_OUT,11,0,0
692,19245.0,0.0,0.0,0.0,0.0,PAYMENT,0,0,0
692,187949.99,517.0,0.0,2114506.64,2302456.63,CASH_OUT,18,0,0
642,3463.21,51434.0,47970.79,0.0,0.0,PAYMENT,0,0,0
686,24711.0,1413702.16,1438413.17,325989.7,301278.7,CASH_IN,18,0,0
695,797.53,907.0,109.47,0.0,0.0,PAYMENT,0,0,0
692,7247.54,6192.0,0.0,0.0,0.0,PAYMENT,0,0,0
640,15915.25,0.0,0.0,0.0,0.0,PAYMENT,0,0,0
599,5538.77,119.0,0.0,0.0,0.0,PAYMENT,0,0,0
692,201660.32,30526.0,0.0,258924.49,460584.81,TRANSFER,2,0,0
710,189617.33,10909.0,0.0,1859622.03,2049239.35,CASH_OUT,9,0,0
692,308623.76,795482.75,1104106.51,3213651.33,2905027.57,CASH_IN,34,0,0
596,3704.17,0.0,0.0,0.0,0.0,PAYMENT,0,0,0
596,7116.95,37116.0,29999.05,0.0,0.0,PAYMENT,0,0,0
661,18294.85,0.0,0.0,0.0,0.0,PAYMENT,0,0,0
686,601897.24,0.0,0.0,5055830.83,5657728.07,TRANSFER,1,0,0
596,20619.94,0.0,0.0,0.0,0.0,PAYMENT,0,0,0
598,17175.39,0.0,0.0,0.0,0.0,PAYMENT,0,0,0
691,143674.23,0.0,0.0,447762.84,591437.08,CASH_OUT,5,0,0
661,149016.56,7471300.56,7620317.12,1984759.57,1835743.01,CASH_IN,22,0,0
687,15223.3,16434.75,1211.44,0.0,0.0,PAYMENT,0,0,0
612,188385.38,0.0,0.0,2286360.35,2474745.72,CASH_OUT,16,0,0
687,327191.01,87065.0,414256.01,0.0,0.0,CASH_IN,1,0,0
596,16212.45,40.0,0.0,0.0,0.0,PAYMENT,0,0,0
687,134444.06,10184.0,144628.06,534057.65,399613.59,CASH_IN,0,0,0
690,180689.83,327879.0,147189.17,59825.36,240515.19,CASH_OUT,0,0,0
595,7280.35,0.0,0.0,0.0,0.0,PAYMENT,0,0,0
642,279316.58,0.0,0.0,1145396.49,1424713.07,TRANSFER,12,0,0
734,1810044.85,1810044.85,0.0,0.0,0.0,TRANSFER,0,0,1
688,20803.1,0.0,0.0,0.0,0.0,PAYMENT,0,0,0
596,214491.96,2044224.78,2258716.74,1825720.07,1611228.11,CASH_IN,8,0,0
694,2280.86,30205.0,27924.14,0.0,0.0,PAYMENT,0,0,0
692,704642.4,0.0,0.0,1099542.09,1804184.49,TRANSFER,8,0,0
684,129412.38,113815.0,243227.38,602016.16,472603.77,CASH_IN,8,0,0
644,19396.68,0.0,0.0,0.0,0.0,PAYMENT,0,0,0
705,199492.74,3897141.13,4096633.87,204125.78,4633.04,CASH_IN,1,0,0
716,93639.88,472.0,0.0,0.0,93639.88,CASH_OUT,0,0,0
683,4878156.25,0.0,0.0,6695547.32,11573703.57,TRANSFER,31,0,0
687,303583.17,3794936.63,4098519.8,505328.5,201745.33,CASH_IN,2,0,0
690,19276.51,2823889.44,2843165.95,234323.01,215046.5,CASH_IN,10,0,0
686,52888.21,3121877.92,3174766.13,4428968.49,4376080.27,CASH_IN,16,0,0
684,22705.05,402380.12,425085.17,396134.4,373429.35,CASH_IN,1,0,0
690,1614.6,352805.04,351190.44,0.0,0.0,PAYMENT,0,0,0
647,964876.58,964876.58,0.0,203741.11,1168617.69,CASH_OUT,5,0,1
670,28600.44,121921.0,93320.56,0.0,28600.44,CASH_OUT,1,0,0
661,429170.99,53650.0,0.0,0.0,429170.99,CASH_OUT,0,0,0
695,201920.96,2890635.03,3092555.99,6440684.86,6238763.9,CASH_IN,21,0,0
667,13374.76,26142.86,12768.1,0.0,0.0,PAYMENT,0,0,0
596,347126.31,1941008.02,2288134.33,488442.42,141316.11,CASH_IN,2,0,0
644,11476.6,0.0,0.0,0.0,0.0,PAYMENT,0,0,0
694,6542.31,228.0,0.0,0.0,0.0,PAYMENT,0,0,0
659,97875.96,6231585.03,6329460.99,486049.91,388173.95,CASH_IN,2,0,0
717,62054.97,20800.0,82854.97,0.0,0.0,CASH_IN,0,0,0
681,328117.33,0.0,0.0,4419783.8,4747901.13,CASH_OUT,14,0,0
688,12593.97,0.0,0.0,0.0,0.0,PAYMENT,0,0,0
656,16673.61,0.0,0.0,217171.69,233845.3,TRANSFER,4,0,0
640,45333.76,61938.0,16604.24,438812.42,484146.18,CASH_OUT,5,0,0
694,170829.48,24473.0,0.0,1833621.52,2004451.0,TRANSFER,31,0,0
595,216623.05,31469.93,0.0,325040.28,541663.33,CASH_OUT,2,0,0
596,3715.04,0.0,0.0,0.0,0.0,PAYMENT,0,0,0
688,164022.23,0.0,0.0,1374604.87,1538627.1,TRANSFER,7,0,0
715,19651.19,10735.0,0.0,0.0,0.0,PAYMENT,0,0,0
692,193161.58,8520.0,0.0,0.0,193161.58,CASH_OUT,1,0,0
617,14369.23,0.0,0.0,0.0,0.0,PAYMENT,0,0,0
656,339967.36,0.0,0.0,6135406.51,6475373.88,TRANSFER,37,0,0
687,6561.86,11639.0,5077.14,0.0,0.0,PAYMENT,0,0,0
688,141906.64,0.0,0.0,338753.56,480660.2,CASH_OUT,3,0,0
661,8599.01,7058.0,0.0,0.0,0.0,PAYMENT,0,0,0
715,152509.08,24765.0,0.0,281426.84,433935.92,CASH_OUT,18,0,0
610,266176.74,8365210.66,8631387.4,5276721.37,5010544.64,CASH_IN,20,0,0
595,3831.11,204867.0,201035.89,377948.63,381779.74,DEBIT,8,0,0
695,286835.21,286835.21,0.0,0.0,0.0,TRANSFER,0,0,1
642,36166.14,102776.0,138942.14,161318.05,125151.91,CASH_IN,2,0,0
692,38545.75,756421.57,794967.32,1397955.86,1359410.11,CASH_IN,5,0,0
619,9440.1,0.0,0.0,0.0,0.0,PAYMENT,0,0,0
684,48049.01,0.0,0.0,0.0,0.0,PAYMENT,0,0,0
687,84327.52,0.0,0.0,1742550.75,1826878.27,CASH_OUT,8,0,0
679,91700.07,292386.0,200685.93,121759.53,213459.59,CASH_OUT,6,0,0
637,331298.39,108953.32,0.0,394171.6,725469.99,CASH_OUT,1,0,0
695,61292.87,41306.0,102598.87,0.0,0.0,CASH_IN,1,0,0
688,246472.61,0.0,0.0,10958064.92,11204537.53,CASH_OUT,47,0,0
644,178984.11,0.0,0.0,413338.33,592322.44,CASH_OUT,6,0,0
710,131557.57,107090.0,238647.57,99608.31,0.0,CASH_IN,2,0,0
612,303179.74,0.0,0.0,1301096.82,1604276.55,TRANSFER,4,0,0
692,80323.18,106448.0,186771.18,7257.17,0.0,CASH_IN,1,0,0
687,215.37,255513.0,255297.63,0.0,0.0,PAYMENT,0,0,0
692,1889.05,0.0,0.0,0.0,0.0,PAYMENT,0,0,0
684,14403.48,0.0,0.0,0.0,0.0,PAYMENT,0,0,0
683,148430.62,79141.0,0.0,2210376.35,2358806.97,CASH_OUT,16,0,0
617,256974.76,0.0,0.0,32944274.08,33201248.84,CASH_OUT,38,0,0
694,101161.35,0.0,0.0,1185707.67,1286869.02,TRANSFER,5,0,0
690,70603.66,752174.0,822777.66,1011621.06,941017.39,CASH_IN,20,0,0
599,6589.75,11666.0,5076.25,0.0,0.0,PAYMENT,0,0,0
637,229789.83,69754.0,0.0,87165.9,316955.74,CASH_OUT,0,0,0
687,122936.21,244939.68,122003.46,913259.58,1036195.79,CASH_OUT,27,0,0
595,85510.32,0.0,0.0,1010768.91,1096279.23,TRANSFER,8,0,0
619,2885.45,33993.0,31107.55,0.0,0.0,PAYMENT,0,0,0
597,144955.04,29894.0,0.0,151856.4,296811.44,CASH_OUT,3,0,0
688,213095.84,10318.0,0.0,3543470.15,3756565.99,CASH_OUT,20,0,0
637,47161.64,0.0,0.0,206198.07,253359.71,CASH_OUT,1,0,0
619,212910.29,2587767.51,2800677.8,331529.59,118619.3,CASH_IN,2,0,0
692,207717.64,974793.98,1182511.62,681181.38,473463.74,CASH_IN,1,0,0
688,6758.64,267530.0,260771.36,0.0,0.0,PAYMENT,0,0,0
596,11848.66,303081.0,291232.34,0.0,0.0,PAYMENT,0,0,0
684,382855.1,3030.0,0.0,8167448.18,8550303.28,CASH_OUT,43,0,0
599,13729.81,0.0,0.0,0.0,0.0,PAYMENT,0,0,0
690,1736.27,11358.0,9621.73,0.0,0.0,PAYMENT,0,0,0
595,6158.74,207349.17,201190.43,0.0,0.0,PAYMENT,0,0,0
599,309958.55,0.0,0.0,1646967.21,1956925.76,TRANSFER,6,0,0
681,233453.37,608.0,0.0,984812.31,1218265.68,CASH_OUT,1,0,0
695,3215.12,83689.0,80473.88,0.0,0.0,PAYMENT,0,0,0
715,15364.27,55310.0,39945.73,0.0,0.0,PAYMENT,0,0,0
621,13537.48,160.0,0.0,2750846.55,2764384.03,CASH_OUT,28,0,0
612,65823.74,2795120.08,2860943.82,6820132.72,6754308.98,CASH_IN,23,0,0
688,45111.45,269.0,0.0,161607.77,206719.23,CASH_OUT,6,0,0
684,10616.97,60215.0,49598.03,0.0,0.0,PAYMENT,0,0,0
705,773917.87,130349.75,0.0,2323401.87,3097319.75,TRANSFER,9,0,0
599,198445.46,1612.95,0.0,552301.84,750747.29,CASH_OUT,5,0,0
649,197925.22,0.0,0.0,2070239.7,2268164.92,CASH_OUT,17,0,0
694,14578.96,0.0,0.0,0.0,0.0,PAYMENT,0,0,0
659,330641.39,0.0,0.0,524753.04,855394.43,CASH_OUT,3,0,0
695,7766.52,0.0,0.0,0.0,0.0,PAYMENT,0,0,0
705,120125.68,171.0,0.0,266330.17,386455.85,CASH_OUT,3,0,0
687,21580.28,702.0,0.0,0.0,0.0,PAYMENT,0,0,0
637,343181.73,156138.0,0.0,216828.41,560010.14,TRANSFER,6,0,0
687,34879.45,1904.0,0.0,0.0,0.0,PAYMENT,0,0,0
686,359397.78,693014.0,333616.22,112181.06,471578.83,CASH_OUT,4,0,0
684,10148.8,0.0,0.0,0.0,0.0,PAYMENT,0,0,0
596,5117.49,0.0,0.0,0.0,0.0,PAYMENT,0,0,0
688,335211.1,0.0,0.0,9500512.57,9835723.66,CASH_OUT,1,0,0
596,27409.01,0.0,0.0,0.0,0.0,PAYMENT,0,0,0
715,50790.88,5678.0,56468.88,487329.07,436538.2,CASH_IN,4,0,0
596,41053.28,21074.0,0.0,127648.99,168702.28,CASH_OUT,3,0,0
596,147858.18,31869.0,0.0,0.0,147858.18,CASH_OUT,1,0,0
661,24955.87,52095.0,27139.13,0.0,0.0,PAYMENT,0,0,0
596,108370.21,264561.59,156191.38,1724491.94,1832862.16,CASH_OUT,7,0,0
692,92829.4,483.0,0.0,208628.89,301458.3,TRANSFER,6,0,0
684,249650.94,12731.83,0.0,688189.18,937840.12,CASH_OUT,12,0,0
690,14881.46,0.0,0.0,0.0,0.0,PAYMENT,0,0,0
688,11389.41,286328.38,274938.97,0.0,0.0,PAYMENT,0,0,0
686,126725.22,30060.0,0.0,22555.4,149280.62,CASH_OUT,4,0,0
692,513273.9,20947.0,0.0,2350088.82,2863362.72,TRANSFER,17,0,0
610,119309.34,3636.0,0.0,0.0,119309.34,CASH_OUT,1,0,0
687,698841.78,0.0,0.0,2410677.99,3109519.77,TRANSFER,23,0,0
688,2581.54,0.0,0.0,67612.53,70194.07,DEBIT,1,0,0
621,147524.7,11222.0,0.0,5348325.02,5495849.72,CASH_OUT,2,0,0
681,20040.19,53114.93,33074.74,102838.76,122878.95,TRANSFER,1,0,0
619,37084.06,44550.64,7466.58,175961.04,213045.11,CASH_OUT,1,0,0
642,1080.64,0.0,0.0,0.0,0.0,PAYMENT,0,0,0
709,51087.38,19935.0,71022.38,0.0,0.0,CASH_IN,3,0,0
688,152794.58,0.0,0.0,1808880.8,1961675.38,CASH_OUT,16,0,0
664,6335.7,0.0,0.0,0.0,0.0,PAYMENT,0,0,0
687,295.85,0.0,0.0,0.0,0.0,PAYMENT,0,0,0
692,10673.82,190531.0,179857.18,27609.05,38282.86,CASH_OUT,1,0,0
596,214223.26,4579.0,0.0,342749.05,556972.31,TRANSFER,2,0,0
614,24021.33,1743.0,0.0,0.0,24021.33,CASH_OUT,1,0,0
686,233862.87,811.0,0.0,362039.56,595902.43,CASH_OUT,0,0,0
640,179190.83,2186764.83,2365955.65,194257.49,15066.67,CASH_IN,8,0,0
681,215406.74,535194.0,750600.74,0.0,0.0,CASH_IN,7,0,0
614,58947.66,1255.0,0.0,161203.91,220151.57,CASH_OUT,1,0,0
595,235722.03,4077.0,239799.03,0.0,0.0,CASH_IN,0,0,0
617,1274.23,1364.0,89.77,82136.12,83410.36,DEBIT,11,0,0
595,58044.97,52097.48,0.0,2310413.64,2368458.61,CASH_OUT,13,0,0
691,119602.2,23978.0,0.0,0.0,119602.2,TRANSFER,2,0,0
690,147144.16,145007.0,0.0,537644.77,684788.93,CASH_OUT,3,0,0
695,1431.56,304915.0,303483.44,0.0,0.0,PAYMENT,0,0,0
695,190992.89,0.0,0.0,203030.75,394023.64,TRANSFER,2,0,0
612,531125.1,231038.9,762164.0,597076.0,65950.9,CASH_IN,11,0,0
637,16301.48,31144.0,14842.52,0.0,0.0,PAYMENT,0,0,0
694,4515.9,47068.84,42552.95,0.0,0.0,PAYMENT,0,0,0
596,10200.45,99806.0,89605.55,0.0,0.0,PAYMENT,0,0,0
596,6366.98,11563.0,5196.02,0.0,0.0,PAYMENT,0,0,0
705,626.07,132168.33,131542.26,0.0,0.0,PAYMENT,0,0,0
690,43189.22,12571.0,0.0,152275.26,195464.48,TRANSFER,9,0,0
695,229872.48,0.0,0.0,2372562.11,2602434.6,TRANSFER,11,0,0
692,127951.97,78700.0,0.0,0.0,127951.97,CASH_OUT,2,0,0
612,129935.67,7919168.27,8049103.94,298429.31,168493.64,CASH_IN,2,0,0
673,1798.89,114629.0,112830.11,0.0,0.0,PAYMENT,0,0,0
686,537462.53,0.0,0.0,1787125.97,2324588.5,CASH_OUT,9,0,0
595,199351.95,1254066.29,1453418.24,380212.98,180861.03,CASH_IN,1,0,0
659,1085138.58,0.0,0.0,2436902.15,3522040.73,TRANSFER,26,0,0
694,72443.96,50950.0,0.0,0.0,72443.96,CASH_OUT,0,0,0
690,129476.17,11092.0,140568.17,821525.36,692049.18,CASH_IN,4,0,0
687,389318.44,0.0,0.0,4750864.21,5140182.65,CASH_OUT,3,0,0
688,22753.13,8135.0,0.0,0.0,0.0,PAYMENT,0,0,0
688,36350.52,637559.0,601208.48,0.0,36350.52,TRANSFER,0,0,0
692,4040.2,93055.0,89014.8,0.0,0.0,PAYMENT,0,0,0
664,39685.12,185683.45,145998.32,0.0,0.0,PAYMENT,0,0,0
614,14369.62,30696.95,16327.33,0.0,0.0,PAYMENT,0,0,0
709,43877.13,45622.0,1744.87,0.0,43877.13,CASH_OUT,10,0,0
695,126320.97,151674.0,277994.97,1123523.46,997202.49,CASH_IN,8,0,0
692,7288.74,1553.0,0.0,0.0,0.0,PAYMENT,0,0,0
688,97395.43,206648.09,109252.66,325144.8,422540.23,CASH_OUT,13,0,0
684,169602.56,11581.0,0.0,0.0,169602.56,CASH_OUT,0,0,0
717,2249.51,49573.0,47323.49,29728.51,31978.01,CASH_OUT,0,0,0
695,5291.15,41332.42,36041.26,0.0,0.0,PAYMENT,0,0,0
595,122.33,0.0,0.0,0.0,0.0,PAYMENT,0,0,0
691,102936.62,912.0,103848.62,0.0,0.0,CASH_IN,5,0,0
710,286186.86,10535.0,0.0,1333267.22,1619454.08,TRANSFER,10,0,0
692,12207.79,4764.0,0.0,0.0,0.0,PAYMENT,0,0,0
694,15877.9,187.0,0.0,0.0,0.0,PAYMENT,0,0,0
718,4373.44,39600.0,35226.56,0.0,0.0,PAYMENT,0,0,0
596,5080.57,409694.28,404613.71,0.0,0.0,PAYMENT,0,0,0
661,283608.07,462588.0,178979.93,608886.73,892494.8,TRANSFER,8,0,0
688,626.91,1529.77,902.86,0.0,0.0,PAYMENT,0,0,0
705,1939.77,0.0,0.0,0.0,0.0,PAYMENT,0,0,0
610,356041.08,3036834.72,3392875.79,879359.04,523317.96,CASH_IN,6,0,0
637,82455.36,5566769.57,5649224.92,2560607.67,2478152.31,CASH_IN,21,0,0
596,82764.98,3096.0,0.0,0.0,82764.98,CASH_OUT,0,0,0
637,544591.64,0.0,0.0,3162450.83,3707042.47,TRANSFER,14,0,0
596,306333.45,0.0,0.0,338782.08,645115.53,CASH_OUT,2,0,0
661,8380.15,79553.0,71172.85,0.0,0.0,PAYMENT,0,0,0
596,205619.23,11203.0,216822.23,1133686.98,928067.75,CASH_IN,5,0,0
617,19621.67,43779.0,24157.33,0.0,0.0,PAYMENT,0,0,0
694,9465.65,7169.0,0.0,0.0,0.0,PAYMENT,0,0,0
688,6365.51,344975.41,338609.89,0.0,0.0,PAYMENT,0,0,0
667,1042993.8,21763.0,0.0,4137028.18,5180021.98,TRANSFER,27,0,0
595,116311.73,16089.0,132400.73,0.0,0.0,CASH_IN,0,0,0
659,108124.58,35335.0,0.0,86492.57,194617.16,CASH_OUT,1,0,0
688,27949.91,3431.0,0.0,0.0,0.0,PAYMENT,0,0,0
705,282382.13,8576707.37,8859089.5,2216870.83,1934488.7,CASH_IN,33,0,0
691,330917.78,4713028.25,5043946.03,1267256.02,936338.24,CASH_IN,11,0,0
695,3543.5,82839.21,79295.71,0.0,0.0,PAYMENT,0,0,0
596,255698.91,989.0,0.0,725622.11,981321.01,CASH_OUT,17,0,0
670,113025.85,966363.78,1079389.63,3999704.63,3886678.77,CASH_IN,10,0,0
667,21537.53,0.0,0.0,0.0,0.0,PAYMENT,0,0,0
694,623762.82,0.0,0.0,3510887.0,4134649.82,TRANSFER,4,0,0
596,1988877.47,0.0,0.0,2057650.41,4046527.88,TRANSFER,9,0,0
692,40222.9,4255019.22,4295242.12,197655.72,157432.82,CASH_IN,7,0,0
692,44367.43,14532.0,0.0,0.0,0.0,PAYMENT,0,0,0
688,261673.71,0.0,0.0,814654.52,1076328.22,TRANSFER,6,0,0
661,266316.16,30084.0,0.0,896916.27,1163232.43,CASH_OUT,2,0,0
595,6320.23,0.0,0.0,0.0,0.0,PAYMENT,0,0,0
669,12249.28,0.0,0.0,0.0,0.0,PAYMENT,0,0,0
684,89981.53,11543917.53,11633899.07,139008.84,49027.3,CASH_IN,5,0,0
642,19120.97,0.0,0.0,0.0,0.0,PAYMENT,0,0,0
688,5476.81,61131.0,55654.19,0.0,0.0,PAYMENT,0,0,0
637,549121.82,0.0,0.0,2274257.34,2823379.15,TRANSFER,14,0,0
686,297046.99,27912.0,0.0,0.0,297046.99,CASH_OUT,1,0,0
617,1662.17,98544.0,96881.83,0.0,0.0,PAYMENT,0,0,0
714,339669.41,175.0,0.0,498604.68,838274.09,CASH_OUT,2,0,0
691,87855.34,159.0,88014.34,1756366.61,1668511.28,CASH_IN,17,0,0
596,20148.26,0.0,0.0,0.0,0.0,PAYMENT,0,0,0
690,6724.97,97385.37,90660.4,46450.29,53175.25,CASH_OUT,3,0,0
659,425187.02,19857.0,0.0,386349.59,811536.61,CASH_OUT,2,0,0
690,29839.17,126700.99,96861.82,899476.79,929315.96,CASH_OUT,4,0,0
694,2221.38,12339.0,10117.62,1348.53,3569.91,CASH_OUT,0,0,0
741,144945.34,144945.34,0.0,0.0,0.0,TRANSFER,0,0,1
692,9285.86,0.0,0.0,0.0,0.0,PAYMENT,0,0,0
683,162929.48,0.0,0.0,449107.95,612037.43,CASH_OUT,9,0,0
661,1257455.52,21006.0,0.0,0.0,1257455.52,TRANSFER,0,0,0
644,244483.92,0.0,0.0,405489.2,649973.11,CASH_OUT,13,0,0
687,104807.39,0.0,0.0,410654.89,515462.28,CASH_OUT,4,0,0
597,76119.21,1237984.73,1314103.94,358607.93,282488.71,CASH_IN,2,0,0
687,257706.52,0.0,0.0,372622.71,630329.23,CASH_OUT,16,0,0
640,52921.45,31011.0,83932.45,28173.9,0.0,CASH_IN,1,0,0
598,8388.59,20317.0,11928.41,0.0,0.0,PAYMENT,0,0,0
705,236469.14,0.0,0.0,357521.54,593990.68,CASH_OUT,2,0,0
687,241602.42,54295.0,0.0,1598161.41,1839763.83,CASH_OUT,11,0,0
683,238943.94,45825.0,284768.94,686327.67,447383.73,CASH_IN,3,0,0
710,38733.62,10854.0,49587.62,0.0,0.0,CASH_IN,4,0,0
596,8956.43,1731.0,0.0,0.0,0.0,PAYMENT,0,0,0
710,4390.29,163901.0,159510.71,0.0,0.0,PAYMENT,0,0,0
681,13770.69,15028.0,1257.31,0.0,0.0,PAYMENT,0,0,0
690,160982.15,1798482.87,1959465.02,510246.26,349264.12,CASH_IN,2,0,0
688,87163.74,29979.0,0.0,1678329.73,1765493.47,TRANSFER,7,0,0
656,1364.91,18524.0,17159.09,0.0,0.0,PAYMENT,0,0,0
596,259093.92,0.0,0.0,635102.57,894196.49,CASH_OUT,4,0,0
684,7537.48,164810.52,157273.05,0.0,0.0,PAYMENT,0,0,0
617,33087.79,20348.0,0.0,647043.47,680131.26,CASH_OUT,1,0,0
686,281124.01,0.0,0.0,306151.95,587275.97,TRANSFER,3,0,0
687,908.39,55309.0,54400.61,0.0,0.0,PAYMENT,0,0,0
686,23092.51,372608.06,349515.55,0.0,0.0,PAYMENT,0,0,0
664,5652739.69,5652739.69,0.0,1662631.92,7315371.62,CASH_OUT,16,0,1
681,4728.66,180580.0,175851.34,0.0,0.0,PAYMENT,0,0,0
595,95157.01,14836.0,0.0,4776920.41,4872077.42,CASH_OUT,6,0,0
688,309053.47,37070.0,346123.47,215043.36,0.0,CASH_IN,7,0,0
686,37125.33,575.0,37700.33,478887.5,441762.17,CASH_IN,1,0,0
610,36867.34,14278.0,51145.34,336878.1,300010.76,CASH_IN,4,0,0
637,8669.5,26462.12,17792.62,0.0,0.0,PAYMENT,0,0,0
692,19808.04,56276.0,36467.96,162088.88,181896.91,TRANSFER,0,0,0
608,114011.28,44443.0,0.0,1609959.67,1723970.95,CASH_OUT,0,0,0
596,390599.76,0.0,0.0,1396188.48,1786788.24,CASH_OUT,15,0,0
661,4683.41,27510.0,22826.59,0.0,0.0,PAYMENT,0,0,0
661,3850.64,0.0,0.0,0.0,0.0,PAYMENT,1,0,0
644,4438931.81,4438931.81,0.0,0.0,0.0,TRANSFER,0,0,1
596,66221.7,54430.0,0.0,152060.41,218282.11,TRANSFER,1,0,0
687,92118.44,154671.0,246789.44,0.0,0.0,CASH_IN,0,0,0
692,1897.07,8948.0,7050.93,0.0,0.0,PAYMENT,0,0,0
691,25417.26,6666911.7,6692328.96,47830.12,22412.86,CASH_IN,0,0,0
640,8755.1,7126.88,0.0,0.0,0.0,PAYMENT,0,0,0
596,238589.25,0.0,0.0,656717.83,895307.08,CASH_OUT,2,0,0
695,5762.8,15047.0,9284.2,0.0,0.0,PAYMENT,0,0,0
691,20074.59,11316.0,0.0,0.0,0.0,PAYMENT,0,0,0
619,5108.22,67143.0,62034.78,0.0,0.0,PAYMENT,0,0,0
595,396778.98,580.0,397358.98,87543.76,0.0,CASH_IN,2,0,0
694,348013.41,0.0,0.0,17426851.39,17774864.8,CASH_OUT,5,0,0
659,19898.31,2689602.82,2709501.12,19954540.04,19934641.74,CASH_IN,62,0,0
691,11677.02,0.0,0.0,0.0,0.0,PAYMENT,0,0,0
705,3022.09,50358.0,47335.91,0.0,0.0,PAYMENT,0,0,0
659,21464.83,39125.0,17660.17,1553511.23,1574976.06,CASH_OUT,4,0,0
644,201521.27,68304.0,269825.27,0.0,0.0,CASH_IN,1,0,0
686,357186.24,7149.0,364335.24,137443.9,0.0,CASH_IN,1,0,0
644,14562.87,6586.67,0.0,0.0,0.0,PAYMENT,0,0,0
692,217526.55,0.0,0.0,230904.9,448431.45,CASH_OUT,8,0,0
596,4300.06,0.0,0.0,0.0,0.0,PAYMENT,0,0,0
690,329593.35,46324.0,0.0,3032674.01,3362267.36,CASH_OUT,23,0,0
644,7079.56,10674.0,3594.44,0.0,0.0,PAYMENT,0,0,0
684,93814.44,12343.0,0.0,3789.26,97603.7,CASH_OUT,4,0,0
686,7973.75,0.0,0.0,0.0,0.0,PAYMENT,0,0,0
596,126302.6,101679.0,0.0,9136873.4,9263176.0,CASH_OUT,26,0,0
692,30127.78,2127.0,0.0,0.0,0.0,PAYMENT,0,0,0
684,1061095.32,44324.0,0.0,0.0,1061095.32,TRANSFER,0,0,0
642,8228.6,5070.0,0.0,0.0,0.0,PAYMENT,0,0,0
705,32659.8,7010619.15,7043278.94,1576861.54,1544201.74,CASH_IN,12,0,0
687,8383.78,8189.0,0.0,0.0,0.0,PAYMENT,0,0,0
692,10920.2,206758.75,195838.55,0.0,0.0,PAYMENT,0,0,0
656,157270.73,2235342.14,2392612.88,162246.01,4975.28,CASH_IN,2,0,0
709,176265.68,75156.0,0.0,47441.29,223706.96,CASH_OUT,7,0,0
637,125454.87,1240774.69,1366229.56,8488631.61,8363176.73,CASH_IN,47,0,0
692,100393.34,0.0,0.0,743770.15,844163.48,TRANSFER,4,0,0
694,11125.89,5523.0,0.0,0.0,0.0,PAYMENT,0,0,0
617,1073593.67,214222.85,0.0,6980667.0,8054260.67,TRANSFER,40,0,0
694,1419.73,4533.0,3113.27,70034.44,71454.17,DEBIT,1,0,0
694,157748.03,96798.0,0.0,0.0,157748.03,CASH_OUT,0,0,0
649,1911.99,3997.0,2085.01,0.0,0.0,PAYMENT,0,0,0
690,25238.34,0.0,0.0,700128.39,725366.73,CASH_OUT,13,0,0
705,16567.91,0.0,0.0,0.0,0.0,PAYMENT,0,0,0
644,1156.3,133974.07,132817.77,0.0,0.0,PAYMENT,0,0,0
714,280442.25,310878.0,591320.25,23163.34,0.0,CASH_IN,1,0,0
621,1658.83,115007.0,113348.17,0.0,0.0,PAYMENT,0,0,0
667,748561.54,24279.0,0.0,3483187.42,4231748.96,TRANSFER,19,0,0
596,45669.78,0.0,0.0,236049.04,281718.82,CASH_OUT,2,0,0
692,107597.44,5342060.14,5449657.58,128429.89,20832.45,CASH_IN,14,0,0
596,3917.63,0.0,0.0,0.0,0.0,PAYMENT,0,0,0
596,124880.82,22225.0,0.0,503221.87,628102.68,TRANSFER,4,0,0
595,6395.98,0.0,0.0,0.0,0.0,PAYMENT,0,0,0
595,13160.34,166893.27,153732.93,0.0,0.0,PAYMENT,0,0,0
667,222708.26,763170.36,985878.63,670260.35,447552.09,CASH_IN,3,0,0
705,632088.1,0.0,0.0,761669.37,1393757.46,TRANSFER,8,0,0
661,88656.17,2934101.4,3022757.57,292311.21,203655.04,CASH_IN,3,0,0
690,164808.67,128793.3,0.0,729133.02,893941.69,CASH_OUT,10,0,0
595,46935.41,0.0,0.0,559459.09,606394.5,CASH_OUT,2,0,0
690,43125.37,18764.0,0.0,0.0,43125.37,CASH_OUT,6,0,0
690,51445.98,46625.0,0.0,1908323.31,1959769.29,CASH_OUT,8,0,0
601,20726.51,439.12,0.0,0.0,0.0,PAYMENT,0,0,0
690,87085.04,0.0,0.0,2803094.95,2890179.99,CASH_OUT,7,0,0
690,82926.35,0.0,0.0,107702.09,190628.44,CASH_OUT,1,0,0
637,212032.45,31263.0,243295.45,0.0,0.0,CASH_IN,0,0,0
687,2141.45,0.0,0.0,0.0,0.0,PAYMENT,0,0,0
692,187323.54,30847.97,0.0,872461.3,1059784.84,TRANSFER,7,0,0
681,91949.94,90035.0,0.0,0.0,91949.94,CASH_OUT,0,0,0
617,3419.6,0.0,0.0,0.0,0.0,PAYMENT,0,0,0
687,170301.35,29114.0,0.0,2098596.72,2268898.07,CASH_OUT,21,0,0
659,178775.58,923.0,179698.58,0.0,0.0,CASH_IN,0,0,0
618,114483.78,114483.78,0.0,0.0,0.0,TRANSFER,0,0,1
684,264842.37,12482.0,0.0,877397.99,1142240.37,CASH_OUT,6,0,0
637,10749.55,8780.0,0.0,2697167.13,2707916.68,CASH_OUT,13,0,0
681,3116.79,0.0,0.0,0.0,0.0,PAYMENT,0,0,0
617,247401.04,26006.0,0.0,0.0,247401.04,CASH_OUT,0,0,0
595,112998.96,69975.0,0.0,936004.63,1049003.59,CASH_OUT,4,0,0
688,43076.5,16409.0,0.0,0.0,0.0,PAYMENT,0,0,0
664,1709.71,10118.0,8408.29,0.0,0.0,PAYMENT,0,0,0
670,160643.19,3232597.7,3393240.89,911346.84,750703.65,CASH_IN,12,0,0
661,26435.11,0.0,0.0,751770.93,778206.05,CASH_OUT,2,0,0
686,70189.04,112279.03,182468.07,223393.88,153204.85,CASH_IN,3,0,0
614,312.07,16374.08,16062.02,0.0,0.0,PAYMENT,0,0,0
644,76144.39,9406935.94,9483080.33,223676.7,147532.3,CASH_IN,3,0,0
617,31888.98,34911.0,3022.02,0.0,0.0,PAYMENT,0,0,0
595,38645.97,539833.43,501187.46,0.0,0.0,PAYMENT,0,0,0
690,341197.83,65057.0,0.0,0.0,341197.83,CASH_OUT,0,0,0
720,561027.94,561027.94,0.0,0.0,0.0,TRANSFER,0,0,1
691,262623.47,5641235.32,5903858.79,1066502.36,803878.88,CASH_IN,9,0,0
599,6969.86,29048.0,22078.14,0.0,0.0,PAYMENT,0,0,0
688,63266.36,21828.0,85094.36,2314403.19,2251136.84,CASH_IN,2,0,0
681,25801.62,4875.61,0.0,0.0,0.0,PAYMENT,0,0,0
688,86929.39,86581.0,0.0,1178996.75,1265926.14,TRANSFER,8,0,0
705,98269.67,31477.0,129746.67,4167361.48,4069091.82,CASH_IN,20,0,0
619,265128.87,0.0,265128.87,304065.62,38936.74,CASH_IN,7,0,0
640,50559.94,10814.0,61373.94,520543.28,469983.34,CASH_IN,10,0,0
687,424526.62,1062.0,0.0,75514.45,500041.08,CASH_OUT,1,0,0
695,16067.13,121680.35,105613.22,0.0,0.0,PAYMENT,0,0,0
595,208362.44,0.0,0.0,727808.65,936171.09,CASH_OUT,5,0,0
617,45026.6,3691.51,0.0,0.0,0.0,PAYMENT,0,0,0
659,26431.9,4208092.53,4234524.43,493405.22,466973.32,CASH_IN,3,0,0
692,3648.32,0.0,0.0,0.0,0.0,PAYMENT,0,0,0
637,323776.03,61239.0,0.0,769721.14,1093497.17,CASH_OUT,6,0,0
710,197479.49,964.0,0.0,11077203.84,11274683.34,CASH_OUT,11,0,0
681,18709.99,99679.31,80969.33,0.0,0.0,PAYMENT,0,0,0
596,89952.11,4019.0,93971.11,0.0,0.0,CASH_IN,0,0,0
681,41866.31,129525.11,171391.42,97011.55,55145.24,CASH_IN,7,0,0
612,7788.3,285.0,0.0,0.0,0.0,PAYMENT,0,0,0
661,437520.33,33.0,0.0,36677.65,474197.98,TRANSFER,5,0,0
692,120304.4,0.0,0.0,1369896.19,1490200.59,TRANSFER,4,0,0
687,541162.48,145461.0,686623.48,0.0,0.0,CASH_IN,0,0,0
687,122818.15,385.0,123203.15,1589931.27,1467113.11,CASH_IN,1,0,0
596,8466.64,157606.0,149139.36,0.0,0.0,PAYMENT,0,0,0
691,12685.81,83806.74,71120.94,0.0,0.0,PAYMENT,0,0,0
596,1057208.09,23826.96,0.0,1428269.17,2485477.26,TRANSFER,4,0,0
692,205115.3,29252.0,234367.3,6570320.64,6365205.35,CASH_IN,45,0,0
670,369046.9,42023.45,0.0,494947.27,863994.18,CASH_OUT,4,0,0
687,287385.26,31387.0,0.0,0.0,287385.26,CASH_OUT,0,0,0
686,4329.59,47914.97,43585.38,0.0,0.0,PAYMENT,0,0,0
684,183614.89,573059.14,389444.25,781437.97,965052.86,CASH_OUT,2,0,0
688,91639.89,20907.0,0.0,3884409.55,3976049.44,CASH_OUT,10,0,0
659,163447.88,39632.0,0.0,0.0,163447.88,CASH_OUT,0,0,0
687,68089.63,0.0,0.0,559505.78,627595.41,CASH_OUT,3,0,0
596,192441.98,61968.0,0.0,3998592.43,4191034.4,TRANSFER,16,0,0
686,138183.91,96127.0,0.0,74962.72,213146.64,CASH_OUT,0,0,0
686,19540.36,32436.85,12896.49,0.0,0.0,PAYMENT,0,0,0
614,371041.1,137615.0,508656.1,92454.06,0.0,CASH_IN,1,0,0
596,20504.9,449.0,0.0,0.0,0.0,PAYMENT,0,0,0
686,11667.86,4768.64,0.0,0.0,0.0,PAYMENT,0,0,0
692,105053.92,2142380.01,2247433.93,1219582.18,1114528.25,CASH_IN,6,0,0
597,5267.14,250604.0,245336.86,0.0,0.0,PAYMENT,0,0,0
617,40184.05,84.0,0.0,0.0,0.0,PAYMENT,0,0,0
715,364033.82,85447.0,449480.82,15226.24,0.0,CASH_IN,4,0,0
718,6031.93,98176.0,92144.07,0.0,0.0,PAYMENT,0,0,0
692,259456.78,0.0,0.0,16303068.28,16562525.06,TRANSFER,29,0,0
596,4873.22,90348.0,85474.78,0.0,0.0,PAYMENT,0,0,0
692,52038.22,261.0,0.0,0.0,52038.22,CASH_OUT,0,0,0
688,2378.97,0.0,0.0,0.0,0.0,PAYMENT,0,0,0
690,7332.02,137886.0,130553.98,0.0,0.0,PAYMENT,0,0,0
684,942539.0,0.0,0.0,2909142.41,3851681.41,TRANSFER,9,0,0
681,188330.13,1053.0,189383.13,0.0,0.0,CASH_IN,0,0,0
690,49282.76,629527.91,580245.15,0.0,0.0,PAYMENT,0,0,0
691,4654.29,73382.4,68728.11,252693.44,257347.73,CASH_OUT,2,0,0
640,79550.09,0.0,0.0,457586.18,537136.26,CASH_OUT,4,0,0
642,113541.83,4313355.48,4426897.31,154562.76,41020.93,CASH_IN,6,0,0
596,5711.26,59816.0,54104.74,0.0,0.0,PAYMENT,0,0,0
642,462302.03,106935.0,0.0,28390.51,490692.54,TRANSFER,2,0,0
688,82381.38,102762.0,185143.38,1060588.27,978206.9,CASH_IN,6,0,0
709,29610.43,39606.0,9995.57,0.0,0.0,PAYMENT,0,0,0
686,640804.87,32036.0,0.0,656943.24,1297748.11,CASH_OUT,7,0,0
599,6722.36,18611.86,11889.5,0.0,0.0,PAYMENT,0,0,0
595,70366.89,4559394.27,4629761.16,438898.79,368531.9,CASH_IN,3,0,0
595,36539.86,593557.0,557017.14,8299221.53,8335761.4,CASH_OUT,14,0,0
619,195469.26,679.0,0.0,271084.58,466553.84,CASH_OUT,0,0,0
687,9567.53,0.0,0.0,0.0,0.0,PAYMENT,0,0,0
694,20418.74,28726.0,8307.26,0.0,0.0,PAYMENT,0,0,0
687,14508.84,0.0,0.0,0.0,0.0,PAYMENT,0,0,0
661,107546.42,10466.0,0.0,670100.49,777646.92,TRANSFER,12,0,0
687,507813.01,0.0,0.0,1730526.23,2238339.24,TRANSFER,4,0,0
692,157994.46,10902972.26,11060966.71,797498.33,639503.88,CASH_IN,5,0,0
619,179832.71,4178031.3,4357864.01,394647.47,214814.76,CASH_IN,4,0,0
596,323726.98,3172451.5,3496178.48,2076400.64,1752673.67,CASH_IN,1,0,0
687,309817.41,20836.0,0.0,7518.02,317335.43,CASH_OUT,1,0,0
691,55843.76,109238.0,165081.76,317094.97,261251.21,CASH_IN,1,0,0
695,17207.01,57661.91,40454.89,0.0,0.0,PAYMENT,0,0,0
692,10050.15,11129.85,1079.7,0.0,0.0,PAYMENT,0,0,0
612,8454.87,40546.72,32091.85,0.0,0.0,PAYMENT,1,0,0
692,396641.31,0.0,0.0,1753636.94,2150278.25,TRANSFER,19,0,0
683,7535.0,0.0,0.0,0.0,0.0,PAYMENT,0,0,0
619,160509.85,47806.0,0.0,66352.47,226862.32,TRANSFER,5,0,0
694,5175876.53,5175876.53,0.0,0.0,0.0,TRANSFER,0,0,1
715,352724.22,51424.0,0.0,0.0,352724.22,TRANSFER,0,0,0
612,10270.5,0.0,0.0,0.0,0.0,PAYMENT,0,0,0
715,1952.29,10296.0,8343.71,0.0,0.0,PAYMENT,0,0,0
601,1676.76,20079.0,18402.24,0.0,0.0,PAYMENT,0,0,0
595,436745.96,59680.0,496425.96,42023.82,0.0,CASH_IN,4,0,0
688,114901.61,10564.0,125465.61,9594557.37,9479655.76,CASH_IN,4,0,0
695,137765.77,60884.0,0.0,7231726.45,7369492.22,TRANSFER,44,0,0
684,119478.19,0.0,0.0,132049.28,251527.47,CASH_OUT,1,0,0
605,1555182.41,1555182.41,0.0,0.0,0.0,TRANSFER,0,0,1
596,53967.91,0.0,0.0,0.0,0.0,PAYMENT,0,0,0
686,3164.51,5098.0,1933.49,0.0,0.0,PAYMENT,0,0,0
684,249093.48,0.0,0.0,1478642.22,1727735.7,CASH_OUT,2,0,0
694,26292.81,1004607.36,1030900.17,46601.42,20308.61,CASH_IN,1,0,0
687,1076.52,0.0,0.0,2306036.67,2307113.19,DEBIT,8,0,0
710,411536.34,21254.0,0.0,0.0,411536.34,CASH_OUT,1,0,0
687,383591.93,259177.28,0.0,2881644.28,3265236.21,TRANSFER,15,0,0
686,21766.67,99659.0,77892.33,2999342.66,3021109.33,CASH_OUT,10,0,0
596,12866.15,10544.0,0.0,0.0,0.0,PAYMENT,0,0,0
644,104072.06,19945.0,0.0,0.0,104072.06,CASH_OUT,0,0,0
683,269797.75,7938701.08,8208498.82,307838.14,38040.4,CASH_IN,2,0,0
640,379822.01,0.0,0.0,918945.11,1298767.13,TRANSFER,3,0,0
691,87914.91,0.0,0.0,622935.5,710850.42,CASH_OUT,5,0,0
661,15242.02,923.0,0.0,0.0,0.0,PAYMENT,0,0,0
686,8126.66,0.0,0.0,665865.28,673991.95,CASH_OUT,1,0,0
690,124622.09,0.0,0.0,507202.35,631824.44,CASH_OUT,3,0,0
670,8862.91,66399.74,57536.83,0.0,0.0,PAYMENT,0,0,0
596,81859.79,51608.0,0.0,2172023.15,2253882.95,TRANSFER,7,0,0
595,92906.7,6308739.62,6401646.33,591196.71,498290.01,CASH_IN,4,0,0
687,8662.28,11042.0,2379.72,0.0,0.0,PAYMENT,0,0,0
710,2779.65,796649.0,793869.35,0.0,0.0,PAYMENT,0,0,0
690,19514.84,0.0,0.0,0.0,0.0,PAYMENT,0,0,0
595,115111.63,2158567.73,2273679.36,2596045.41,2480933.79,CASH_IN,12,0,0
661,9495.92,0.0,0.0,0.0,0.0,PAYMENT,0,0,0
690,78448.07,188887.0,110438.93,0.0,78448.07,CASH_OUT,1,0,0
612,145702.45,4476075.53,4621777.98,636687.41,490984.96,CASH_IN,13,0,0
599,89940.74,1288175.04,1378115.78,294987.78,205047.04,CASH_IN,2,0,0
684,273148.02,0.0,0.0,1337463.24,1610611.27,CASH_OUT,9,0,0
686,30760.54,30414.0,0.0,9158676.36,9189436.91,CASH_OUT,22,0,0
686,6632.04,0.0,0.0,0.0,0.0,PAYMENT,0,0,0
683,14592.48,65705.0,80297.48,3026188.38,3011595.9,CASH_IN,33,0,0
644,23331.3,22458.0,0.0,36204.31,59535.61,CASH_OUT,0,0,0
686,64515.3,54662.0,0.0,494222.48,558737.78,CASH_OUT,3,0,0
595,437.2,19695.0,19257.8,0.0,0.0,PAYMENT,0,0,0
596,6462.72,10953.0,4490.28,0.0,0.0,PAYMENT,0,0,0
688,258603.63,0.0,0.0,345992.38,604596.01,CASH_OUT,3,0,0
684,84088.85,1125034.2,1209123.05,7933047.81,7848958.97,CASH_IN,40,0,0
684,762499.4,0.0,0.0,1092487.89,1854987.29,TRANSFER,16,0,0
642,71631.16,3353848.23,3425479.38,534239.86,462608.7,CASH_IN,3,0,0
686,288180.12,15036.0,0.0,484466.19,772646.31,TRANSFER,4,0,0
595,15537.6,6029.0,0.0,0.0,0.0,PAYMENT,0,0,0
690,2366.25,166472.19,164105.94,0.0,0.0,PAYMENT,0,0,0
681,459.57,0.0,0.0,0.0,0.0,PAYMENT,0,0,0
596,7348.47,0.0,0.0,0.0,0.0,PAYMENT,0,0,0
681,1121713.13,0.0,0.0,14765007.58,15886720.71,TRANSFER,22,0,0
619,4817.31,21398.0,16580.69,0.0,0.0,PAYMENT,0,0,0
673,355089.23,0.0,0.0,4814115.12,5169204.35,CASH_OUT,10,0,0
661,223258.25,10294.0,233552.25,703772.85,480514.6,CASH_IN,2,0,0
687,2334.53,30996.0,28661.47,0.0,0.0,PAYMENT,0,0,0
686,9082.17,376280.47,367198.3,0.0,0.0,PAYMENT,0,0,0
596,65611.56,1531.0,67142.56,0.0,0.0,CASH_IN,1,0,0
670,9159.48,10166.0,1006.52,0.0,0.0,PAYMENT,0,0,0
673,1530.24,188017.0,186486.76,0.0,0.0,PAYMENT,0,0,0
694,125682.45,21928.0,0.0,2216130.95,2341813.4,CASH_OUT,15,0,0
684,1550036.53,0.0,0.0,1706546.35,3256582.88,TRANSFER,18,0,0
599,376.19,417864.01,417487.82,0.0,0.0,PAYMENT,0,0,0
687,6192.76,0.0,0.0,1714470.87,1720663.63,CASH_OUT,8,0,0
595,13928.57,0.0,0.0,0.0,0.0,PAYMENT,0,0,0
690,45339.31,28958.0,74297.31,228284.19,182944.88,CASH_IN,1,0,0
688,4511.42,119033.28,114521.86,0.0,0.0,PAYMENT,0,0,0
717,4942.48,10302.0,5359.52,0.0,0.0,PAYMENT,0,0,0
596,5567.91,12668.0,7100.09,0.0,0.0,PAYMENT,0,0,0
610,6688.96,64934.0,58245.04,212880.76,219569.71,DEBIT,13,0,0
692,387319.32,0.0,0.0,667335.85,1054655.18,CASH_OUT,2,0,0
661,227470.17,200655.0,0.0,2950822.61,3178292.78,CASH_OUT,7,0,0
661,68920.56,121452.0,52531.44,3325649.78,3394570.34,CASH_OUT,30,0,0
684,5056134.96,34642.0,0.0,302295.27,5358430.23,TRANSFER,3,0,0
640,70028.37,6416397.71,6486426.08,107884.9,37856.53,CASH_IN,13,0,0
649,3343.41,12220.0,8876.59,173539.69,176883.1,DEBIT,1,0,0
691,239096.6,0.0,0.0,321299.71,560396.31,CASH_OUT,0,0,0
643,1707.4,1707.4,0.0,0.0,0.0,TRANSFER,0,0,1
598,629014.22,0.0,0.0,10754355.09,11383369.32,TRANSFER,25,0,0
637,51275.73,50412.0,0.0,380907.38,432183.11,TRANSFER,2,0,0
681,210089.71,13240.0,0.0,0.0,210089.71,CASH_OUT,0,0,0
661,2249.3,410640.93,408391.63,0.0,0.0,PAYMENT,0,0,0
670,2148.71,0.0,0.0,0.0,0.0,PAYMENT,0,0,0
710,8653.96,50395.0,41741.04,0.0,0.0,PAYMENT,0,0,0
661,69651.74,7068154.59,7137806.33,8439283.84,8369632.1,CASH_IN,40,0,0
710,321391.83,366.0,0.0,189188.96,510580.79,CASH_OUT,1,0,0
667,54482.51,0.0,0.0,152149.2,206631.71,CASH_OUT,1,0,0
690,36640.23,179839.0,143198.77,314887.82,351528.05,CASH_OUT,2,0,0
684,154889.36,98482.0,253371.36,75476.25,0.0,CASH_IN,1,0,0
690,48559.97,21242.0,0.0,237595.55,286155.53,CASH_OUT,0,0,0
664,647076.24,4015.0,0.0,402744.56,1049820.8,TRANSFER,4,0,0
664,434183.44,1094.0,435277.44,4904725.43,4470541.99,CASH_IN,26,0,0
612,247547.68,204419.04,0.0,350650.81,598198.49,CASH_OUT,3,0,0
614,8402.69,0.0,0.0,0.0,0.0,PAYMENT,0,0,0
596,16083.68,28308.8,12225.12,1172633.07,1188716.75,CASH_OUT,10,0,0
687,237864.51,179.0,238043.51,0.0,0.0,CASH_IN,0,0,0
686,669942.84,11598.0,0.0,0.0,669942.84,TRANSFER,1,0,0
694,22736.15,25510.0,2773.85,0.0,0.0,PAYMENT,0,0,0
692,2422.02,0.0,0.0,0.0,0.0,PAYMENT,0,0,0
637,21894.09,44390.0,22495.91,0.0,0.0,PAYMENT,0,0,0
688,14889.83,0.0,0.0,0.0,0.0,PAYMENT,0,0,0
595,1955.75,73948.0,71992.25,0.0,0.0,PAYMENT,0,0,0
683,345105.42,977.0,0.0,0.0,345105.42,CASH_OUT,0,0,0
597,5627.65,0.0,0.0,0.0,0.0,PAYMENT,0,0,0
691,36892.59,181731.07,218623.66,228054.36,191161.77,CASH_IN,4,0,0
688,17367.61,0.0,0.0,0.0,0.0,PAYMENT,0,0,0
659,227386.4,0.0,0.0,1688566.77,1915953.17,TRANSFER,9,0,0
692,35485.62,20973.0,0.0,0.0,0.0,PAYMENT,0,0,0
596,33809.32,7251.0,0.0,163333.93,197143.25,CASH_OUT,2,0,0
691,80408.25,0.0,0.0,7373611.65,7454019.89,TRANSFER,12,0,0
710,13907.57,419.0,0.0,0.0,0.0,PAYMENT,0,0,0
596,174364.41,0.0,0.0,914983.43,1089347.84,CASH_OUT,8,0,0
667,89104.4,4495669.38,4584773.78,398832.94,309728.54,CASH_IN,10,0,0
687,23268.53,694.0,0.0,0.0,0.0,PAYMENT,0,0,0
596,27375.79,11117.0,0.0,0.0,27375.79,CASH_OUT,0,0,0
617,87915.52,0.0,0.0,931111.29,1019026.81,CASH_OUT,10,0,0
688,408786.85,95248.0,504034.85,184427.76,0.0,CASH_IN,2,0,0
690,897889.13,0.0,0.0,1209383.68,2107272.81,TRANSFER,7,0,0
637,529703.74,186947.0,716650.74,512628.87,0.0,CASH_IN,0,0,0
597,111910.24,4254871.73,4366781.97,429167.14,317256.91,CASH_IN,12,0,0
619,170365.52,9303344.42,9473709.94,237565.86,67200.34,CASH_IN,3,0,0
691,59816.99,0.0,0.0,719580.26,779397.24,TRANSFER,6,0,0
596,7717.41,103763.37,96045.96,0.0,0.0,PAYMENT,0,0,0
692,32666.74,53294.0,20627.26,0.0,32666.74,CASH_OUT,0,0,0
686,11803.7,38888.47,27084.76,0.0,0.0,PAYMENT,0,0,0
715,191701.78,32012.0,223713.78,524237.11,332535.34,CASH_IN,20,0,0
736,3912252.81,3912252.81,0.0,0.0,0.0,TRANSFER,0,0,1
596,34796.19,118.0,0.0,5269678.78,5304474.97,TRANSFER,12,0,0
596,218314.75,93810.0,0.0,352472.38,570787.13,TRANSFER,2,0,0
670,36706.48,0.0,0.0,82225.57,118932.05,TRANSFER,0,0,0
686,20188.09,953435.0,933246.91,0.0,0.0,PAYMENT,0,0,0
661,489065.84,7428137.29,7917203.13,2773165.58,2284099.75,CASH_IN,21,0,0
621,1307.92,0.0,0.0,0.0,0.0,PAYMENT,0,0,0
596,24227.25,61353.0,85580.25,3994089.63,3969862.38,CASH_IN,24,0,0
687,60617.32,302754.0,242136.68,1113357.17,1173974.49,CASH_OUT,11,0,0
692,68802.74,0.0,0.0,579637.47,648440.21,CASH_OUT,8,0,0
661,5529.35,53152.0,47622.65,0.0,0.0,PAYMENT,0,0,0
642,10595.45,508969.7,498374.25,0.0,0.0,PAYMENT,0,0,0
687,49344.39,0.0,49344.39,130092.74,80748.35,CASH_IN,1,0,0
612,19480.97,275996.39,256515.42,0.0,0.0,PAYMENT,0,0,0
692,52458.57,21605.0,0.0,0.0,0.0,PAYMENT,0,0,0
598,201930.34,2424568.21,2626498.55,3196302.0,2994371.65,CASH_IN,30,0,0
640,6659.1,10960.0,4300.9,0.0,0.0,PAYMENT,0,0,0
686,6169.93,0.0,0.0,0.0,0.0,PAYMENT,0,0,0
597,285216.36,0.0,0.0,581696.21,866912.57,CASH_OUT,4,0,0
619,4261.26,103706.0,99444.74,0.0,0.0,PAYMENT,0,0,0
670,80154.26,30956.0,111110.26,0.0,0.0,CASH_IN,0,0,0
692,208184.73,0.0,0.0,423171.95,631356.68,CASH_OUT,13,0,0
681,807466.16,807466.16,0.0,103628.07,911094.22,CASH_OUT,4,0,1
599,14565.08,15559.0,993.92,0.0,0.0,PAYMENT,0,0,0
596,239374.97,2267953.01,2507327.98,5015014.02,4775639.05,CASH_IN,22,0,0
612,4796.67,167403.02,162606.35,0.0,0.0,PAYMENT,0,0,0
690,138627.11,175.0,138802.11,0.0,0.0,CASH_IN,0,0,0
692,15081.3,653.0,0.0,0.0,0.0,PAYMENT,0,0,0
596,66440.52,29781.0,96221.52,0.0,0.0,CASH_IN,0,0,0
664,205880.14,103961.0,0.0,144636.47,350516.61,CASH_OUT,2,0,0
691,89500.31,7534082.91,7623583.23,855297.99,765797.68,CASH_IN,19,0,0
681,909747.61,24739.0,0.0,146098.68,1055846.28,TRANSFER,5,0,0
640,276029.67,29240.0,0.0,335993.71,612023.38,CASH_OUT,5,0,0
595,125722.73,17543.0,0.0,497.37,126220.1,CASH_OUT,0,0,0
709,208248.95,90582.0,0.0,583073.93,791322.87,CASH_OUT,4,0,0
667,45292.7,0.0,45292.7,4892025.89,4846733.19,CASH_IN,32,0,0
649,604.16,21923.0,21318.84,0.0,0.0,PAYMENT,0,0,0
617,233723.6,65035.0,0.0,13939.28,247662.88,CASH_OUT,1,0,0
692,15851.13,10242.0,0.0,0.0,0.0,PAYMENT,0,0,0
661,7161.91,210.0,0.0,0.0,0.0,PAYMENT,0,0,0
661,124716.29,747789.0,872505.29,301771.03,177054.74,CASH_IN,6,0,0
621,80986.55,4142144.65,4223131.2,3558093.07,3477106.52,CASH_IN,5,0,0
687,304117.16,69579.0,0.0,5064116.62,5368233.78,CASH_OUT,31,0,0
692,2363.18,20154.0,17790.82,1000332.66,1002695.84,CASH_OUT,6,0,0
659,153495.43,0.0,0.0,1788834.13,1942329.56,CASH_OUT,16,0,0
637,206729.61,0.0,0.0,411619.97,618349.57,TRANSFER,3,0,0
637,250206.83,0.0,0.0,3224138.7,3474345.53,CASH_OUT,15,0,0
596,6124.53,51327.0,45202.47,0.0,0.0,PAYMENT,0,0,0
686,200732.08,0.0,0.0,2291570.51,2492302.59,CASH_OUT,5,0,0
695,20918.04,0.0,0.0,0.0,0.0,PAYMENT,0,0,0
661,376046.73,4929.0,0.0,62363.17,438409.91,CASH_OUT,1,0,0
694,9050.2,21832.0,12781.8,0.0,0.0,PAYMENT,0,0,0
673,22182.75,23857.8,1675.05,0.0,0.0,PAYMENT,0,0,0
691,15546.75,197.0,0.0,0.0,0.0,PAYMENT,0,0,0
667,19103.98,490951.11,471847.14,0.0,0.0,PAYMENT,0,0,0
617,161420.81,594675.0,433254.19,0.0,161420.81,CASH_OUT,0,0,0
690,8877.04,0.0,0.0,6347447.57,6356324.61,TRANSFER,9,0,0
686,5242.49,140.0,0.0,0.0,0.0,PAYMENT,0,0,0
691,351783.6,0.0,0.0,641252.49,993036.09,CASH_OUT,5,0,0
611,582725.12,582725.12,0.0,1066408.36,1649133.48,CASH_OUT,9,0,1
596,622346.98,0.0,0.0,1346735.33,1969082.3,CASH_OUT,7,0,0
596,311711.38,34510.0,0.0,499489.16,811200.53,CASH_OUT,4,0,0
597,6993.56,258089.0,251095.44,0.0,0.0,PAYMENT,0,0,0
715,32961.97,5081.0,0.0,0.0,32961.97,CASH_OUT,0,0,0
595,4673.63,79769.0,75095.37,0.0,0.0,PAYMENT,0,0,0
705,186698.28,116.0,0.0,0.0,186698.28,TRANSFER,1,0,0
596,35987.8,0.0,0.0,0.0,0.0,PAYMENT,0,0,0
595,416725.59,0.0,0.0,1220607.02,1637332.62,CASH_OUT,7,0,0
596,28013.34,15031.0,0.0,28944.87,56958.21,CASH_OUT,5,0,0
688,40200.58,139562.72,99362.14,376713.99,416914.57,CASH_OUT,7,0,0
710,131824.01,3671.0,0.0,538931.05,670755.06,CASH_OUT,16,0,0
617,76904.14,20809.0,0.0,308846.92,385751.06,CASH_OUT,6,0,0
683,225372.38,747.0,0.0,0.0,225372.38,CASH_OUT,4,0,0
705,14352.84,0.0,0.0,0.0,0.0,PAYMENT,0,0,0
694,289459.72,3304491.74,3593951.46,2301862.58,2012402.86,CASH_IN,18,0,0
687,11594.13,207226.68,195632.55,0.0,0.0,PAYMENT,0,0,0
644,199237.45,5091.0,0.0,0.0,199237.45,CASH_OUT,0,0,0
692,315771.45,82103.0,397874.45,175551.05,0.0,CASH_IN,12,0,0
664,137743.92,105765.0,0.0,552518.57,690262.48,CASH_OUT,7,0,0
597,40250.0,42744.01,2494.02,305723.37,345973.37,CASH_OUT,7,0,0
619,72713.17,50497.0,0.0,4071841.6,4144554.77,CASH_OUT,18,0,0
695,6976.34,30032.0,23055.66,0.0,0.0,PAYMENT,0,0,0
596,278947.02,0.0,0.0,1839518.99,2118466.02,CASH_OUT,4,0,0
687,239405.63,29297.0,0.0,2934226.59,3173632.21,CASH_OUT,23,0,0
612,58860.81,50332.0,0.0,6501808.64,6560669.45,CASH_OUT,21,0,0
621,41992.58,4951.0,46943.58,0.0,0.0,CASH_IN,3,0,0
692,255615.33,76913.0,0.0,0.0,255615.33,CASH_OUT,0,0,0
692,5599.53,9030.0,3430.47,0.0,0.0,PAYMENT,0,0,0
661,96208.89,25044.0,0.0,251914.97,348123.86,CASH_OUT,3,0,0
686,108049.51,10736.0,118785.51,0.0,0.0,CASH_IN,0,0,0
686,145686.78,835697.06,690010.28,760999.37,906686.15,TRANSFER,9,0,0
688,355196.08,30357.0,0.0,0.0,355196.08,CASH_OUT,1,0,0
659,270292.65,0.0,0.0,3296242.26,3566534.91,CASH_OUT,15,0,0
705,1170.37,102862.0,101691.63,0.0,0.0,PAYMENT,0,0,0
597,288.09,8062.0,7773.91,0.0,0.0,PAYMENT,0,0,0
644,393763.19,19854.0,0.0,0.0,393763.19,TRANSFER,0,0,0
716,1897921.7,1897921.7,0.0,956500.29,2854421.99,CASH_OUT,2,0,1
709,304377.45,11146.0,0.0,0.0,304377.45,CASH_OUT,2,0,0
688,9133.82,203096.0,193962.18,0.0,0.0,PAYMENT,0,0,0
612,14099.85,15519.0,1419.15,0.0,0.0,PAYMENT,0,0,0
670,11780.42,0.0,0.0,0.0,0.0,PAYMENT,0,0,0
596,110577.49,31842.0,142419.49,6352787.76,6242210.26,CASH_IN,23,0,0
695,225465.32,10636.49,0.0,2058996.67,2284461.99,CASH_OUT,7,0,0
597,45241.29,99275.0,54033.71,63415.37,108656.67,CASH_OUT,0,0,0
681,220899.1,333.0,221232.1,1672049.63,1451150.54,CASH_IN,5,0,0
710,276612.76,11582.0,288194.76,0.0,0.0,CASH_IN,5,0,0
684,806119.42,0.0,0.0,1603144.45,2409263.87,CASH_OUT,9,0,0
667,4383.22,3402.0,0.0,0.0,0.0,PAYMENT,0,0,0
597,402092.37,0.0,0.0,471942.51,874034.88,CASH_OUT,8,0,0
637,163857.07,21649.0,0.0,140912.99,304770.06,CASH_OUT,0,0,0
731,508929.61,508929.61,0.0,0.0,0.0,TRANSFER,0,0,1
640,189.04,40591.0,40401.96,0.0,0.0,PAYMENT,0,0,0
681,5303.86,11077.0,5773.14,0.0,0.0,PAYMENT,0,0,0
644,353525.37,690.0,0.0,334639.72,688165.09,CASH_OUT,1,0,0
617,15893.62,85274.0,69380.38,0.0,15893.62,CASH_OUT,2,0,0
612,180859.83,51234.0,0.0,0.0,180859.83,CASH_OUT,0,0,0
686,10319.76,60788.36,50468.6,0.0,0.0,PAYMENT,0,0,0
710,354357.14,9527.0,0.0,0.0,354357.14,CASH_OUT,1,0,0
656,13818.45,0.0,0.0,0.0,0.0,PAYMENT,0,0,0
637,21877.98,50069.0,28191.02,0.0,0.0,PAYMENT,0,0,0
659,846371.71,0.0,0.0,1938147.54,2784519.25,TRANSFER,15,0,0
695,3863.95,22937.0,19073.05,0.0,0.0,PAYMENT,0,0,0
681,64333.19,105.0,64438.19,1331445.59,1267112.39,CASH_IN,12,0,0
688,726.72,0.0,0.0,0.0,0.0,PAYMENT,0,0,0
681,430572.12,41045.0,0.0,6398863.77,6829435.89,TRANSFER,44,0,0
715,16717.27,11412.0,0.0,0.0,0.0,PAYMENT,0,0,0
656,7816.07,0.0,0.0,0.0,0.0,PAYMENT,0,0,0
595,35559.94,8713.0,0.0,299758.44,335318.38,CASH_OUT,2,0,0
595,27837.95,0.0,0.0,0.0,0.0,PAYMENT,0,0,0
705,400934.63,74625.0,0.0,77194.72,478129.35,CASH_OUT,0,0,0
596,12096.41,70585.84,58489.43,0.0,0.0,PAYMENT,0,0,0
694,74636.02,72422.0,147058.02,1673045.44,1598409.42,CASH_IN,14,0,0
637,41588.93,65466.0,23877.07,0.0,0.0,PAYMENT,0,0,0
596,83501.02,0.0,0.0,6331858.61,6415359.64,CASH_OUT,22,0,0
670,7450.95,45652.0,38201.05,8127798.78,8135249.72,CASH_OUT,6,0,0
684,251298.09,965604.12,1216902.21,3048057.71,2796759.62,CASH_IN,20,0,0
659,178882.74,0.0,0.0,1247028.27,1425911.01,TRANSFER,1,0,0
684,283232.47,7791.0,0.0,0.0,283232.47,CASH_OUT,3,0,0
690,433720.15,0.0,0.0,1453621.47,1887341.61,TRANSFER,12,0,0
687,26265.69,604.0,0.0,0.0,0.0,PAYMENT,0,0,0
617,177526.86,149108.0,0.0,654435.02,831961.88,CASH_OUT,5,0,0
608,163961.29,100805.0,0.0,4075465.28,4239426.57,CASH_OUT,22,0,0
691,316881.91,1100098.79,1416980.7,1705372.45,1388490.54,CASH_IN,11,0,0
717,11230.81,10636.0,0.0,0.0,0.0,PAYMENT,0,0,0
659,16826.19,21039.0,4212.81,0.0,0.0,PAYMENT,0,0,0
687,7150.07,0.0,0.0,0.0,0.0,PAYMENT,0,0,0
661,89327.0,0.0,0.0,9484104.27,9573431.27,CASH_OUT,20,0,0
642,2251.37,0.0,0.0,0.0,0.0,PAYMENT,0,0,0
637,153689.57,6263581.22,6417270.78,5569613.4,5415923.84,CASH_IN,11,0,0
683,86499.55,3048.0,0.0,0.0,86499.55,CASH_OUT,1,0,0
621,136996.72,10404.0,147400.72,863750.23,726753.51,CASH_IN,11,0,0
612,7298.64,491.0,0.0,0.0,0.0,PAYMENT,0,0,0
664,331520.01,128924.0,460444.01,0.0,0.0,CASH_IN,6,0,0
619,1379.39,400499.0,399119.61,0.0,0.0,PAYMENT,0,0,0
688,184972.05,49818.0,234790.05,947647.15,762675.1,CASH_IN,7,0,0
619,110477.19,5289396.14,5399873.33,946985.73,836508.54,CASH_IN,10,0,0
667,68207.42,9292.0,0.0,1616725.25,1684932.67,CASH_OUT,8,0,0
692,140367.33,156.0,140523.33,115440.88,0.0,CASH_IN,1,0,0
673,601086.76,114484.0,0.0,0.0,601086.76,TRANSFER,0,0,0
637,101646.77,21923.0,123569.77,0.0,0.0,CASH_IN,9,0,0
597,94843.54,153584.0,248427.54,303757.25,208913.71,CASH_IN,1,0,0
718,6416.5,360.0,0.0,0.0,0.0,PAYMENT,0,0,0
661,8580.74,116.0,0.0,0.0,8580.74,TRANSFER,0,0,0
597,921324.24,0.0,0.0,4451685.91,5373010.15,TRANSFER,24,0,0
688,119067.83,103929.0,0.0,9682644.07,9801711.9,CASH_OUT,26,0,0
595,140010.46,0.0,0.0,5324610.28,5464620.74,TRANSFER,30,0,0
659,117165.18,0.0,0.0,477573.52,594738.7,CASH_OUT,9,0,0
596,176604.8,4354699.65,4531304.45,6058246.23,5946797.47,CASH_IN,5,0,0
709,28945.87,87805.0,58859.13,0.0,0.0,PAYMENT,0,0,0
718,4518.64,937.0,0.0,0.0,0.0,PAYMENT,0,0,0
687,85084.6,59510.0,144594.6,3067102.07,2982017.47,CASH_IN,18,0,0
596,2401.83,0.0,0.0,0.0,0.0,PAYMENT,0,0,0
710,24747.31,18451.0,0.0,0.0,0.0,PAYMENT,0,0,0
686,353385.47,435.0,0.0,6424.88,359810.35,CASH_OUT,13,0,0
596,2616.74,25319.8,22703.06,0.0,0.0,PAYMENT,0,0,0
687,4187.83,0.0,0.0,0.0,0.0,PAYMENT,0,0,0
687,161520.7,1186.0,0.0,1252595.46,1414116.16,CASH_OUT,3,0,0
608,7646.97,0.0,0.0,0.0,0.0,PAYMENT,0,0,0
691,217483.49,20404.0,237887.49,0.0,0.0,CASH_IN,0,0,0
695,117969.08,1043.0,0.0,0.0,117969.08,CASH_OUT,1,0,0
715,286376.13,70743.0,0.0,705370.11,991746.24,CASH_OUT,13,0,0
612,195454.2,318.0,0.0,0.0,195454.2,CASH_OUT,0,0,0
691,536416.22,971178.87,434762.65,3293859.7,3830275.92,TRANSFER,28,0,0
691,328286.24,254963.0,0.0,1331294.71,1659580.95,CASH_OUT,9,0,0
710,630716.86,51128.0,0.0,1809379.19,2440096.05,CASH_OUT,21,0,0
659,134486.15,10623282.84,10757768.99,288488.16,154002.01,CASH_IN,1,0,0
690,7196.16,0.0,0.0,1622451.18,1629647.33,CASH_OUT,14,0,0
690,218950.86,0.0,0.0,704725.79,923676.65,CASH_OUT,5,0,0
659,1491.6,109.0,0.0,0.0,0.0,PAYMENT,0,0,0
695,901.23,794.0,0.0,0.0,0.0,PAYMENT,0,0,0
690,15867.91,312630.0,296762.09,0.0,0.0,PAYMENT,0,0,0
595,355445.36,20785.0,376230.36,2667979.11,2312533.75,CASH_IN,23,0,0
687,13765.62,0.0,0.0,0.0,0.0,PAYMENT,0,0,0
688,446024.3,2738250.85,3184275.15,3497768.19,3051743.89,CASH_IN,5,0,0
597,35124.88,5015015.79,5050140.67,504278.22,469153.34,CASH_IN,2,0,0
617,11502.88,0.0,0.0,0.0,0.0,PAYMENT,0,0,0
644,87043.84,0.0,0.0,372484.01,459527.85,CASH_OUT,1,0,0
681,1199.57,39603.36,38403.79,0.0,0.0,PAYMENT,0,0,0
688,12558.29,284148.0,271589.71,71951.71,84510.0,CASH_OUT,0,0,0
612,479598.68,0.0,0.0,2217223.4,2696822.09,TRANSFER,3,0,0
599,5979.09,430.0,0.0,0.0,0.0,PAYMENT,0,0,0
595,119953.52,360.0,0.0,374826.14,494779.66,CASH_OUT,2,0,0
595,86000.51,69875.0,155875.51,560222.78,474222.28,CASH_IN,4,0,0
705,230775.28,1585959.82,1816735.1,386926.88,156151.6,CASH_IN,5,0,0
718,6135.11,34884.0,28748.89,0.0,0.0,PAYMENT,0,0,0
667,3022.02,0.0,0.0,0.0,0.0,PAYMENT,0,0,0
688,77135.65,1537970.73,1615106.38,1711922.38,1634786.73,CASH_IN,12,0,0
715,331054.88,31517.0,0.0,0.0,331054.88,CASH_OUT,1,0,0
684,81292.73,2253903.52,2335196.25,440394.5,359101.77,CASH_IN,4,0,0
681,106642.45,106131.0,0.0,211425.33,318067.77,CASH_OUT,3,0,0
661,480.7,109616.0,109135.3,0.0,0.0,PAYMENT,0,0,0
690,132176.74,113.0,0.0,464988.53,597165.27,CASH_OUT,5,0,0
608,79983.48,51907.0,131890.48,0.0,0.0,CASH_IN,1,0,0
661,2298.99,188.0,2486.99,0.0,0.0,CASH_IN,0,0,0
642,218396.15,0.0,0.0,1999809.36,2218205.5,CASH_OUT,12,0,0
687,994.67,0.0,0.0,0.0,0.0,PAYMENT,0,0,0
695,35626.23,3001913.51,3037539.73,1213097.25,1177471.03,CASH_IN,6,0,0
637,578205.96,9851.0,0.0,32671.89,610877.85,CASH_OUT,5,0,0
686,306600.59,111585.0,418185.59,0.0,0.0,CASH_IN,9,0,0
601,6414.87,0.0,0.0,0.0,0.0,PAYMENT,0,0,0
709,28144.89,260091.0,231946.11,0.0,0.0,PAYMENT,0,0,0
687,129661.46,767.0,130428.46,3380340.77,3250679.31,CASH_IN,32,0,0
684,461881.21,0.0,0.0,7257793.6,7719674.81,TRANSFER,51,0,0
595,9805.42,22015.0,12209.58,0.0,0.0,PAYMENT,0,0,0
621,870482.36,0.0,0.0,29116504.51,29986986.87,TRANSFER,12,0,0
684,28476.69,11397.0,0.0,0.0,0.0,PAYMENT,0,0,0
640,6703.32,0.0,0.0,0.0,0.0,PAYMENT,0,0,0
684,15437.78,3485.35,0.0,499435.76,514873.54,CASH_OUT,6,0,0
612,2022.21,0.0,0.0,0.0,0.0,PAYMENT,0,0,0
714,388650.05,888.0,0.0,12515.3,401165.35,CASH_OUT,2,0,0
619,1028721.61,11126.0,0.0,468384.24,1497105.86,TRANSFER,8,0,0
670,40950.27,4118474.61,4159424.87,101075.1,60124.84,CASH_IN,2,0,0
692,4229.15,15359.0,11129.85,0.0,0.0,PAYMENT,0,0,0
659,177055.04,0.0,0.0,804904.45,981959.49,CASH_OUT,10,0,0
617,35211.59,122967.0,87755.41,0.0,35211.59,CASH_OUT,0,0,0
617,10457.1,35691.0,25233.9,0.0,0.0,PAYMENT,0,0,0
694,14170.12,45870.0,31699.88,0.0,0.0,PAYMENT,0,0,0
690,5880.84,30378.0,24497.16,0.0,0.0,PAYMENT,0,0,0
694,130160.32,0.0,0.0,912504.42,1042664.75,TRANSFER,7,0,0
710,52637.47,42016.0,0.0,0.0,0.0,PAYMENT,0,0,0
690,11781.4,0.0,0.0,0.0,0.0,PAYMENT,0,0,0
705,223546.04,21220.0,0.0,2029747.78,2253293.82,CASH_OUT,9,0,0
681,15285.72,4042.0,0.0,0.0,0.0,PAYMENT,0,0,0
596,245236.58,9627.37,254863.95,497617.11,252380.54,CASH_IN,7,0,0
692,156607.06,726.0,157333.06,205474.45,48867.39,CASH_IN,0,0,0
640,69750.51,20568.0,90318.51,0.0,0.0,CASH_IN,0,0,0
595,176919.67,196216.0,373135.67,260878.67,83959.0,CASH_IN,1,0,0
705,372798.54,6207856.97,6580655.5,581538.72,208740.18,CASH_IN,3,0,0
692,134180.6,0.0,0.0,4179201.35,4313381.95,CASH_OUT,22,0,0
614,622047.61,0.0,0.0,17017039.97,17639087.58,TRANSFER,2,0,0
681,13535.79,0.0,0.0,0.0,0.0,PAYMENT,0,0,0
684,181178.55,0.0,0.0,967353.45,1148532.0,CASH_OUT,5,0,0
670,178705.11,2458447.7,2637152.81,540295.78,361590.67,CASH_IN,5,0,0
595,5085.76,0.0,0.0,0.0,0.0,PAYMENT,0,0,0
695,8528.69,369110.0,360581.31,0.0,0.0,PAYMENT,0,0,0
617,2517.79,0.0,0.0,0.0,0.0,PAYMENT,0,0,0
710,68370.54,64978.0,133348.54,0.0,0.0,CASH_IN,1,0,0
612,23449.31,1913.0,0.0,82505.54,105954.86,CASH_OUT,0,0,0
597,75900.69,30240.0,106140.69,25213.84,0.0,CASH_IN,0,0,0
715,88689.08,72519.0,161208.08,66148.23,0.0,CASH_IN,2,0,0
610,12486.26,9891970.11,9904456.37,211470.05,198983.79,CASH_IN,1,0,0
681,173243.05,59727.0,0.0,186948.78,360191.82,CASH_OUT,1,0,0
644,1140221.6,0.0,0.0,1661385.43,2801607.03,TRANSFER,17,0,0
687,199996.65,11624.0,211620.65,512450.32,312453.68,CASH_IN,9,0,0
687,70879.55,99253.0,28373.45,0.0,70879.55,CASH_OUT,0,0,0
710,223666.96,48679.0,0.0,337770.94,561437.9,CASH_OUT,5,0,0
684,87401.13,5848409.37,5935810.5,1476656.05,1389254.92,CASH_IN,23,0,0
596,9236.76,51302.0,42065.24,0.0,0.0,PAYMENT,0,0,0
608,36927.21,14684.0,0.0,0.0,36927.21,CASH_OUT,0,0,0
619,106134.55,39984.0,0.0,144594.42,250728.97,CASH_OUT,1,0,0
595,17066.55,60886.0,77952.55,65596.69,48530.14,CASH_IN,4,0,0
614,7291.63,0.0,0.0,0.0,0.0,PAYMENT,0,0,0
614,101740.47,20229.0,0.0,416405.49,518145.97,CASH_OUT,4,0,0
644,4619.08,0.0,0.0,0.0,0.0,PAYMENT,0,0,0
691,51160.51,0.0,0.0,145312.19,196472.7,CASH_OUT,1,0,0
661,15719.71,0.0,0.0,0.0,0.0,PAYMENT,0,0,0
681,10644.06,0.0,0.0,0.0,0.0,PAYMENT,0,0,0
670,6831.83,0.0,0.0,0.0,0.0,PAYMENT,0,0,0
684,70575.2,9339.0,0.0,587336.52,657911.72,CASH_OUT,1,0,0
684,133526.14,18848.0,0.0,5107350.61,5240876.75,CASH_OUT,3,0,0
617,11941912.65,0.0,0.0,13853248.48,25795161.13,TRANSFER,42,0,0
619,207766.75,2106401.7,2314168.45,264520.19,56753.44,CASH_IN,4,0,0
691,243561.95,0.0,0.0,653929.82,897491.77,CASH_OUT,18,0,0
617,43841.16,8164525.49,8208366.65,96304.97,52463.8,CASH_IN,2,0,0
619,272809.12,35432.59,0.0,340198.89,613008.01,CASH_OUT,3,0,0
695,147323.56,89036.24,236359.8,1934538.63,1787215.07,CASH_IN,12,0,0
597,244631.31,5002.0,0.0,45778.09,290409.4,CASH_OUT,4,0,0
617,36841.64,19114.0,0.0,0.0,0.0,PAYMENT,0,0,0
709,273426.18,20439.0,293865.18,0.0,0.0,CASH_IN,0,0,0
710,361377.76,26040.0,0.0,131476.26,492854.02,CASH_OUT,3,0,0
612,89936.91,51909.0,0.0,0.0,89936.91,CASH_OUT,0,0,0
695,27893.58,0.0,0.0,1792050.01,1819943.59,CASH_OUT,12,0,0
695,36474.42,3209610.9,3246085.33,1264132.8,1227658.37,CASH_IN,9,0,0
688,158891.45,0.0,0.0,1657000.05,1815891.5,CASH_OUT,8,0,0
664,297281.22,37252.0,0.0,1749147.36,2046428.58,CASH_OUT,12,0,0
596,113726.68,29716.0,143442.68,7259843.46,7146116.77,CASH_IN,1,0,0
640,2192.23,10924.0,8731.77,0.0,0.0,PAYMENT,0,0,0
661,4630.26,59442.0,54811.74,0.0,0.0,PAYMENT,0,0,0
664,25965.64,0.0,0.0,0.0,0.0,PAYMENT,0,0,0
617,3092451.77,0.0,0.0,4404191.85,7496643.62,TRANSFER,13,0,0
669,127655.05,4173833.49,4301488.54,171104.41,43449.36,CASH_IN,2,0,0
659,229437.55,0.0,0.0,2420725.59,2650163.14,TRANSFER,26,0,0
690,1573.79,226855.0,225281.21,0.0,0.0,PAYMENT,0,0,0
642,19434.66,0.0,0.0,393789.12,413223.78,CASH_OUT,5,0,0
640,3149.55,146268.79,143119.25,0.0,0.0,PAYMENT,0,0,0
661,4117.17,205067.0,200949.83,0.0,0.0,PAYMENT,0,0,0
687,236966.11,5393.0,0.0,52265.64,289231.75,CASH_OUT,4,0,0
690,43285.63,69402.0,26116.37,0.0,43285.63,CASH_OUT,0,0,0
617,58799.93,1882347.52,1941147.45,918422.31,859622.38,CASH_IN,8,0,0
595,5850.89,115691.0,109840.11,0.0,0.0,PAYMENT,0,0,0
644,60800.57,19895.0,80695.57,0.0,0.0,CASH_IN,0,0,0
687,15239.47,6268.0,0.0,0.0,0.0,PAYMENT,0,0,0
661,4581.39,150533.87,145952.48,0.0,0.0,PAYMENT,0,0,0
692,121040.61,11474.0,0.0,82904.44,203945.06,CASH_OUT,1,0,0
596,200943.8,0.0,0.0,1999824.68,2200768.48,TRANSFER,4,0,0
640,119428.95,0.0,0.0,908512.56,1027941.51,CASH_OUT,4,0,0
690,494859.49,14072.0,0.0,485591.05,980450.55,CASH_OUT,3,0,0
595,5349.9,0.0,0.0,0.0,0.0,PAYMENT,0,0,0
681,16589.55,20301.0,3711.45,0.0,0.0,PAYMENT,0,0,0
705,5909.34,7254.62,1345.28,0.0,0.0,PAYMENT,0,0,0
688,125503.45,0.0,0.0,288368.21,413871.66,CASH_OUT,2,0,0
709,155904.56,68993.0,0.0,280602.98,436507.54,CASH_OUT,2,0,0
597,68009.57,7258043.9,7326053.47,5919335.21,5851325.64,CASH_IN,8,0,0
690,225022.42,1067618.66,1292641.08,276024.88,51002.46,CASH_IN,2,0,0
695,61.88,34095.73,34033.85,0.0,0.0,PAYMENT,0,0,0
705,20773.62,0.0,0.0,0.0,0.0,PAYMENT,0,0,0
642,9480.1,0.0,0.0,0.0,0.0,PAYMENT,0,0,0
692,323581.03,20309.0,0.0,922368.15,1245949.18,CASH_OUT,6,0,0
596,163611.89,5607781.5,5771393.39,2519107.82,2355495.93,CASH_IN,30,0,0
619,72000.19,371361.0,299360.81,992148.87,1064149.06,CASH_OUT,2,0,0
644,927.05,80604.0,79676.95,0.0,0.0,PAYMENT,0,0,0
684,194382.81,29543.0,0.0,0.0,194382.81,CASH_OUT,0,0,0
596,184259.08,9970.0,0.0,0.0,184259.08,CASH_OUT,0,0,0
599,86731.13,21407.0,0.0,48224.94,134956.07,TRANSFER,1,0,0
687,4574.5,0.0,0.0,0.0,0.0,PAYMENT,0,0,0
619,162704.48,0.0,0.0,379105.29,841903.73,CASH_OUT,1,0,0
691,164947.6,11161.0,176108.6,0.0,0.0,CASH_IN,0,0,0
595,482008.16,0.0,0.0,596012.93,1078021.09,TRANSFER,3,0,0
